ลำดับ,วันที่,เวลาเริ่ม,เวลาสิ้นสุด,ระยะเวลาดับ_นาที,สถานที่,รหัสอุปกรณ์,จำนวนผชฟ_กระทบ,สภาพอากาศ,สาเหตุ,ช่องทางการแจ้ง,เวลารับแจ้ง,เวลาออกปฏิบัติงาน,เวลาเสร็จงาน,เวลาแก้ไข_นาที,ผู้ปฏิบัติงาน,ยานพาหนะ,อุปกรณ์_รายการ,อุปกรณ์_จำนวน,หมายเหตุ,date_iso
1,1 ม.ค. 2569,14:40,15:41,61,กฟจ.นครพนม (L),NNA01VF-017,209,อากาศปกติ,สัตว์-กระรอก/กระแต/หนู,ศจฟ,14:40,14:41,15:59,78,1. กิติศักดิ์ หาราช  | 2. ประจล ศรีสุราช  | 3. พงษ์สนิจ ศรีวิชัย,รถ : 3ฒภ 2576 กทม (นพ 01),FUSE LINK 22 KV. 10 A.EEI-NEMA TYPE K,2,,2026-01-01
2,1 ม.ค. 2569,18:49,19:17,27,กฟส.นาหว้า (XS),6500221498,1,อากาศปกติ,สัตว์-กระรอก/กระแต/หนู,ศจฟ,18:49,18:50,19:19,29,1. อัมรินทร์ วะราวัง,รถ : นาหว้า 02,"CONN.,PG,DOUBLE BOLT,AL 16-70 SQ.MM.",2,,2026-01-01
3,2 ม.ค. 2569,07:21,07:49,27,กฟส.ท่าอุเทน (XS),NNA01VF-231,1,อากาศชื้น / หมอก,สัตว์-กระรอก/กระแต/หนู,ศจฟ,07:21,07:22,07:57,35,1. อนุสรณ์ ทองประสม,รถ : รถแก้ไฟท่าอุเทน,FUSE LINK 22 KV. 15 A.EEI-NEMA TYPE K,1,,2026-01-02
4,2 ม.ค. 2569,07:41,12:03,262,กฟส.ศรีสงคราม (XS),52-007090,45,อากาศปกติ,อุปกรณ์-ชำรุด,ศจฟ,07:41,07:00,08:30,90,1. วุฒิชัย เหมเมือง,รถ : ศรีสงคราม 01,"CABLE,AL,750 V,50 SQ.MM. TIS.293",3,,2026-01-02
5,2 ม.ค. 2569,08:05,11:37,212,กฟส.นาแก (S),SOA08VF-506,211,อากาศปกติ,อุปกรณ์-ชำรุด,ศจฟ,08:05,11:33,11:39,6,1. พิษณุ คำคนซื่อ  | 2. วรพันธุ์ ตันสมรส,รถ : นก-03,FUSE HOLDER 22 KV. 100 A. 12 KA.,1,,2026-01-02
6,2 ม.ค. 2569,09:27,09:30,3,กฟส.บ้านแพง (S),SEK04F-55-1,100,อากาศปกติ,สัตว์-นก/ค้างคาว,ศจฟ,09:27,08:30,09:10,40,1. รชานนท์ โมธรรม,รถ : กระเช้าบ้านแพง,FUSE LINK 22 KV. 15 A.EEI-NEMA TYPE K,2,,2026-01-02
7,2 ม.ค. 2569,12:11,12:32,20,กฟส.นาหว้า (XS),SSK04VF-102,11,อากาศปกติ,สัตว์-นก/ค้างคาว,ศจฟ,12:11,12:12,12:35,23,1. อัมรินทร์ วะราวัง,รถ : นาหว้า 02,FUSE HOLDER 22 KV. 100 A. 12 KA.,1,,2026-01-02
8,2 ม.ค. 2569,14:14,15:27,73,กฟส.นาหว้า (XS),36-008184,264,อากาศปกติ,สัตว์-นก/ค้างคาว,ศจฟ,14:14,14:15,15:28,73,1. อัมรินทร์ วะราวัง,รถ : นาหว้า 02,FUSE HOLDER 22 KV. 100 A. 12 KA.,1,,2026-01-02
9,2 ม.ค. 2569,17:55,18:30,35,กฟจ.นครพนม (L),NNA07F-30,9,อากาศปกติ,สัตว์-นก/ค้างคาว,ศจฟ,17:55,18:09,18:58,49,1. กิติศักดิ์ หาราช  | 2. ชัยยา มาตขาว,รถ : 3ฒภ 2576 กทม (นพ 01),FUSE LINK 22 KV. 10 A.EEI-NEMA TYPE K,2,,2026-01-02
10,2 ม.ค. 2569,18:30,19:10,40,กฟจ.นครพนม (L),NNB02VF-002,82,อากาศปกติ,สัตว์-นก/ค้างคาว,ศจฟ,18:30,18:43,19:22,40,1. กิติศักดิ์ หาราช  | 2. ชัยยา มาตขาว,รถ : 3ฒภ 2576 กทม (นพ 01),FUSE LINK 22 KV. 40 A.EEI-NEMA TYPE K,1,,2026-01-02
11,3 ม.ค. 2569,07:56,08:21,24,กฟส.นาหว้า (XS),SSK06F-35-3,41,อากาศชื้น / หมอก,ต้นไม้-กิ่งไม้หักพาดสาย,ศจฟ,07:56,08:05,08:30,25,1. สุรธรรม แพงเหนือ,รถ : นาหว้า 02,FUSE LINK 22 KV. 10 A.EEI-NEMA TYPE K,2,,2026-01-03
12,3 ม.ค. 2569,09:50,10:25,35,กฟส.บ้านแพง (S),SSK08F-69,1116,ลมแรง,ต้นไม้-กิ่งไม้หักพาดสาย,ศจฟ,09:50,09:55,10:28,33,1. จตุรภุช สะท้านอิทธิฤทธิ์,รถ : กระเช้าบ้านแพง,FUSE LINK 22 KV. 15 A.EEI-NEMA TYPE K,2,,2026-01-03
13,3 ม.ค. 2569,11:37,11:58,20,กฟส.ท่าอุเทน (XS),SSK02VF-232,37,ลมแรง,ต้นไม้-กิ่งไม้หักพาดสาย,ศจฟ,11:37,10:30,12:00,90,1. อภิรักษ์ สาตะรักษ์,รถ : รถแก้ไฟท่าอุเทน,FUSE LINK 22 KV. 10 A.EEI-NEMA TYPE K,1,,2026-01-03
14,3 ม.ค. 2569,13:23,13:29,6,กฟส.ท่าอุเทน (XS),30348130,1,อากาศปกติ,ต้นไม้-กิ่งไม้หักพาดสาย,ศจฟ,13:23,13:02,14:06,64,1. อภิรักษ์ สาตะรักษ์,รถ : รถแก้ไฟท่าอุเทน,,,,2026-01-03
15,3 ม.ค. 2569,16:04,16:34,29,กฟส.ท่าอุเทน (XS),21855976,1,ลมแรง,ต้นไม้-กิ่งไม้หักพาดสาย,ศจฟ,16:04,16:05,16:36,31,1. อภิรักษ์ สาตะรักษ์,รถ : รถแก้ไฟท่าอุเทน,"CABLE,CU,PVC,INS.&JAC. 600V, 2X10 SQ.MM.",7,,2026-01-03
16,3 ม.ค. 2569,18:45,20:38,113,กฟส.เรณูนคร (XS),64-021612,48,ลมแรง,ต้นไม้-กิ่งไม้หักพาดสาย,ศจฟ,18:45,18:46,20:44,118,1. สันติ จันทโคตร,รถ : ผอ2572ขอนแก่น,,,,2026-01-03
17,3 ม.ค. 2569,19:09,20:20,70,กฟส.โพนสวรรค์ (XS),5700405281,1,ลมแรง,อุปกรณ์-ติดตั้งไม่ได้มาตรฐาน,ศจฟ,19:09,19:11,20:52,101,1. วรัญญู สังรวมใจ,รถ : โพนสวรรค์-02,"CABLE,CU,PVC,INS.&JAC. 600V, 2X10 SQ.MM.",7,,2026-01-03
18,3 ม.ค. 2569,20:00,21:53,113,กฟส.ปลาปาก (XS),45-009802,29,ลมแรง,ต้นไม้-ต้นไม้ล้มทับสาย,ศจฟ,20:00,20:02,21:37,95,1. ราชันย์ กุลสุทธิ์,รถ : รถแก้ไฟปลาปาก 01,"CABLE,AL,750 V,50 SQ.MM. TIS.293",4,,2026-01-03
19,3 ม.ค. 2569,20:47,21:45,58,กฟส.เรณูนคร (XS),5700696144,1,อากาศปกติ,ต้นไม้-ต้นไม้ล้มทับสาย,ศจฟ,20:47,20:59,21:50,51,1. สันติ จันทโคตร,รถ : ผอ2572ขอนแก่น,,,,2026-01-03
20,3 ม.ค. 2569,22:03,23:16,73,กฟส.โพนสวรรค์ (XS),6100092343,1,ลมแรง,อุปกรณ์-ติดตั้งไม่ได้มาตรฐาน,ศจฟ,22:03,22:05,23:46,101,1. วรัญญู สังรวมใจ,รถ : โพนสวรรค์-02,"CABLE,CU,PVC,INS.&JAC. 600V, 2X10 SQ.MM.",7,,2026-01-03
21,4 ม.ค. 2569,07:30,06:30,0,กฟส.บ้านแพง (S),SSK08F-59,746,อากาศชื้น / หมอก,วัสดุแปลกปลอม-ว่าว/โคมลอย/ลูกโป่ง/บั้งไฟ,ศจฟ,07:30,06:00,07:00,60,1. ชินดนัย คงชะสิงห์  | 2. ปิยะณัฐ พลเหี้ยมหาญ,รถ : กระเช้าบ้านแพง,FUSE LINK 22 KV. 30 A.EEI-NEMA TYPE K,3,,2026-01-04
22,4 ม.ค. 2569,07:30,08:31,61,กฟส.ท่าอุเทน (XS),SSK02VF-203,1,อากาศชื้น / หมอก,วัสดุแปลกปลอม-ว่าว/โคมลอย/ลูกโป่ง/บั้งไฟ,ศจฟ,07:30,06:10,08:33,143,1. วีระพงษ์ วงตรี  | 2. อภิรักษ์ สาตะรักษ์,รถ : รถแก้ไฟท่าอุเทน,FUSE LINK 22 KV. 15 A.EEI-NEMA TYPE K,1,,2026-01-04
23,4 ม.ค. 2569,13:46,14:31,45,กฟส.โพนสวรรค์ (XS),6100298343,1,อากาศปกติ,อุปกรณ์-ชำรุด,ศจฟ,13:46,13:47,14:47,60,1. ทรงกลด มาศศรี,รถ : โพนสวรรค์-02,"CABLE,CU,PVC,INS.&JAC. 600V, 2X10 SQ.MM.",7,,2026-01-04
24,4 ม.ค. 2569,14:06,15:05,58,กฟส.เรณูนคร (XS),THA06F-53,657,อากาศปกติ,อุปกรณ์-ชำรุด,ศจฟ,14:06,14:07,15:12,65,1. พงศวัชร์ ธัญภัทร์อนันต์,รถ : ผอ2572ขอนแก่น,FUSE LINK 22 KV. 20 A.EEI-NEMA TYPE K,1,,2026-01-04
25,4 ม.ค. 2569,14:54,15:31,36,กฟส.โพนสวรรค์ (XS),26974459,1,อากาศปกติ,อุปกรณ์-ชำรุด,ศจฟ,14:54,14:55,15:40,45,1. ทรงกลด มาศศรี,รถ : โพนสวรรค์-02,"CABLE,CU,PVC,INS.&JAC. 600V, 2X10 SQ.MM.",7,,2026-01-04
26,4 ม.ค. 2569,15:42,16:24,42,กฟส.โพนสวรรค์ (XS),6000123651,1,อากาศปกติ,อุปกรณ์-ชำรุด,ศจฟ,15:42,15:44,16:39,56,1. ทรงกลด มาศศรี,รถ : โพนสวรรค์-02,"CABLE,CU,PVC,INS.&JAC. 600V, 2X10 SQ.MM.",7,,2026-01-04
27,4 ม.ค. 2569,17:30,18:30,60,กฟส.โพนสวรรค์ (XS),SSS01F-12142,4,อากาศปกติ,สัตว์-กระรอก/กระแต/หนู,ศจฟ,17:30,17:43,18:55,72,1. วสุธา หล้าพรหม,รถ : โพนสวรรค์-02,FUSE LINK 22 KV. 5-6 A.EEI-NEMA TYPE K,1,,2026-01-04
28,5 ม.ค. 2569,08:27,08:28,1,กฟส.ท่าอุเทน (XS),SSK02VF-208,554,อากาศชื้น / หมอก,สัตว์-กระรอก/กระแต/หนู,ศจฟ,08:27,05:20,07:53,153,1. ปรินทร์ บุญเทียม,รถ : รถแก้ไฟท่าอุเทน,FUSE LINK 22 KV. 30 A.EEI-NEMA TYPE K,2,,2026-01-05
29,5 ม.ค. 2569,10:22,11:07,45,กฟส.นาแก (S),SOA07VF-505-2,47,ลมแรง,ต้นไม้-กิ่งไม้หักพาดสาย,ศจฟ,10:22,10:23,11:08,45,1. วรพันธุ์ ตันสมรส,รถ : นก-03,FUSE LINK 22 KV. 10 A.EEI-NEMA TYPE K,3,,2026-01-05
30,5 ม.ค. 2569,10:23,11:09,45,กฟส.นาแก (S),34-003145,31,ลมแรง,ต้นไม้-กิ่งไม้หักพาดสาย,ศจฟ,10:23,10:24,11:11,47,1. วรพันธุ์ ตันสมรส,รถ : นก-03,COVERED TIE WIRE.AL.4.0 MM.,1,,2026-01-05
31,5 ม.ค. 2569,17:10,18:30,79,กฟส.ท่าอุเทน (XS),SSK02VF-258,710,อากาศปกติ,ต้นไม้-กิ่งไม้หักพาดสาย,ศจฟ,17:10,17:13,19:20,127,1. สุรธวัช วุฒิสาร,รถ : รถแก้ไฟท่าอุเทน,FUSE LINK 22 KV. 30 A.EEI-NEMA TYPE K,1,,2026-01-05
32,5 ม.ค. 2569,21:00,21:20,20,กฟจ.นครพนม (L),NNA01VF-069,436,อากาศปกติ,ต้นไม้-กิ่งไม้หักพาดสาย,ศจฟ,21:00,21:00,21:32,32,1. ชัยยา มาตขาว  | 2. ภานุวัฒน์ สิงห์ทองไชย,รถ : 3ฒภ 2576 กทม (นพ 01),FUSE LINK 22 KV. 25 A.EEI-NEMA TYPE K,2,,2026-01-05
33,6 ม.ค. 2569,06:20,06:20,0,กฟส.โพนสวรรค์ (XS),SSK09F-07,1856,อากาศชื้น / หมอก,อุปกรณ์-ติดตั้งไม่ได้มาตรฐาน,ศจฟ,06:20,05:06,06:41,95,1. เพชราวุธ โพชราช,รถ : โพนสวรรค์-02,FUSE LINK 22 KV. 25 A.EEI-NEMA TYPE K,1,,2026-01-06
34,6 ม.ค. 2569,07:54,07:41,0,กฟส.โพนสวรรค์ (XS),SSK07F-5888888,2,อากาศชื้น / หมอก,อุปกรณ์-ชำรุด,ศจฟ,07:54,07:04,08:13,69,1. เพชราวุธ โพชราช,รถ : โพนสวรรค์-02,FUSE LINK 22 KV. 15 A.EEI-NEMA TYPE K,1,,2026-01-06
35,6 ม.ค. 2569,14:05,14:35,29,กฟส.ศรีสงคราม (XS),SSK02VF-027,1,อากาศปกติ,สัตว์-งู,ศจฟ,14:05,14:10,14:55,45,1. ปัญจพงษ์ เศรษฐาไชย,รถ : ศรีสงคราม 01,FUSE LINK 22 KV. 25 A.EEI-NEMA TYPE K,2,,2026-01-06
36,6 ม.ค. 2569,17:58,18:53,54,กฟส.เรณูนคร (XS),59-021165,165,ลมแรง,สัตว์-งู,ศจฟ,17:58,17:59,18:57,58,1. พงศวัชร์ ธัญภัทร์อนันต์,รถ : ผอ2572ขอนแก่น,,,,2026-01-06
37,6 ม.ค. 2569,18:48,20:15,87,กฟส.นาแก (S),56-008552,186,อากาศปกติ,สัตว์-งู,ศจฟ,18:48,18:51,20:16,85,1. วรพันธุ์ ตันสมรส,รถ : นก-03,"H.R.C. FUSE, BLADE CONTACT, 100 A",1,,2026-01-06
38,6 ม.ค. 2569,19:54,20:01,7,กฟส.บ้านแพง (S),40-021751,25,อากาศปกติ,ต้นไม้-ต้นไม้ล้มทับสาย,ศจฟ,19:54,16:45,17:35,50,1. สุริยา ทะวงศ์ษา,รถ : กระเช้าบ้านแพง,"CABLE,AL,750 V,50 SQ.MM. TIS.293",5,,2026-01-06
39,6 ม.ค. 2569,22:41,23:00,18,กฟส.ศรีสงคราม (XS),SSK08VF-038,1,อากาศชื้น / หมอก,สัตว์-งู,ศจฟ,22:41,22:42,23:05,23,1. เชาวลิต หัสรินทร์,รถ : ศรีสงคราม 01,FUSE LINK 22 KV. 15 A.EEI-NEMA TYPE K,1,,2026-01-06
40,7 ม.ค. 2569,06:42,07:52,70,กฟส.ท่าอุเทน (XS),BFA09VF-213,17,อากาศชื้น / หมอก,สัตว์-งู,ศจฟ,06:42,06:43,07:57,74,1. สุรธวัช วุฒิสาร  | 2. อนุสรณ์ ทองประสม,รถ : รถแก้ไฟท่าอุเทน,FUSE LINK 22 KV. 8 A.EEI-NEMA TYPE K,1,,2026-01-07
41,7 ม.ค. 2569,08:52,10:21,88,กฟจ.นครพนม (L),NNA01VF-053,17,อากาศปกติ,สัตว์-งู,ศจฟ,08:52,08:30,08:59,29,1. ถวิล เมษาคุณ  | 2. ทศวรรษ มังคละคีรี  | 3. ปรีชา เพ็งคำ,รถ : 3ฒภ 2576 กทม (นพ 01),"CONN.,PG,DOUBLE BOLT,AL 25-95 SQ.MM.",2,,2026-01-07
42,7 ม.ค. 2569,14:58,15:29,31,กฟส.ศรีสงคราม (XS),SSK02VF-022,3,อากาศปกติ,ต้นไม้-กิ่งไม้หักพาดสาย,ศจฟ,14:58,15:03,16:03,60,1. ปัญจพงษ์ เศรษฐาไชย,รถ : ศรีสงคราม 01,FUSE LINK 22 KV. 15 A.EEI-NEMA TYPE K,2,,2026-01-07
43,8 ม.ค. 2569,08:54,09:38,44,กฟส.ปลาปาก (XS),38-000492,35,ลมแรง,ต้นไม้-ลมพัดต้นไม้มาแตะสาย,ศจฟ,08:54,08:55,10:00,65,1. สุธรรม จันทะผา,รถ : รถแก้ไฟปลาปาก 01,"CABLE,AL,750 V,50 SQ.MM. TIS.293",4,,2026-01-08
44,8 ม.ค. 2569,10:31,11:10,38,กฟส.ธาตุพนม (S),67-027539,37,อากาศปกติ,ต้นไม้-ต้นไม้ล้มทับสาย,ศจฟ,10:31,10:33,11:12,39,1. นรากร แสนโสม,รถ : กระเช้าธาตุพนม,"CABLE,AL,750 V,50 SQ.MM. TIS.293",5,,2026-01-08
45,8 ม.ค. 2569,10:39,10:48,9,กฟจ.นครพนม (L),NNA04F-1617,1,อากาศปกติ,ต้นไม้-ต้นไม้ล้มทับสาย,ศจฟ,10:39,10:40,10:59,19,1. กิติศักดิ์ หาราช  | 2. พงษ์สนิจ ศรีวิชัย  | 3. สุรวุฒิ สุขแสงดาว,รถ : 81-1269 นพ (นพ 03),FUSE LINK 22 KV. 25 A.EEI-NEMA TYPE K,1,,2026-01-08
46,8 ม.ค. 2569,11:01,11:26,24,กฟจ.นครพนม (L),NNB02VF-013,270,ลมแรง,สัตว์-กระรอก/กระแต/หนู,ศจฟ,11:01,11:02,11:30,28,1. กิติศักดิ์ หาราช  | 2. พงษ์สนิจ ศรีวิชัย  | 3. สุรวุฒิ สุขแสงดาว,รถ : 81-1269 นพ (นพ 03),FUSE LINK 22 KV. 10 A.EEI-NEMA TYPE K,1,,2026-01-08
47,8 ม.ค. 2569,13:00,12:00,0,กฟส.โพนสวรรค์ (XS),6200492927,1,อากาศปกติ,อุปกรณ์-ชำรุด,ศจฟ,13:00,10:00,11:30,90,1. สุทธิเกียรติ บุญรังษี,รถ : โพนสวรรค์-02,"RACK, 2X200 MM. EXT.BACK",1,,2026-01-08
48,8 ม.ค. 2569,13:09,13:45,36,กฟส.ปลาปาก (XS),64-018350,20,อากาศปกติ,สัตว์-งู,ศจฟ,13:09,13:10,14:28,78,1. สุธรรม จันทะผา,รถ : รถแก้ไฟปลาปาก 01,FUSE HOLDER 22 KV. 100 A. 12 KA.,1,,2026-01-08
49,8 ม.ค. 2569,16:45,17:10,24,กฟส.ธาตุพนม (S),68-000676,25,อากาศปกติ,อุปกรณ์-ชำรุด,ศจฟ,16:45,17:00,17:35,35,1. ธีรพิชญ์ มิ่งขวัญ  | 2. อติชาติ เมืองงาม,รถ : กระเช้าธาตุพนม,"H.R.C. FUSE, BLADE CONTACT, 80 A",1,,2026-01-08
50,8 ม.ค. 2569,17:06,17:13,7,กฟส.ท่าอุเทน (XS),NNA01VF-206,1,อากาศปกติ,อุปกรณ์-ชำรุด,ศจฟ,17:06,17:05,17:14,9,1. ปรินทร์ บุญเทียม,รถ : รถแก้ไฟท่าอุเทน,FUSE HOLDER 22 KV. 100 A. 12 KA.,2,,2026-01-08
51,8 ม.ค. 2569,17:06,18:19,73,กฟส.โพนสวรรค์ (XS),6000828602,1,ลมแรง,อุปกรณ์-ติดตั้งไม่ได้มาตรฐาน,ศจฟ,17:06,17:08,18:55,107,1. วรัญญู สังรวมใจ,รถ : โพนสวรรค์-02,"CABLE,CU,PVC,INS.&JAC. 600V, 2X10 SQ.MM.",7,,2026-01-08
52,8 ม.ค. 2569,18:09,18:00,0,กฟส.ธาตุพนม (S),30348248,1,อากาศปกติ,สภาพสิ่งแวดล้อม-ความชื้น,ศจฟ,18:09,17:40,18:11,31,1. ธีรพิชญ์ มิ่งขวัญ  | 2. อติชาติ เมืองงาม,รถ : กระเช้าธาตุพนม,,,,2026-01-08
53,8 ม.ค. 2569,19:01,20:10,69,กฟส.นาหว้า (XS),44-004209,55,อากาศปกติ,สภาพสิ่งแวดล้อม-ความชื้น,ศจฟ,19:01,19:02,20:11,69,1. อัมรินทร์ วะราวัง,รถ : นาหว้า 02,"CABLE,AL,750 V,50 SQ.MM. TIS.293",5,,2026-01-08
54,8 ม.ค. 2569,21:04,21:20,15,กฟส.นาหว้า (XS),66-018361,124,อากาศปกติ,สภาพสิ่งแวดล้อม-ความชื้น,ศจฟ,21:04,21:00,21:22,22,1. อัมรินทร์ วะราวัง,รถ : นาหว้า 02,"CABLE LUG,NEMA 2-HOLE,AL 50 SQ.MM.",2,,2026-01-08
55,9 ม.ค. 2569,07:30,08:15,45,กฟส.ศรีสงคราม (XS),SSK02VF-005,55,อากาศชื้น / หมอก,สภาพสิ่งแวดล้อม-ความชื้น,ศจฟ,07:30,07:20,08:39,79,1. ปัญจพงษ์ เศรษฐาไชย,รถ : ศรีสงคราม 01,FUSE LINK 22 KV. 10 A.EEI-NEMA TYPE K,1,,2026-01-09
56,9 ม.ค. 2569,07:36,07:38,2,กฟส.ท่าอุเทน (XS),22-005685,317,อากาศปกติ,ต้นไม้-กิ่งไม้หักพาดสาย,ศจฟ,07:36,06:00,08:00,120,1. ปรินทร์ บุญเทียม,รถ : รถแก้ไฟท่าอุเทน,"CABLE,AL,750 V,50 SQ.MM. TIS.293",5,,2026-01-09
57,9 ม.ค. 2569,10:27,10:48,20,กฟส.ปลาปาก (XS),45-013487,32,อากาศปกติ,ต้นไม้-ลมพัดต้นไม้มาแตะสาย,ศจฟ,10:27,10:28,11:01,33,1. สุธรรม จันทะผา,รถ : รถแก้ไฟปลาปาก 01,"CABLE,AL,750 V,50 SQ.MM. TIS.293",4,,2026-01-09
58,9 ม.ค. 2569,11:51,12:11,20,กฟจ.นครพนม (L),61-011735,70,อากาศปกติ,ต้นไม้-ลมพัดต้นไม้มาแตะสาย,ศจฟ,11:51,11:00,12:10,70,1. ปรีชา เพ็งคำ  | 2. พิพัฒน์ นะระทะ  | 3. สันติ อินทิสาร,รถ : 81-1269 นพ (นพ 03),"CABLE,AL,750 V,50 SQ.MM. TIS.293",5,,2026-01-09
59,9 ม.ค. 2569,13:04,14:29,85,กฟส.นาแก (S),56-014214,87,อากาศปกติ,ต้นไม้-ลมพัดต้นไม้มาแตะสาย,ศจฟ,13:04,13:05,14:30,85,1. วรพันธุ์ ตันสมรส,รถ : นก-03,"CABLE,AL,750 V,50 SQ.MM. TIS.293",5,,2026-01-09
60,9 ม.ค. 2569,14:43,15:05,22,กฟส.ศรีสงคราม (XS),SSK08VF-036,1,อากาศปกติ,ต้นไม้-ลมพัดต้นไม้มาแตะสาย,ศจฟ,14:43,14:45,15:30,45,1. ปัญจพงษ์ เศรษฐาไชย,รถ : ศรีสงคราม 01,FUSE LINK 22 KV. 20 A.EEI-NEMA TYPE K,1,,2026-01-09
61,9 ม.ค. 2569,18:56,18:58,2,กฟส.นาแก (S),SOA07VF-509,389,อากาศปกติ,ต้นไม้-ลมพัดต้นไม้มาแตะสาย,ศจฟ,18:56,18:54,18:59,5,1. วรพันธุ์ ตันสมรส,รถ : นก-03,FUSE LINK 22 KV. 25 A.EEI-NEMA TYPE K,2,,2026-01-09
62,9 ม.ค. 2569,19:07,19:19,12,กฟส.ธาตุพนม (S),,36,อากาศปกติ,โหลดเกินพิกัด-โหลดเกินพิกัด,ศจฟ,19:07,19:09,19:21,12,1. นฤสรธ์ น้อยนารถ,รถ : กระเช้าธาตุพนม,"H.R.C. FUSE, BLADE CONTACT, 100 A",1,,2026-01-09
63,9 ม.ค. 2569,19:51,21:03,72,กฟส.โพนสวรรค์ (XS),SSK07F-10,443,อากาศปกติ,สัตว์-งู,ศจฟ,19:51,19:52,21:44,112,1. ทรงกลด มาศศรี,รถ : โพนสวรรค์-02,FUSE LINK 22 KV. 30 A.EEI-NEMA TYPE K,2,,2026-01-09
64,9 ม.ค. 2569,20:11,20:26,15,กฟส.นาแก (S),THA04VF-225-2,1,อากาศปกติ,สัตว์-งู,ศจฟ,20:11,20:11,20:27,16,1. วรพันธุ์ ตันสมรส,รถ : นก-03,FUSE LINK 22 KV. 15 A.EEI-NEMA TYPE K,2,,2026-01-09
65,10 ม.ค. 2569,00:21,01:04,42,กฟส.ท่าอุเทน (XS),20296454,1,อากาศปกติ,สัตว์-งู,ศจฟ,00:21,00:02,01:07,65,1. อภิรักษ์ สาตะรักษ์,รถ : รถแก้ไฟท่าอุเทน,,,,2026-01-10
66,10 ม.ค. 2569,07:14,07:53,38,กฟส.โพนสวรรค์ (XS),NNA01F-45,869,อากาศชื้น / หมอก,วัสดุแปลกปลอม-เศษกิ่งไม้ใบไม้/ฟาง/ทางมะพร้าวปลิวมาแตะ,ศจฟ,07:14,05:57,07:59,122,1. ทรงกลด มาศศรี,รถ : โพนสวรรค์-02,FUSE LINK 22 KV. 25 A.EEI-NEMA TYPE K,2,,2026-01-10
67,10 ม.ค. 2569,13:02,14:05,63,กฟส.ธาตุพนม (S),THA05F-18,2,อากาศปกติ,วัสดุแปลกปลอม-เศษกิ่งไม้ใบไม้/ฟาง/ทางมะพร้าวปลิวมาแตะ,ศจฟ,13:02,13:03,14:06,63,1. กฤตพงศ์ วงค์ขะวงค์,รถ : กระเช้าธาตุพนม,FUSE LINK 22 KV. 25 A.EEI-NEMA TYPE K,1,,2026-01-10
68,10 ม.ค. 2569,14:01,15:00,58,กฟส.ท่าอุเทน (XS),BFA09VF-205,54,อากาศปกติ,วัสดุแปลกปลอม-เศษกิ่งไม้ใบไม้/ฟาง/ทางมะพร้าวปลิวมาแตะ,ศจฟ,14:01,14:04,15:13,69,1. สุรธวัช วุฒิสาร,รถ : รถแก้ไฟท่าอุเทน,FUSE LINK 22 KV. 15 A.EEI-NEMA TYPE K,1,,2026-01-10
69,10 ม.ค. 2569,18:44,20:00,76,กฟส.นาแก (S),52-001075,18,อากาศปกติ,อุปกรณ์-ชำรุด,ศจฟ,18:44,18:50,20:02,72,1. ธีระวัฒน์ สิงนวน,รถ : นก-03,"CABLE,AL,750 V,50 SQ.MM. TIS.293",12,,2026-01-10
70,10 ม.ค. 2569,19:43,20:51,67,กฟส.นาหว้า (XS),63-004471,96,อากาศปกติ,อุปกรณ์-ชำรุด,ศจฟ,19:43,20:12,20:55,43,1. กิตติศักดิ์ คำชนะ,รถ : นาหว้า 02,"H.R.C. FUSE, BLADE CONTACT, 100 A",1,,2026-01-10
71,10 ม.ค. 2569,20:05,21:19,73,กฟส.นาแก (S),THA04VF-225,678,อากาศปกติ,อุปกรณ์-ชำรุด,ศจฟ,20:05,20:06,21:21,75,1. ธีระวัฒน์ สิงนวน,รถ : นก-03,FUSE LINK 22 KV. 10 A.EEI-NEMA TYPE K,2,,2026-01-10
72,10 ม.ค. 2569,21:15,21:43,27,กฟส.ธาตุพนม (S),THA06F-52,506,อากาศปกติ,อุปกรณ์-ชำรุด,ศจฟ,21:15,21:19,21:45,26,1. ธีรพิชญ์ มิ่งขวัญ  | 2. อุทัย สุมินทร์,รถ : กระเช้าธาตุพนม,FUSE LINK 22 KV. 25 A.EEI-NEMA TYPE K,1,,2026-01-10
73,11 ม.ค. 2569,15:00,15:20,20,กฟส.โพนสวรรค์ (XS),5800330071,1,อากาศปกติ,อุปกรณ์-ชำรุด,ศจฟ,15:00,13:37,14:45,68,1. รวิชญ์ พรมน้อย,รถ : โพนสวรรค์-02,"CABLE,CU,PVC,INS.&JAC. 600V, 2X10 SQ.MM.",7,,2026-01-11
74,11 ม.ค. 2569,17:01,17:34,33,กฟจ.นครพนม (L),67-023109,28,ลมแรง,อุปกรณ์-ชำรุด,ศจฟ,17:01,17:09,17:41,32,1. ณัฏฐศรันย์ อันทระบุตร  | 2. พงษ์สนิจ ศรีวิชัย,รถ : 81-1269 นพ (นพ 03),"H.R.C. FUSE, BLADE CONTACT, 50 A",2,,2026-01-11
75,11 ม.ค. 2569,19:57,20:29,31,กฟส.ปลาปาก (XS),57-005646,81,อากาศปกติ,อุปกรณ์-ชำรุด,ศจฟ,19:57,20:01,20:40,39,1. สุธรรม จันทะผา,รถ : รถแก้ไฟปลาปาก 01,H.R.C. FUSE 50 A.DIN OR BS,1,,2026-01-11
76,12 ม.ค. 2569,08:20,09:11,51,กฟส.ท่าอุเทน (XS),21529383,1,อากาศชื้น / หมอก,อุปกรณ์-ชำรุด,ศจฟ,08:20,08:44,09:14,30,1. สุรธวัช วุฒิสาร  | 2. อนุสรณ์ ทองประสม,รถ : รถแก้ไฟท่าอุเทน,,,,2026-01-12
77,12 ม.ค. 2569,09:10,09:45,35,กฟส.นาหว้า (XS),SSK04VF-112,17,อากาศปกติ,อุปกรณ์-ชำรุด,ศจฟ,09:10,09:10,09:49,39,1. กิตติศักดิ์ คำชนะ,รถ : นาหว้า 02,FUSE LINK 22 KV. 20 A.EEI-NEMA TYPE K,1,,2026-01-12
78,12 ม.ค. 2569,13:52,14:07,15,กฟส.ท่าอุเทน (XS),SSK02VF-203,1,อากาศปกติ,สัตว์-นก/ค้างคาว,ศจฟ,13:52,13:52,14:20,28,1. ปรินทร์ บุญเทียม,รถ : -,"CONN.,PG,DOUBLE BOLT,AL 16-70 SQ.MM.",4,,2026-01-12
79,12 ม.ค. 2569,17:48,18:25,36,กฟส.เรณูนคร (XS),6300220603,1,อากาศปกติ,สัตว์-นก/ค้างคาว,ศจฟ,17:48,17:49,18:27,38,1. สันติ จันทโคตร,รถ : ผอ2572ขอนแก่น,,,,2026-01-12
80,12 ม.ค. 2569,18:33,19:26,53,กฟส.โพนสวรรค์ (XS),SSK07F-08,2178,ลมแรง,สัตว์-นก/ค้างคาว,ศจฟ,18:33,18:34,19:57,83,1. วรัญญู สังรวมใจ,รถ : โพนสวรรค์-02,FUSE LINK 22 KV. 25 A.EEI-NEMA TYPE K,1,,2026-01-12
81,12 ม.ค. 2569,18:36,20:20,104,กฟส.เรณูนคร (XS),60-016198,159,อากาศปกติ,สัตว์-นก/ค้างคาว,ศจฟ,18:36,18:39,20:46,127,1. สันติ จันทโคตร,รถ : ผอ2572ขอนแก่น,FUSE LINK 22 KV. 3 A.EEI-NEMA TYPE K,1,,2026-01-12
82,12 ม.ค. 2569,20:24,21:26,61,กฟส.โพนสวรรค์ (XS),5801434587,1,ลมแรง,อุปกรณ์-ติดตั้งไม่ได้มาตรฐาน,ศจฟ,20:24,20:25,21:57,92,1. วรัญญู สังรวมใจ,รถ : โพนสวรรค์-02,"CABLE,CU,PVC,INS.&JAC. 600V, 2X10 SQ.MM.",7,,2026-01-12
83,12 ม.ค. 2569,20:51,22:00,69,กฟส.ศรีสงคราม (XS),64-016120,6,อากาศชื้น / หมอก,ต้นไม้-กิ่งไม้หักพาดสาย,ศจฟ,20:51,21:00,22:10,70,1. เชาวลิต หัสรินทร์,รถ : ศรีสงคราม 01,"CABLE,AL,750 V,50 SQ.MM. TIS.293",2,,2026-01-12
84,13 ม.ค. 2569,06:53,08:34,101,กฟส.โพนสวรรค์ (XS),SSK09F-10,44,อากาศชื้น / หมอก,ต้นไม้-กิ่งไม้หักพาดสาย,ศจฟ,06:53,06:54,08:30,96,1. วรัญญู สังรวมใจ,รถ : โพนสวรรค์-02,FUSE LINK 22 KV. 20 A.EEI-NEMA TYPE K,1,,2026-01-13
85,13 ม.ค. 2569,16:50,17:29,38,กฟส.ท่าอุเทน (XS),SSK02VF-258,707,อากาศปกติ,ต้นไม้-กิ่งไม้หักพาดสาย,ศจฟ,16:50,16:31,17:49,78,1. อภิรักษ์ สาตะรักษ์,รถ : รถแก้ไฟท่าอุเทน,FUSE LINK 22 KV. 25 A.EEI-NEMA TYPE K,1,,2026-01-13
86,13 ม.ค. 2569,16:58,17:20,22,กฟส.ธาตุพนม (S),THA06F-52,506,อากาศปกติ,ต้นไม้-กิ่งไม้หักพาดสาย,ศจฟ,16:58,16:58,17:25,27,1. นรากร แสนโสม,รถ : กระเช้าธาตุพนม,FUSE LINK 22 KV. 20 A.EEI-NEMA TYPE K,2,,2026-01-13
87,13 ม.ค. 2569,17:28,18:00,31,กฟส.ธาตุพนม (S),41-007930,115,อากาศปกติ,ต้นไม้-กิ่งไม้หักพาดสาย,ศจฟ,17:28,17:29,18:08,39,1. นรากร แสนโสม,รถ : กระเช้าธาตุพนม,"H.R.C. FUSE, BLADE CONTACT, 160 A",2,,2026-01-13
88,13 ม.ค. 2569,17:39,18:49,70,กฟส.เรณูนคร (XS),,5,อากาศปกติ,ต้นไม้-กิ่งไม้หักพาดสาย,ศจฟ,17:39,17:40,18:37,57,1. พงศวัชร์ ธัญภัทร์อนันต์,รถ : ผอ2572ขอนแก่น,"H.R.C. FUSE, BLADE CONTACT, 80 A",1,,2026-01-13
89,13 ม.ค. 2569,17:52,18:22,29,กฟส.ท่าอุเทน (XS),5600471926,1,อากาศชื้น / หมอก,ต้นไม้-กิ่งไม้หักพาดสาย,ศจฟ,17:52,17:53,19:07,74,1. อภิรักษ์ สาตะรักษ์,รถ : รถแก้ไฟท่าอุเทน,"CONN.,PG,DOUBLE BOLT,AL 16-70 SQ.MM.",2,,2026-01-13
90,13 ม.ค. 2569,18:16,18:59,42,กฟส.นาหว้า (XS),SSK04VF-109,1,ลมแรง,โหลดเกินพิกัด-โหลดเกินพิกัด,ศจฟ,18:16,18:16,19:18,62,1. สุรธรรม แพงเหนือ,รถ : นาหว้า 02,"DROPOUT,FUSE,22 KV.100 A.12 KA",1,,2026-01-13
91,13 ม.ค. 2569,18:57,19:20,22,กฟส.เรณูนคร (XS),6300321538,1,อากาศปกติ,โหลดเกินพิกัด-โหลดเกินพิกัด,ศจฟ,18:57,18:58,19:27,29,1. พงศวัชร์ ธัญภัทร์อนันต์,รถ : ผอ2572ขอนแก่น,"TAPE,PVC,O/D,0.18X19X10,000 MM. TIS.386",1,,2026-01-13
92,13 ม.ค. 2569,19:54,22:29,155,กฟส.ศรีสงคราม (XS),29590597,1,อากาศชื้น / หมอก,โหลดเกินพิกัด-โหลดเกินพิกัด,ศจฟ,19:54,20:25,22:10,105,1. วุฒิชัย เหมเมือง,รถ : ศรีสงคราม 01,"CONN.,PG,DOUBLE BOLT,AL 16-70 SQ.MM.",2,,2026-01-13
93,13 ม.ค. 2569,20:25,21:19,54,กฟส.โพนสวรรค์ (XS),6000123653,1,อากาศชื้น / หมอก,อุปกรณ์-ชำรุด,ศจฟ,20:25,20:26,21:41,75,1. ทรงกลด มาศศรี,รถ : โพนสวรรค์-02,"CABLE,CU,PVC,INS.&JAC. 600V, 2X10 SQ.MM.",7,,2026-01-13
94,14 ม.ค. 2569,07:40,08:20,40,กฟส.ศรีสงคราม (XS),SSK02VF-034,204,อากาศชื้น / หมอก,อุปกรณ์-ชำรุด,ศจฟ,07:40,07:43,08:40,57,1. วุฒิชัย เหมเมือง,รถ : ศรีสงคราม 01,FUSE LINK 22 KV. 30 A.EEI-NEMA TYPE K,2,,2026-01-14
95,14 ม.ค. 2569,07:42,08:01,18,กฟส.ท่าอุเทน (XS),SSK02VF-204,1,อากาศชื้น / หมอก,อุปกรณ์-ชำรุด,ศจฟ,07:42,06:25,08:33,128,1. วีระพงษ์ วงตรี  | 2. อภิรักษ์ สาตะรักษ์,รถ : รถแก้ไฟท่าอุเทน,FUSE LINK 22 KV. 10 A.EEI-NEMA TYPE K,2,,2026-01-14
96,14 ม.ค. 2569,07:45,08:27,42,กฟส.เรณูนคร (XS),66-007272,24,อากาศชื้น / หมอก,อุปกรณ์-ชำรุด,ศจฟ,07:45,07:46,08:30,44,1. พงศวัชร์ ธัญภัทร์อนันต์,รถ : ผอ2572ขอนแก่น,"H.R.C. FUSE, BLADE CONTACT, 100 A",1,,2026-01-14
97,14 ม.ค. 2569,08:30,10:40,130,กฟจ.นครพนม (L),NNB02VF-003,12,อากาศชื้น / หมอก,อุปกรณ์-ชำรุด,ศจฟ,08:30,08:30,09:20,50,1. ถวิล เมษาคุณ  | 2. ทศวรรษ มังคละคีรี  | 3. ประจล ศรีสุราช  | 4. ภานุวัฒน์ สิงห์ทองไชย  | 5. ศักดิ์อนันต์ แสนเมือง  | 6. เกรียงไกร ลาหมัน,รถ : 3ฒภ 2576 กทม (นพ 01),FUSE LINK 22 KV. 15 A.EEI-NEMA TYPE K,3,,2026-01-14
98,14 ม.ค. 2569,09:00,10:42,102,กฟจ.นครพนม (L),NNB01VF-039,79,อากาศชื้น / หมอก,อุปกรณ์-ชำรุด,ศจฟ,09:00,09:21,10:13,52,1. ถวิล เมษาคุณ  | 2. ทศวรรษ มังคละคีรี,รถ : 3ฒภ 2576 กทม (นพ 01),FUSE LINK 22 KV. 25 A.EEI-NEMA TYPE K,2,,2026-01-14
99,14 ม.ค. 2569,10:30,12:41,131,กฟจ.นครพนม (L),NNA05F-01/1,223,อากาศชื้น / หมอก,อุปกรณ์-ชำรุด,ศจฟ,10:30,10:35,11:10,35,1. ถวิล เมษาคุณ  | 2. ทศวรรษ มังคละคีรี,รถ : 3ฒภ 2576 กทม (นพ 01),FUSE HOLDER 22 KV. 100 A. 12 KA.,2,,2026-01-14
100,14 ม.ค. 2569,10:50,12:43,113,กฟจ.นครพนม (L),NNA04F-03,275,อากาศชื้น / หมอก,อุปกรณ์-ชำรุด,ศจฟ,10:50,11:10,11:35,25,1. ถวิล เมษาคุณ  | 2. ทศวรรษ มังคละคีรี,รถ : 3ฒภ 2576 กทม (นพ 01),FUSE HOLDER 22 KV. 100 A. 12 KA.,1,,2026-01-14
101,14 ม.ค. 2569,11:30,11:51,20,กฟส.ท่าอุเทน (XS),SSK02VF-203,1,อากาศปกติ,สัตว์-นก/ค้างคาว,ศจฟ,11:30,11:49,11:58,9,1. ปรินทร์ บุญเทียม,รถ : -,"CONN.,PG,DOUBLE BOLT,AL 16-70 SQ.MM.",3,,2026-01-14
102,14 ม.ค. 2569,13:53,14:06,13,กฟส.ท่าอุเทน (XS),24-017760,133,อากาศปกติ,อุปกรณ์-ชำรุด,ศจฟ,13:53,13:54,14:09,15,1. ปรินทร์ บุญเทียม,รถ : -,"CABLE,AL,750 V,50 SQ.MM. TIS.293",5,,2026-01-14
103,14 ม.ค. 2569,14:41,15:10,29,กฟส.ศรีสงคราม (XS),38-013583,3,อากาศปกติ,สัตว์-งู,ศจฟ,14:41,14:42,15:30,48,1. ปัญจพงษ์ เศรษฐาไชย,รถ : ศรีสงคราม 01,FUSE LINK 22 KV. 3 A.EEI-NEMA TYPE K,2,,2026-01-14
104,15 ม.ค. 2569,09:00,10:14,73,กฟจ.นครพนม (L),NNB01VF-039,1,อากาศปกติ,สัตว์-งู,ศจฟ,09:00,09:54,10:16,22,1. ปรีชา เพ็งคำ  | 2. ภานุวัฒน์ สิงห์ทองไชย  | 3. เกริกฤทธิ์ จันทรโพธิ์ศรี,รถ : 3ฒภ 2576 กทม (นพ 01),FUSE LINK 22 KV. 25 A.EEI-NEMA TYPE K,2,,2026-01-15
105,15 ม.ค. 2569,10:00,11:59,119,กฟจ.นครพนม (L),NNB01VF-005,139,อากาศปกติ,สัตว์-งู,ศจฟ,10:00,11:01,12:02,61,1. ปรีชา เพ็งคำ  | 2. ภานุวัฒน์ สิงห์ทองไชย  | 3. เกริกฤทธิ์ จันทรโพธิ์ศรี,รถ : 3ฒภ 2576 กทม (นพ 01),FUSE LINK 22 KV. 15 A.EEI-NEMA TYPE K,2,,2026-01-15
106,15 ม.ค. 2569,11:00,11:30,29,กฟส.ศรีสงคราม (XS),SSK02VF-015,1628,อากาศปกติ,สัตว์-งู,ศจฟ,11:00,11:06,12:12,66,1. ปัญจพงษ์ เศรษฐาไชย,รถ : ศรีสงคราม 01,FUSE LINK 22 KV. 40 A.EEI-NEMA TYPE K,1,,2026-01-15
107,15 ม.ค. 2569,12:45,14:23,97,กฟส.ศรีสงคราม (XS),SSK07VB-01,5097,อากาศปกติ,สัตว์-งู,ศจฟ,12:44,13:31,14:25,54,1. ปัญจพงษ์ เศรษฐาไชย  | 2. วุฒิชัย เหมเมือง,รถ : ศรีสงคราม 02,,,,2026-01-15
108,15 ม.ค. 2569,13:42,16:00,138,กฟส.โพนสวรรค์ (XS),63-020639,339,อากาศปกติ,อุปกรณ์-ชำรุด,ศจฟ,13:42,13:02,16:26,204,1. เพชราวุธ โพชราช,รถ : โพนสวรรค์-03,"CABLE LUG,NEMA 2-HOLE,AL 95 SQ.MM.",6,,2026-01-15
109,15 ม.ค. 2569,13:50,14:13,22,กฟส.ธาตุพนม (S),53-007593,76,อากาศปกติ,สัตว์-นก/ค้างคาว,ศจฟ,13:50,13:57,14:16,19,1. นรากร แสนโสม,รถ : กระเช้าธาตุพนม,FUSE LINK 22 KV. 5-6 A.EEI-NEMA TYPE K,2,,2026-01-15
110,15 ม.ค. 2569,13:58,14:27,29,กฟส.นาทม (XS),SEK03F-80,166,อากาศปกติ,สัตว์-นก/ค้างคาว,ศจฟ,13:58,14:06,14:32,26,1. วราวุธ นาขมิ้น,รถ : นาทม 02,FUSE LINK 22 KV. 25 A.EEI-NEMA TYPE K,1,,2026-01-15
111,16 ม.ค. 2569,07:41,07:56,15,กฟส.บ้านแพง (S),SEK04F-54,2,อากาศชื้น / หมอก,ต้นไม้-ต้นไม้เลื้อย/โตมาแตะสาย,ศจฟ,07:41,06:50,07:40,50,1. ณัฐดนัย ขันถม,รถ : กระเช้าบ้านแพง,FUSE LINK 22 KV. 15 A.EEI-NEMA TYPE K,2,,2026-01-16
112,16 ม.ค. 2569,10:03,10:12,9,กฟส.นาหว้า (XS),SSK06F-20/1,36,อากาศชื้น / หมอก,ต้นไม้-ต้นไม้เลื้อย/โตมาแตะสาย,ศจฟ,10:03,08:09,09:14,65,1. ศิลารักษ์ วิภา,รถ : นาหว้า 02,FUSE LINK 22 KV. 20 A.EEI-NEMA TYPE K,2,,2026-01-16
113,16 ม.ค. 2569,10:29,10:39,10,กฟส.นาแก (S),38-000965,47,อากาศปกติ,ต้นไม้-ต้นไม้เลื้อย/โตมาแตะสาย,ศจฟ,10:29,10:30,10:41,11,1. วรพันธุ์ ตันสมรส,รถ : นก-03,"CABLE,AL,750 V,50 SQ.MM. TIS.293",5,,2026-01-16
114,16 ม.ค. 2569,11:02,13:00,118,กฟส.ศรีสงคราม (XS),SSK02VF-013,1,อากาศปกติ,ต้นไม้-ต้นไม้เลื้อย/โตมาแตะสาย,ศจฟ,11:02,11:10,13:30,140,1. วุฒิชัย เหมเมือง,รถ : ศรีสงคราม 01,,,,2026-01-16
115,16 ม.ค. 2569,15:40,16:00,20,กฟส.บ้านแพง (S),43-003889,66,อากาศชื้น / หมอก,ต้นไม้-ลมพัดต้นไม้มาแตะสาย,ศจฟ,15:40,09:30,10:30,60,1. รชานนท์ โมธรรม,รถ : กระเช้าบ้านแพง,"CABLE,AL,750 V,50 SQ.MM. TIS.293",5,,2026-01-16
116,16 ม.ค. 2569,17:00,16:55,0,กฟส.บ้านแพง (S),60-030900,63,อากาศปกติ,โหลดเกินพิกัด-โหลดเกินพิกัด,ศจฟ,17:00,17:00,17:50,50,1. จตุรภุช สะท้านอิทธิฤทธิ์,รถ : กระเช้าบ้านแพง,"H.R.C. FUSE, BLADE CONTACT, 100 A",2,,2026-01-16
117,16 ม.ค. 2569,17:10,18:08,58,กฟส.เรณูนคร (XS),34-000117,89,อากาศปกติ,โหลดเกินพิกัด-โหลดเกินพิกัด,ศจฟ,17:10,17:19,18:20,61,1. พงศวัชร์ ธัญภัทร์อนันต์,รถ : ผอ2572ขอนแก่น,FUSE LINK 22 KV. 3 A.EEI-NEMA TYPE K,3,,2026-01-16
118,16 ม.ค. 2569,17:20,17:45,24,กฟส.ศรีสงคราม (XS),SSK02VF-020,736,อากาศปกติ,อุปกรณ์-ชำรุด,ศจฟ,17:20,17:20,18:27,67,1. ปัญจพงษ์ เศรษฐาไชย,รถ : ศรีสงคราม 01,FUSE HOLDER 22 KV. 100 A. 12 KA.,1,,2026-01-16
119,16 ม.ค. 2569,18:12,18:50,38,กฟส.โพนสวรรค์ (XS),58-017778,38,อากาศปกติ,สัตว์-กระรอก/กระแต/หนู,ศจฟ,18:12,18:13,19:20,67,1. รวิชญ์ พรมน้อย,รถ : โพนสวรรค์-02,FUSE HOLDER 22 KV. 100 A. 12 KA.,1,,2026-01-16
120,16 ม.ค. 2569,23:02,23:55,53,กฟส.ธาตุพนม (S),34-000117,89,อากาศปกติ,สัตว์-กระรอก/กระแต/หนู,ศจฟ,23:02,23:03,00:50,107,1. ปริเยศ หาญพงศ์ศรี  | 2. อุทัย สุมินทร์,รถ : กระเช้าธาตุพนม,"CABLE LUG,NEMA 2-HOLE,AL 50 SQ.MM.",7,,2026-01-16
121,17 ม.ค. 2569,07:30,08:16,45,กฟส.โพนสวรรค์ (XS),NNA01F-22/1,892,อากาศปกติ,อุปกรณ์-ชำรุด,ศจฟ,07:30,07:40,08:25,45,1. รวิชญ์ พรมน้อย,รถ : โพนสวรรค์-02,FUSE LINK 22 KV. 25 A.EEI-NEMA TYPE K,1,,2026-01-17
122,17 ม.ค. 2569,07:37,08:26,49,กฟส.ศรีสงคราม (XS),27-004651,200,อากาศปกติ,ต้นไม้-ลมพัดต้นไม้มาแตะสาย,ศจฟ,07:37,07:20,08:51,91,1. ปัญจพงษ์ เศรษฐาไชย,รถ : ศรีสงคราม 01,"CABLE,AL,750 V,50 SQ.MM. TIS.293",5,,2026-01-17
123,17 ม.ค. 2569,12:06,10:00,0,กฟส.โพนสวรรค์ (XS),5800697017,1,อากาศปกติ,อุปกรณ์-ชำรุด,ศจฟ,12:06,10:00,11:30,90,1. สุทธิเกียรติ บุญรังษี,รถ : โพนสวรรค์-03,"CABLE,CU,PVC,INS.&JAC. 600V, 2X10 SQ.MM.",7,,2026-01-17
124,17 ม.ค. 2569,13:48,11:50,0,กฟส.บ้านแพง (S),60-030900,63,อากาศปกติ,โหลดเกินพิกัด-โหลดเกินพิกัด,ศจฟ,13:48,09:30,11:40,130,1. ชินดนัย คงชะสิงห์  | 2. ปิยะณัฐ พลเหี้ยมหาญ,รถ : กระเช้าบ้านแพง,"CABLE,AL,750 V,50 SQ.MM. TIS.293",3,,2026-01-17
125,17 ม.ค. 2569,22:10,22:00,0,กฟส.บ้านแพง (S),38-016687,24,อากาศปกติ,อุปกรณ์-ชำรุด,ศจฟ,22:10,20:00,22:00,120,1. ณัฐดนัย ขันถม,รถ : กระเช้าบ้านแพง,FUSE LINK 22 KV. 3 A.EEI-NEMA TYPE K,2,,2026-01-17
126,18 ม.ค. 2569,08:24,07:40,0,กฟส.บ้านแพง (S),SEK01F-63,285,อากาศปกติ,สัตว์-นก/ค้างคาว,ศจฟ,08:24,07:00,08:00,60,1. ชินดนัย คงชะสิงห์,รถ : กระเช้าบ้านแพง,FUSE LINK 22 KV. 30 A.EEI-NEMA TYPE K,3,,2026-01-18
127,18 ม.ค. 2569,08:50,10:00,70,กฟจ.นครพนม (L),NNA04F-03,275,อากาศปกติ,สัตว์-นก/ค้างคาว,ศจฟ,08:50,09:00,10:30,90,1. ชัยยา มาตขาว  | 2. ถวิล เมษาคุณ  | 3. นลธวัช ศรีหาเศษ,รถ : รถกระเช้า (04),FUSE LINK 22 KV. 30 A.EEI-NEMA TYPE K,2,,2026-01-18
128,18 ม.ค. 2569,10:30,11:25,54,กฟส.บ้านแพง (S),43-003889,66,อากาศปกติ,ต้นไม้-กิ่งไม้หักพาดสาย,ศจฟ,10:30,10:00,11:35,95,1. รชานนท์ โมธรรม,รถ : กระเช้าบ้านแพง,"CABLE,AL,750 V,50 SQ.MM. TIS.293",15,,2026-01-18
129,18 ม.ค. 2569,11:25,11:33,8,กฟส.ท่าอุเทน (XS),50-000381,29,อากาศปกติ,ต้นไม้-กิ่งไม้หักพาดสาย,ศจฟ,11:25,09:31,11:41,130,1. อภิรักษ์ สาตะรักษ์,รถ : รถแก้ไฟท่าอุเทน,"CABLE,AL,750 V,50 SQ.MM. TIS.293",10,,2026-01-18
130,18 ม.ค. 2569,12:57,13:04,7,กฟส.ท่าอุเทน (XS),6001433484,1,อากาศปกติ,ต้นไม้-กิ่งไม้หักพาดสาย,ศจฟ,12:57,12:05,13:07,62,1. อภิรักษ์ สาตะรักษ์,รถ : รถแก้ไฟท่าอุเทน,,,,2026-01-18
131,18 ม.ค. 2569,15:04,15:08,4,กฟจ.นครพนม (L),66-014696,58,อากาศปกติ,ต้นไม้-กิ่งไม้หักพาดสาย,ศจฟ,15:04,15:05,15:13,8,1. ชัยยา มาตขาว  | 2. ถวิล เมษาคุณ  | 3. นลธวัช ศรีหาเศษ,รถ : รถกระเช้า (04),FUSE LINK 22 KV. 5-6 A.EEI-NEMA TYPE K,1,,2026-01-18
132,18 ม.ค. 2569,15:20,17:40,140,กฟส.นาหว้า (XS),SSK06F-0459,1,อากาศปกติ,ต้นไม้-กิ่งไม้หักพาดสาย,ศจฟ,15:20,15:38,18:13,155,1. กิตติศักดิ์ คำชนะ,รถ : นาหว้า 02,FUSE LINK 22 KV. 25 A.EEI-NEMA TYPE K,2,,2026-01-18
133,18 ม.ค. 2569,17:40,18:20,40,กฟจ.นครพนม (L),NNB02VF-011,580,อากาศปกติ,ต้นไม้-กิ่งไม้หักพาดสาย,ศจฟ,17:40,17:47,18:23,36,1. พงษ์สนิจ ศรีวิชัย  | 2. วสันต์ชัย ดวงสูงเนิน  | 3. วิเชียร สุวอ  | 4. หิรัญ พลไกรสร,รถ : 3ฒภ 2576 กทม (นพ 01),FUSE LINK 22 KV. 30 A.EEI-NEMA TYPE K,2,,2026-01-18
134,18 ม.ค. 2569,20:08,20:13,5,กฟส.ท่าอุเทน (XS),28168013,1,อากาศปกติ,ต้นไม้-กิ่งไม้หักพาดสาย,ศจฟ,20:08,18:09,20:15,126,1. อภิรักษ์ สาตะรักษ์,รถ : รถแก้ไฟท่าอุเทน,,,,2026-01-18
135,19 ม.ค. 2569,07:14,08:50,96,กฟส.ท่าอุเทน (XS),SSK02VF-236,2,อากาศชื้น / หมอก,ต้นไม้-กิ่งไม้หักพาดสาย,ศจฟ,07:14,05:20,07:00,100,1. อภิรักษ์ สาตะรักษ์,รถ : รถแก้ไฟท่าอุเทน,FUSE HOLDER 22 KV. 100 A. 12 KA.,1,,2026-01-19
136,19 ม.ค. 2569,07:41,08:55,73,กฟส.ท่าอุเทน (XS),21251898,1,อากาศชื้น / หมอก,ต้นไม้-กิ่งไม้หักพาดสาย,ศจฟ,07:41,07:00,08:30,90,1. อภิรักษ์ สาตะรักษ์,รถ : รถแก้ไฟท่าอุเทน,"CONN.,PG,DOUBLE BOLT,AL 16-70 SQ.MM.",2,,2026-01-19
137,19 ม.ค. 2569,12:02,12:41,38,กฟส.ศรีสงคราม (XS),SSK01VF-013,2,อากาศปกติ,ต้นไม้-กิ่งไม้หักพาดสาย,ศจฟ,12:02,12:06,12:42,36,1. ปัญจพงษ์ เศรษฐาไชย,รถ : ศรีสงคราม 01,FUSE LINK 22 KV. 30 A.EEI-NEMA TYPE K,1,,2026-01-19
138,19 ม.ค. 2569,12:28,10:00,0,กฟส.โพนสวรรค์ (XS),5600189466,1,อากาศปกติ,อุปกรณ์-ชำรุด,ศจฟ,12:28,10:00,11:30,90,1. สุทธิเกียรติ บุญรังษี,รถ : โพนสวรรค์-03,"CABLE,CU,PVC,INS.&JAC. 600V, 2X10 SQ.MM.",7,,2026-01-19
139,19 ม.ค. 2569,18:30,22:25,235,กฟส.ธาตุพนม (S),63-023316,166,อากาศปกติ,อุปกรณ์-ชำรุด,ศจฟ,18:30,20:01,23:11,190,1. อติชาติ เมืองงาม,รถ : กระเช้าธาตุพนม,"CABLE,AL,750 V,50 SQ.MM. TIS.293",15,,2026-01-19
140,20 ม.ค. 2569,07:20,08:04,44,กฟส.ท่าอุเทน (XS),SSK02VF-242,735,อากาศชื้น / หมอก,อุปกรณ์-ชำรุด,ศจฟ,07:20,06:28,08:31,123,1. อภิรักษ์ สาตะรักษ์,รถ : รถแก้ไฟท่าอุเทน,FUSE LINK 22 KV. 5-6 A.EEI-NEMA TYPE K,1,,2026-01-20
141,20 ม.ค. 2569,07:20,08:11,51,กฟส.โพนสวรรค์ (XS),35-007779,442,อากาศปกติ,อุปกรณ์-ชำรุด,ศจฟ,07:20,07:22,08:28,66,1. เพชราวุธ โพชราช,รถ : โพนสวรรค์-02,"H.R.C. FUSE, BLADE CONTACT, 100 A",1,,2026-01-20
142,20 ม.ค. 2569,08:03,08:28,24,กฟจ.นครพนม (L),NNA05F-01/1,223,อากาศปกติ,ต้นไม้-กิ่งไม้หักพาดสาย,ศจฟ,08:03,08:19,08:30,11,1. พงษ์สนิจ ศรีวิชัย  | 2. วิเชียร สุวอ  | 3. หิรัญ พลไกรสร,รถ : 3ฒภ 2576 กทม (นพ 01),FUSE LINK 22 KV. 8 A.EEI-NEMA TYPE K,2,,2026-01-20
143,20 ม.ค. 2569,08:49,09:30,40,กฟส.ธาตุพนม (S),59-018426,217,อากาศปกติ,ต้นไม้-กิ่งไม้หักพาดสาย,ศจฟ,08:49,08:54,09:38,44,1. นรากร แสนโสม,รถ : กระเช้าธาตุพนม,"H.R.C. FUSE, BLADE CONTACT, 100 A",3,,2026-01-20
144,20 ม.ค. 2569,09:04,09:28,24,กฟส.โพนสวรรค์ (XS),NNA01F-2333,562,อากาศปกติ,อุปกรณ์-ชำรุด,ศจฟ,09:04,09:05,09:39,34,1. รวิชญ์ พรมน้อย,รถ : โพนสวรรค์-03,FUSE LINK 22 KV. 25 A.EEI-NEMA TYPE K,2,,2026-01-20
145,20 ม.ค. 2569,09:10,11:30,140,กฟจ.นครพนม (L),00-064748,9,อากาศปกติ,อุปกรณ์-ชำรุด,ศจฟ,09:10,09:23,12:09,166,1. ถวิล เมษาคุณ  | 2. ธนัช บัวศรี  | 3. ธราดล โทพล  | 4. ธิษณ์ศรัณย์ ลองจำนงค์  | 5. ปิยะวัฒน์ พรพนม  | 6. พงศ์อิสรา ภักดี  | 7. วีระยุทธ อภิรมยานนท์  | 8. สุรวุฒิ สุขแสงดาว  | 9. อนุสรณ์ พนมศักดิ์  | 10. เกรียงไกร ลาหมัน,รถ : รถกระเช้า (04),"CABLE,AERIAL,AL 22 KV. 1X50 SQ.MM.",15,,2026-01-20
146,20 ม.ค. 2569,09:22,09:55,33,กฟส.ศรีสงคราม (XS),BAF01VF-402,1,อากาศปกติ,อุปกรณ์-ชำรุด,ศจฟ,09:22,09:25,10:30,65,1. ปัญจพงษ์ เศรษฐาไชย,รถ : ศรีสงคราม 02,FUSE LINK 22 KV. 8 A.EEI-NEMA TYPE K,2,,2026-01-20
147,20 ม.ค. 2569,09:41,09:55,14,กฟส.ธาตุพนม (S),THA02VF-010,828,อากาศปกติ,ต้นไม้-ลมพัดต้นไม้มาแตะสาย,ศจฟ,09:41,09:42,10:03,21,1. นรากร แสนโสม,รถ : กระเช้าธาตุพนม,FUSE LINK 22 KV. 20 A.EEI-NEMA TYPE K,2,,2026-01-20
148,20 ม.ค. 2569,11:04,11:51,47,กฟส.โพนสวรรค์ (XS),SSK07F-10,446,อากาศปกติ,สัตว์-งู,ศจฟ,11:04,11:05,12:00,55,1. ทรงกลด มาศศรี  | 2. รวิชญ์ พรมน้อย,รถ : โพนสวรรค์-02,FUSE LINK 22 KV. 25 A.EEI-NEMA TYPE K,2,,2026-01-20
149,20 ม.ค. 2569,11:06,11:50,44,กฟส.ธาตุพนม (S),67-031923,201,อากาศปกติ,สัตว์-งู,ศจฟ,11:06,11:22,12:02,40,1. นรากร แสนโสม,รถ : กระเช้าธาตุพนม,"H.R.C. FUSE, BLADE CONTACT, 100 A",2,,2026-01-20
150,20 ม.ค. 2569,13:25,14:36,70,กฟส.โพนสวรรค์ (XS),NNA01F-22/1,892,อากาศปกติ,สัตว์-งู,ศจฟ,13:25,13:26,14:40,74,1. ทรงกลด มาศศรี  | 2. รวิชญ์ พรมน้อย,รถ : โพนสวรรค์-02,FUSE LINK 22 KV. 25 A.EEI-NEMA TYPE K,2,,2026-01-20
151,20 ม.ค. 2569,14:44,15:05,20,กฟส.ธาตุพนม (S),THA06F-13/1,266,อากาศปกติ,สัตว์-งู,ศจฟ,14:44,14:44,15:13,29,1. นรากร แสนโสม,รถ : กระเช้าธาตุพนม,FUSE LINK 22 KV. 10 A.EEI-NEMA TYPE K,2,,2026-01-20
152,20 ม.ค. 2569,14:45,15:15,29,กฟส.โพนสวรรค์ (XS),6200489698,1,อากาศปกติ,อุปกรณ์-ชำรุด,ศจฟ,14:45,14:48,15:56,68,1. ทรงกลด มาศศรี,รถ : โพนสวรรค์-02,"CABLE,CU,PVC,INS.&JAC. 600V, 2X10 SQ.MM.",7,,2026-01-20
153,20 ม.ค. 2569,17:37,17:40,3,กฟส.โพนสวรรค์ (XS),5900540019,1,อากาศปกติ,อุปกรณ์-ชำรุด,ศจฟ,17:37,17:38,19:00,82,1. รวิชญ์ พรมน้อย,รถ : โพนสวรรค์-02,"CABLE,CU,PVC,INS.&JAC. 600V, 2X10 SQ.MM.",21,,2026-01-20
154,20 ม.ค. 2569,18:26,19:27,61,กฟส.บ้านแพง (S),SSK08F-54-1,25,ลมแรง,อุปกรณ์-ชำรุด,ศจฟ,18:26,18:27,19:58,91,1. เอกพล เวกสูงเนิน,รถ : กระเช้าบ้านแพง,FUSE LINK 22 KV. 10 A.EEI-NEMA TYPE K,1,,2026-01-20
155,21 ม.ค. 2569,05:40,06:36,56,กฟจ.นครพนม (L),NNA04F-20,900,ลมแรง,อุปกรณ์-ชำรุด,ศจฟ,05:40,05:44,06:41,57,1. กิติศักดิ์ หาราช  | 2. ณัฏฐศรันย์ อันทระบุตร  | 3. ประจล ศรีสุราช  | 4. หฤษฎ์ ถูระวัน,รถ : 3ฒภ 2576 กทม (นพ 01),FUSE LINK 22 KV. 40 A.EEI-NEMA TYPE K,1,,2026-01-21
156,21 ม.ค. 2569,06:45,07:07,22,กฟส.ท่าอุเทน (XS),63-003470,40,อากาศชื้น / หมอก,อุปกรณ์-ชำรุด,ศจฟ,06:45,06:46,07:19,33,1. อนุสรณ์ ทองประสม,รถ : รถแก้ไฟท่าอุเทน,"CABLE,AL,750 V,50 SQ.MM. TIS.293",5,,2026-01-21
157,21 ม.ค. 2569,08:28,09:08,40,กฟส.ท่าอุเทน (XS),NNA08VF-210,94,อากาศชื้น / หมอก,อุปกรณ์-ชำรุด,ศจฟ,08:28,08:36,09:13,37,1. อนุสรณ์ ทองประสม,รถ : รถแก้ไฟท่าอุเทน,FUSE LINK 22 KV. 25 A.EEI-NEMA TYPE K,1,,2026-01-21
158,21 ม.ค. 2569,08:46,09:39,53,กฟส.ปลาปาก (XS),66-012815,35,อากาศปกติ,สัตว์-แมลง/แมง,ศจฟ,08:46,08:54,10:00,66,1. สุธรรม จันทะผา,รถ : รถแก้ไฟปลาปาก 01,FUSE HOLDER 22 KV. 100 A. 12 KA.,1,,2026-01-21
159,21 ม.ค. 2569,09:13,10:01,47,กฟส.ธาตุพนม (S),66-005668,96,อากาศปกติ,สัตว์-แมลง/แมง,ศจฟ,09:13,09:19,10:12,53,1. อติชาติ เมืองงาม,รถ : กระเช้าธาตุพนม,,,,2026-01-21
160,21 ม.ค. 2569,12:53,13:07,14,กฟจ.นครพนม (L),65-030904,27,อากาศปกติ,ต้นไม้-ต้นไม้ล้มทับสาย,ศจฟ,12:53,12:54,13:16,22,1. พงษ์สนิจ ศรีวิชัย  | 2. วิเชียร สุวอ  | 3. หิรัญ พลไกรสร,รถ : 3ฒภ 2576 กทม (นพ 01),"CABLE,AL,750 V,50 SQ.MM. TIS.293",5,,2026-01-21
161,21 ม.ค. 2569,13:25,13:47,22,กฟจ.นครพนม (L),35-002562,59,อากาศปกติ,ต้นไม้-ต้นไม้ล้มทับสาย,ศจฟ,13:25,13:40,13:51,11,1. พงษ์สนิจ ศรีวิชัย  | 2. วิเชียร สุวอ  | 3. หิรัญ พลไกรสร,รถ : 3ฒภ 2576 กทม (นพ 01),"H.R.C. FUSE, BLADE CONTACT, 100 A",2,,2026-01-21
162,21 ม.ค. 2569,14:00,14:20,20,กฟจ.นครพนม (L),NNA04F-04/02,80,ลมแรง,ต้นไม้-กิ่งไม้หักพาดสาย,ศจฟ,14:00,14:08,14:29,21,1. พงษ์สนิจ ศรีวิชัย  | 2. วิเชียร สุวอ  | 3. หิรัญ พลไกรสร,รถ : 3ฒภ 2576 กทม (นพ 01),FUSE LINK 22 KV. 10 A.EEI-NEMA TYPE K,1,,2026-01-21
163,21 ม.ค. 2569,15:05,16:06,61,กฟจ.นครพนม (L),36-016399,200,ลมแรง,ต้นไม้-กิ่งไม้หักพาดสาย,ศจฟ,15:05,15:13,16:20,67,1. พงศ์อิสรา ภักดี  | 2. พงษ์สนิจ ศรีวิชัย  | 3. วิเชียร สุวอ  | 4. หิรัญ พลไกรสร  | 5. อนุสรณ์ พนมศักดิ์,รถ : 3ฒภ 2576 กทม (นพ 01),"CABLE,AL,750 V,50 SQ.MM. TIS.293",5,,2026-01-21
164,21 ม.ค. 2569,15:40,15:55,15,กฟจ.นครพนม (L),NNA04F-04/02,80,อากาศปกติ,ต้นไม้-ลมพัดต้นไม้มาแตะสาย,ศจฟ,15:40,15:52,16:02,10,1. พงศ์อิสรา ภักดี  | 2. พงษ์สนิจ ศรีวิชัย  | 3. วิเชียร สุวอ  | 4. หิรัญ พลไกรสร  | 5. อนุสรณ์ พนมศักดิ์,รถ : รถกระเช้า (04),FUSE LINK 22 KV. 10 A.EEI-NEMA TYPE K,1,,2026-01-21
165,21 ม.ค. 2569,17:00,17:55,54,กฟจ.นครพนม (L),NNA04F-10,3,อากาศปกติ,ต้นไม้-ลมพัดต้นไม้มาแตะสาย,ศจฟ,17:00,17:48,18:28,40,1. ทศวรรษ มังคละคีรี  | 2. สุรวุฒิ สุขแสงดาว,รถ : 3ฒภ 2576 กทม (นพ 01),FUSE LINK 22 KV. 40 A.EEI-NEMA TYPE K,2,,2026-01-21
166,21 ม.ค. 2569,18:44,17:00,0,กฟส.โพนสวรรค์ (XS),SSK07F-10,446,ลมแรง,ต้นไม้-กิ่งไม้หักพาดสาย,ศจฟ,18:44,16:50,18:00,70,1. สุทธิเกียรติ บุญรังษี,รถ : โพนสวรรค์-02,FUSE LINK 22 KV. 25 A.EEI-NEMA TYPE K,2,,2026-01-21
167,22 ม.ค. 2569,12:16,12:28,12,กฟส.นาหว้า (XS),SSK04VF-153,599,ลมแรง,ต้นไม้-กิ่งไม้หักพาดสาย,ศจฟ,12:16,12:17,12:30,13,1. อัมรินทร์ วะราวัง,รถ : นาหว้า 02,FUSE HOLDER 22 KV. 100 A. 12 KA.,1,,2026-01-22
168,22 ม.ค. 2569,12:19,12:51,31,กฟส.นาทม (XS),62-001990,131,ลมแรง,ต้นไม้-กิ่งไม้หักพาดสาย,ศจฟ,12:19,12:20,13:02,42,1. วราวุธ นาขมิ้น,รถ : นาทม 01,"CABLE,AL,750 V,50 SQ.MM. TIS.293",5,,2026-01-22
169,22 ม.ค. 2569,12:35,13:36,61,กฟส.นาหว้า (XS),52-920603,332,ลมแรง,ต้นไม้-กิ่งไม้หักพาดสาย,ศจฟ,12:35,12:25,13:38,73,1. อัมรินทร์ วะราวัง,รถ : นาหว้า 02,"CABLE LUG,NEMA 2-HOLE,AL 50 SQ.MM.",4,,2026-01-22
170,22 ม.ค. 2569,13:48,14:32,44,กฟส.นาหว้า (XS),SSK04VF-101,902,ลมแรง,ต้นไม้-กิ่งไม้หักพาดสาย,ศจฟ,13:48,13:25,14:33,68,1. อัมรินทร์ วะราวัง,รถ : นาหว้า 02,FUSE HOLDER 22 KV. 100 A. 12 KA.,1,,2026-01-22
171,22 ม.ค. 2569,15:55,17:47,112,กฟส.ท่าอุเทน (XS),BFA09VF-212,1870,ลมแรง,ต้นไม้-กิ่งไม้หักพาดสาย,ศจฟ,15:55,16:28,17:56,88,1. อนุสรณ์ ทองประสม,รถ : -,"INSULATOR,LINE-POST, 22 KV.,57-2L,P/A",2,,2026-01-22
172,22 ม.ค. 2569,16:30,17:59,88,กฟจ.นครพนม (L),NNB02VF-033,119,ลมแรง,ต้นไม้-กิ่งไม้หักพาดสาย,ศจฟ,16:30,16:31,18:05,94,1. พงษ์สนิจ ศรีวิชัย  | 2. วสันต์ชัย ดวงสูงเนิน  | 3. วิเชียร สุวอ  | 4. หิรัญ พลไกรสร,รถ : 81-1269 นพ (นพ 03),FUSE LINK 22 KV. 10 A.EEI-NEMA TYPE K,1,,2026-01-22
173,22 ม.ค. 2569,16:42,17:51,69,กฟส.โพนสวรรค์ (XS),65-003780,22,ลมแรง,อุปกรณ์-ชำรุด,ศจฟ,16:42,16:43,18:27,104,1. วรัญญู สังรวมใจ,รถ : โพนสวรรค์-02,"H.R.C. FUSE, BLADE CONTACT, 80 A",1,,2026-01-22
174,22 ม.ค. 2569,17:09,17:30,20,กฟส.นาหว้า (XS),SSK04VF-113,38,ลมแรง,อุปกรณ์-ชำรุด,ศจฟ,17:09,17:10,17:30,20,1. อัมรินทร์ วะราวัง,รถ : นาหว้า 02,FUSE LINK 22 KV. 20 A.EEI-NEMA TYPE K,1,,2026-01-22
175,22 ม.ค. 2569,20:43,20:59,15,กฟส.นาหว้า (XS),6602728465,1,ลมแรง,อุปกรณ์-ชำรุด,ศจฟ,20:43,20:40,21:01,21,1. อัมรินทร์ วะราวัง,รถ : นาหว้า 02,"CONN.,PG,DOUBLE BOLT,AL 25-95 SQ.MM.",2,,2026-01-22
176,22 ม.ค. 2569,21:07,22:05,58,กฟส.โพนสวรรค์ (XS),6200942782,1,ลมแรง,อุปกรณ์-ติดตั้งไม่ได้มาตรฐาน,ศจฟ,21:07,21:08,22:36,88,1. วรัญญู สังรวมใจ,รถ : โพนสวรรค์-02,"CABLE,CU,PVC,INS.&JAC. 600V, 2X10 SQ.MM.",7,,2026-01-22
177,23 ม.ค. 2569,06:53,08:00,67,กฟส.โพนสวรรค์ (XS),60-030867,12,อากาศชื้น / หมอก,ต้นไม้-ต้นไม้ล้มทับสาย,ศจฟ,06:53,06:54,08:30,96,1. วรัญญู สังรวมใจ,รถ : โพนสวรรค์-02,"CABLE,AL,750 V,50 SQ.MM. TIS.293",6,,2026-01-23
178,23 ม.ค. 2569,11:00,12:30,90,กฟจ.นครพนม (L),6600511316,1,อากาศชื้น / หมอก,ต้นไม้-ต้นไม้ล้มทับสาย,ศจฟ,11:00,11:32,13:06,94,1. ชัยยา มาตขาว  | 2. นลธวัช ศรีหาเศษ,รถ : 3ฒภ 2576 กทม (นพ 01),"CONN.,PG,DOUBLE BOLT,AL 25-95 SQ.MM.",2,,2026-01-23
179,23 ม.ค. 2569,12:29,14:20,111,กฟจ.นครพนม (L),NNA04F-04/02,80,อากาศชื้น / หมอก,ต้นไม้-ต้นไม้ล้มทับสาย,ศจฟ,12:29,13:30,14:40,70,1. ชัยยา มาตขาว  | 2. นลธวัช ศรีหาเศษ,รถ : 3ฒภ 2576 กทม (นพ 01),FUSE LINK 22 KV. 8 A.EEI-NEMA TYPE K,2,,2026-01-23
180,23 ม.ค. 2569,13:30,15:34,124,กฟส.ปลาปาก (XS),NNA07F-56,1102,อากาศปกติ,ต้นไม้-ต้นไม้ล้มทับสาย,ศจฟ,13:30,15:24,15:36,12,1. สุธรรม จันทะผา,รถ : รถแก้ไฟปลาปาก 01,FUSE LINK 22 KV. 40 A.EEI-NEMA TYPE K,1,,2026-01-23
181,23 ม.ค. 2569,14:24,14:53,29,กฟส.ศรีสงคราม (XS),SSK02VF-024,72,อากาศปกติ,สัตว์-งู,ศจฟ,14:24,14:25,15:20,55,1. ปัญจพงษ์ เศรษฐาไชย,รถ : ศรีสงคราม 01,FUSE LINK 22 KV. 10 A.EEI-NEMA TYPE K,1,,2026-01-23
182,23 ม.ค. 2569,17:53,19:09,76,กฟส.โพนสวรรค์ (XS),NNA01F-44,1081,ลมแรง,สัตว์-งู,ศจฟ,17:53,17:54,19:46,112,1. ทรงกลด มาศศรี,รถ : โพนสวรรค์-02,FUSE HOLDER 22 KV. 100 A. 12 KA.,1,,2026-01-23
183,23 ม.ค. 2569,21:33,22:20,47,กฟส.โพนสวรรค์ (XS),6100297273,1,อากาศปกติ,สัตว์-งู,ศจฟ,21:33,21:34,22:42,68,1. ทรงกลด มาศศรี,รถ : โพนสวรรค์-02,"CABLE,CU,PVC,INS.&JAC. 600V, 2X10 SQ.MM.",7,,2026-01-23
184,24 ม.ค. 2569,06:42,07:47,64,กฟส.โพนสวรรค์ (XS),SSK07F-07,3446,อากาศชื้น / หมอก,สัตว์-นก/ค้างคาว,ศจฟ,06:42,06:40,07:50,70,1. ทรงกลด มาศศรี,รถ : โพนสวรรค์-02,FUSE LINK 22 KV. 40 A.EEI-NEMA TYPE K,2,,2026-01-24
185,24 ม.ค. 2569,11:02,11:39,36,กฟส.นาหว้า (XS),SSK06F-21,31,อากาศชื้น / หมอก,สัตว์-นก/ค้างคาว,ศจฟ,11:02,11:02,11:41,39,1. อัมรินทร์ วะราวัง,รถ : นาหว้า 02,FUSE HOLDER 22 KV. 100 A. 12 KA.,1,,2026-01-24
186,24 ม.ค. 2569,13:44,14:00,15,กฟส.ศรีสงคราม (XS),SSK02VF-022,3,ลมแรง,วัสดุแปลกปลอม-เศษกิ่งไม้ใบไม้/ฟาง/ทางมะพร้าวปลิวมาแตะ,ศจฟ,13:44,13:47,14:08,22,1. เชาวลิต หัสรินทร์,รถ : ศรีสงคราม 01,FUSE LINK 22 KV. 10 A.EEI-NEMA TYPE K,2,,2026-01-24
187,24 ม.ค. 2569,13:44,14:20,36,กฟส.นาหว้า (XS),6700718941,1,ลมแรง,วัสดุแปลกปลอม-เศษกิ่งไม้ใบไม้/ฟาง/ทางมะพร้าวปลิวมาแตะ,ศจฟ,13:44,13:40,15:31,111,1. อัมรินทร์ วะราวัง,รถ : นาหว้า 02,"CONN.,PG,DOUBLE BOLT,AL 25-95 SQ.MM.",2,,2026-01-24
188,24 ม.ค. 2569,17:04,17:05,1,กฟส.โพนสวรรค์ (XS),67-026403,27,อากาศปกติ,วัสดุแปลกปลอม-เศษกิ่งไม้ใบไม้/ฟาง/ทางมะพร้าวปลิวมาแตะ,ศจฟ,17:04,17:05,19:09,124,1. เพชราวุธ โพชราช,รถ : โพนสวรรค์-02,"CABLE,AL,750 V,50 SQ.MM. TIS.293",6,,2026-01-24
189,24 ม.ค. 2569,18:36,19:18,42,กฟส.นาแก (S),59-003985,66,อากาศปกติ,อุปกรณ์-ชำรุด,ศจฟ,18:36,18:37,19:22,45,1. ธีระวัฒน์ สิงนวน,รถ : นก-03,"H.R.C. FUSE, BLADE CONTACT, 100 A",1,,2026-01-24
190,25 ม.ค. 2569,07:30,07:40,10,กฟส.โพนสวรรค์ (XS),SSK07F-5888888,2,อากาศชื้น / หมอก,อุปกรณ์-ชำรุด,ศจฟ,07:30,07:01,08:01,60,1. เพชราวุธ โพชราช,รถ : โพนสวรรค์-02,FUSE LINK 22 KV. 25 A.EEI-NEMA TYPE K,1,,2026-01-25
191,25 ม.ค. 2569,07:45,08:17,31,กฟจ.นครพนม (L),NNA10VF-001-5,910,อากาศชื้น / หมอก,อุปกรณ์-ชำรุด,ศจฟ,07:45,07:15,08:15,60,1. ณัฏฐศรันย์ อันทระบุตร  | 2. พิพัฒน์ นะระทะ  | 3. สันติ อินทิสาร,รถ : 3ฒภ 2576 กทม (นพ 01),FUSE LINK 22 KV. 40 A.EEI-NEMA TYPE K,2,,2026-01-25
192,25 ม.ค. 2569,08:00,08:30,29,กฟส.ศรีสงคราม (XS),SSK02VF-015,1628,อากาศชื้น / หมอก,สัตว์-นก/ค้างคาว,ศจฟ,08:00,08:12,08:40,28,1. เชาวลิต หัสรินทร์,รถ : ศรีสงคราม 01,FUSE LINK 22 KV. 25 A.EEI-NEMA TYPE K,2,,2026-01-25
193,25 ม.ค. 2569,20:02,20:53,51,กฟส.นาหว้า (XS),SSK04VF-129,93,อากาศปกติ,สัตว์-ตุ๊กแก/ตะกวด/กิ้งก่า/ตัวเงินตัวทอง,ศจฟ,20:02,20:03,20:55,52,1. กิตติศักดิ์ คำชนะ,รถ : นาหว้า 02,FUSE LINK 22 KV. 25 A.EEI-NEMA TYPE K,2,,2026-01-25
194,25 ม.ค. 2569,21:41,21:00,0,กฟส.โพนสวรรค์ (XS),NNA01F-39,527,อากาศปกติ,ต้นไม้-ต้นไม้เลื้อย/โตมาแตะสาย,ศจฟ,21:41,20:20,21:40,80,1. สุทธิเกียรติ บุญรังษี,รถ : โพนสวรรค์-02,FUSE LINK 22 KV. 30 A.EEI-NEMA TYPE K,3,,2026-01-25
195,26 ม.ค. 2569,06:35,08:13,97,กฟส.ท่าอุเทน (XS),NNA01VF-204,1150,อากาศปกติ,สัตว์-นก/ค้างคาว,ศจฟ,06:35,06:30,08:00,90,1. ปรินทร์ บุญเทียม,รถ : รถแก้ไฟท่าอุเทน,FUSE LINK 22 KV. 15 A.EEI-NEMA TYPE K,2,,2026-01-26
196,26 ม.ค. 2569,09:08,09:57,49,กฟส.นาทม (XS),51-900115,279,อากาศปกติ,สัตว์-นก/ค้างคาว,ศจฟ,09:08,09:09,09:59,50,1. วราวุธ นาขมิ้น,รถ : นาทม 02,FUSE LINK 22 KV. 8 A.EEI-NEMA TYPE K,1,,2026-01-26
197,26 ม.ค. 2569,09:53,10:18,24,กฟส.ปลาปาก (XS),NNA07F-56,1102,อากาศปกติ,วัสดุแปลกปลอม-ว่าว/โคมลอย/ลูกโป่ง/บั้งไฟ,ศจฟ,09:53,09:54,10:26,32,1. สุธรรม จันทะผา,รถ : รถแก้ไฟปลาปาก 01,FUSE LINK 22 KV. 40 A.EEI-NEMA TYPE K,2,,2026-01-26
198,26 ม.ค. 2569,09:59,11:36,97,กฟส.นาหว้า (XS),54-010112,273,อากาศปกติ,วัสดุแปลกปลอม-ว่าว/โคมลอย/ลูกโป่ง/บั้งไฟ,ศจฟ,09:59,10:00,11:40,100,1. อัมรินทร์ วะราวัง,รถ : นาหว้า 02,"CABLE LUG,NEMA 2-HOLE,AL 50 SQ.MM.",2,,2026-01-26
199,26 ม.ค. 2569,10:05,10:51,45,กฟส.นาทม (XS),66-018362,253,อากาศปกติ,วัสดุแปลกปลอม-ว่าว/โคมลอย/ลูกโป่ง/บั้งไฟ,ศจฟ,10:05,10:08,10:52,44,1. วราวุธ นาขมิ้น,รถ : นาทม 02,FUSE LINK 22 KV. 8 A.EEI-NEMA TYPE K,1,,2026-01-26
200,26 ม.ค. 2569,10:38,10:46,8,กฟส.ปลาปาก (XS),NNA07F-37,380,อากาศปกติ,วัสดุแปลกปลอม-ว่าว/โคมลอย/ลูกโป่ง/บั้งไฟ,ศจฟ,10:38,10:38,10:51,13,1. สุธรรม จันทะผา,รถ : รถแก้ไฟปลาปาก 01,FUSE LINK 22 KV. 20 A.EEI-NEMA TYPE K,1,,2026-01-26
201,26 ม.ค. 2569,13:24,13:50,26,กฟส.นาหว้า (XS),20402124,1,อากาศปกติ,วัสดุแปลกปลอม-ว่าว/โคมลอย/ลูกโป่ง/บั้งไฟ,ศจฟ,13:24,13:15,13:50,35,1. อัมรินทร์ วะราวัง,รถ : นาหว้า 02,"CONN.,PG,DOUBLE BOLT,AL 16-70 SQ.MM.",2,,2026-01-26
202,26 ม.ค. 2569,18:49,19:51,61,กฟส.โพนสวรรค์ (XS),6200390799,1,ลมแรง,อุปกรณ์-ติดตั้งไม่ได้มาตรฐาน,ศจฟ,18:49,18:50,20:33,103,1. วรัญญู สังรวมใจ,รถ : โพนสวรรค์-02,"CABLE,CU,PVC,INS.&JAC. 600V, 2X10 SQ.MM.",7,,2026-01-26
203,26 ม.ค. 2569,18:55,20:11,76,กฟจ.นครพนม (L),NNA01VF-064,14,ลมแรง,อุปกรณ์-ติดตั้งไม่ได้มาตรฐาน,ศจฟ,18:55,19:08,20:14,66,1. ปรีชา เพ็งคำ  | 2. วสันต์ชัย ดวงสูงเนิน,รถ : 3ฒภ 2576 กทม (นพ 01),FUSE LINK 22 KV. 8 A.EEI-NEMA TYPE K,1,,2026-01-26
204,27 ม.ค. 2569,06:31,07:56,85,กฟส.โพนสวรรค์ (XS),SSK09F-10,45,อากาศชื้น / หมอก,อุปกรณ์-ติดตั้งไม่ได้มาตรฐาน,ศจฟ,06:31,06:34,08:30,116,1. วรัญญู สังรวมใจ,รถ : โพนสวรรค์-02,FUSE LINK 22 KV. 20 A.EEI-NEMA TYPE K,1,,2026-01-27
205,27 ม.ค. 2569,06:35,07:09,33,กฟส.ปลาปาก (XS),NNA07F-36/1,1000,อากาศปกติ,อุปกรณ์-ติดตั้งไม่ได้มาตรฐาน,ศจฟ,06:35,06:36,07:24,48,1. สุธรรม จันทะผา,รถ : รถแก้ไฟปลาปาก 01,FUSE LINK 22 KV. 25 A.EEI-NEMA TYPE K,1,,2026-01-27
206,27 ม.ค. 2569,08:33,09:19,45,กฟส.นาหว้า (XS),SSK06F-11/2,155,อากาศปกติ,อุปกรณ์-ติดตั้งไม่ได้มาตรฐาน,ศจฟ,08:33,08:15,09:21,66,1. อัมรินทร์ วะราวัง,รถ : นาหว้า 02,FUSE HOLDER 22 KV. 100 A. 12 KA.,1,,2026-01-27
207,27 ม.ค. 2569,10:32,14:15,223,กฟส.ท่าอุเทน (XS),50-000381,29,อากาศปกติ,อุปกรณ์-ชำรุด,ศจฟ,10:32,10:33,10:50,17,1. ปรินทร์ บุญเทียม,รถ : -,"CABLE LUG,NEMA 2-HOLE,AL 50 SQ.MM.",2,,2026-01-27
208,27 ม.ค. 2569,11:00,11:51,51,กฟส.นาทม (XS),SEK03F-97/2,535,อากาศปกติ,อุปกรณ์-ชำรุด,ศจฟ,11:00,11:21,12:08,47,1. วราวุธ นาขมิ้น,รถ : นาทม 02,FUSE LINK 22 KV. 20 A.EEI-NEMA TYPE K,1,,2026-01-27
209,27 ม.ค. 2569,11:35,13:05,90,กฟส.ศรีสงคราม (XS),51-001839,43,อากาศปกติ,อุปกรณ์-ชำรุด,ศจฟ,11:35,11:36,13:25,109,1. ปัญจพงษ์ เศรษฐาไชย,รถ : ศรีสงคราม 01,"CABLE,AL,750 V,50 SQ.MM. TIS.293",5,,2026-01-27
210,27 ม.ค. 2569,11:47,12:09,22,กฟส.ปลาปาก (XS),67-035014,0,อากาศปกติ,อุปกรณ์-ชำรุด,ศจฟ,11:47,11:51,12:17,26,1. สุธรรม จันทะผา,รถ : รถแก้ไฟปลาปาก 01,"H.R.C. FUSE, BLADE CONTACT, 80 A",1,,2026-01-27
211,27 ม.ค. 2569,14:25,19:51,326,กฟส.ท่าอุเทน (XS),61-003977,17,อากาศปกติ,อุปกรณ์-ชำรุด,ศจฟ,14:25,14:26,14:40,14,1. ปรินทร์ บุญเทียม,รถ : -,"CABLE LUG,NEMA 2-HOLE,AL 50 SQ.MM.",2,,2026-01-27
212,27 ม.ค. 2569,14:49,15:35,45,กฟส.นาหว้า (XS),37-007470,201,อากาศปกติ,อุปกรณ์-ชำรุด,ศจฟ,14:49,14:52,15:39,47,1. อัมรินทร์ วะราวัง,รถ : นาหว้า 02,"DROPOUT,FUSE,22 KV.100 A.12 KA",3,,2026-01-27
213,27 ม.ค. 2569,15:30,17:21,111,กฟจ.นครพนม (L),67-035729,37,อากาศปกติ,อุปกรณ์-ชำรุด,ศจฟ,15:30,15:30,16:11,41,1. จันทะคาด บัวเคน  | 2. ทศวรรษ มังคละคีรี  | 3. นลธวัช ศรีหาเศษ,รถ : 3ฒภ 2576 กทม (นพ 01),"CONN.,PG,DOUBLE BOLT,AL 25-95 SQ.MM.",2,,2026-01-27
214,27 ม.ค. 2569,17:07,17:55,47,กฟส.นาแก (S),67-035721,135,อากาศปกติ,อุปกรณ์-ชำรุด,ศจฟ,17:07,17:36,17:59,23,1. ธีระวัฒน์ สิงนวน  | 2. อนาวิน อาจหาญ,รถ : นก-07,"CONN.,PG,DOUBLE BOLT,AL 25-95 SQ.MM.",2,,2026-01-27
215,28 ม.ค. 2569,07:30,08:15,45,กฟส.ศรีสงคราม (XS),BFA01VF-205,4188,อากาศปกติ,สัตว์-กระรอก/กระแต/หนู,ศจฟ,07:30,07:30,08:40,70,1. ปัญจพงษ์ เศรษฐาไชย,รถ : ศรีสงคราม 01,FUSE LINK 22 KV. 25 A.EEI-NEMA TYPE K,1,,2026-01-28
216,28 ม.ค. 2569,10:54,11:40,45,กฟส.โพนสวรรค์ (XS),5600279025,1,อากาศปกติ,อุปกรณ์-ชำรุด,ศจฟ,10:54,10:56,12:16,80,1. ทรงกลด มาศศรี,รถ : โพนสวรรค์-02,"CABLE,CU,PVC,INS.&JAC. 600V, 2X10 SQ.MM.",7,,2026-01-28
217,28 ม.ค. 2569,11:43,12:21,38,กฟส.นาหว้า (XS),38-004461,57,อากาศปกติ,อุปกรณ์-ชำรุด,ศจฟ,11:43,12:02,12:23,21,1. อัมรินทร์ วะราวัง,รถ : นาหว้า 02,"CABLE,AL,750 V,50 SQ.MM. TIS.293",5,,2026-01-28
218,28 ม.ค. 2569,11:58,12:15,17,กฟส.ท่าอุเทน (XS),56-003956,49,อากาศปกติ,อุปกรณ์-ชำรุด,ศจฟ,11:58,12:05,12:17,12,1. ปรินทร์ บุญเทียม,รถ : รถแก้ไฟท่าอุเทน,FUSE LINK 22 KV. 3 A.EEI-NEMA TYPE K,2,,2026-01-28
219,28 ม.ค. 2569,12:03,12:45,42,กฟส.นาทม (XS),60-004818,94,อากาศปกติ,อุปกรณ์-ชำรุด,ศจฟ,12:03,12:04,12:53,49,1. วราวุธ นาขมิ้น,รถ : นาทม 02,"CABLE,AL,750 V,50 SQ.MM. TIS.293",4,,2026-01-28
220,28 ม.ค. 2569,12:10,12:50,40,กฟจ.นครพนม (L),68-007605,22,อากาศปกติ,อุปกรณ์-ชำรุด,ศจฟ,12:10,12:21,13:20,59,1. หฤษฎ์ ถูระวัน,รถ : 3ฒภ 2576 กทม (นพ 01),"H.R.C. FUSE, BLADE CONTACT, 100 A",1,,2026-01-28
221,28 ม.ค. 2569,12:52,13:08,15,กฟส.นาหว้า (XS),SSK04VF-120,9,อากาศปกติ,อุปกรณ์-ชำรุด,ศจฟ,12:52,12:54,13:09,15,1. อัมรินทร์ วะราวัง,รถ : นาหว้า 02,FUSE LINK 22 KV. 8 A.EEI-NEMA TYPE K,2,,2026-01-28
222,28 ม.ค. 2569,13:54,14:48,54,กฟส.นาทม (XS),62-001848,406,อากาศปกติ,อุปกรณ์-ชำรุด,ศจฟ,13:54,13:56,14:57,61,1. วราวุธ นาขมิ้น,รถ : นาทม 02,"H.R.C. FUSE, BLADE CONTACT, 160 A",1,,2026-01-28
223,28 ม.ค. 2569,14:35,14:45,10,กฟส.ท่าอุเทน (XS),60-007030,84,อากาศปกติ,อุปกรณ์-ชำรุด,ศจฟ,14:35,14:36,14:50,14,1. ปรินทร์ บุญเทียม,รถ : รถมอไซค์พ่วงข้าง,"H.R.C. FUSE, BLADE CONTACT, 80 A",2,,2026-01-28
224,28 ม.ค. 2569,16:40,19:00,140,กฟส.ธาตุพนม (S),66-018372,112,อากาศปกติ,อุปกรณ์-ชำรุด,ศจฟ,16:40,17:48,19:02,74,1. นรากร แสนโสม,รถ : กระเช้าธาตุพนม,H.R.C. FUSE 200 A. DIN ORBS,2,,2026-01-28
225,29 ม.ค. 2569,07:00,09:41,161,กฟจ.นครพนม (L),NNB02VF-003,12,อากาศปกติ,อุปกรณ์-ชำรุด,ศจฟ,07:00,07:20,09:43,143,1. วสันต์ชัย ดวงสูงเนิน  | 2. หิรัญ พลไกรสร,รถ : 3ฒภ 2576 กทม (นพ 01),FUSE LINK 22 KV. 10 A.EEI-NEMA TYPE K,1,,2026-01-29
226,29 ม.ค. 2569,16:30,20:23,233,กฟจ.นครพนม (L),NNA03F-07,2,อากาศปกติ,อุปกรณ์-ชำรุด,ศจฟ,16:30,16:38,17:00,22,1. ถวิล เมษาคุณ  | 2. ทศวรรษ มังคละคีรี  | 3. ประจล ศรีสุราช  | 4. พงษ์สนิจ ศรีวิชัย  | 5. เกรียงไกร ลาหมัน,รถ : 81-1269 นพ (นพ 03),FUSE LINK 22 KV. 30 A.EEI-NEMA TYPE K,2,,2026-01-29
227,29 ม.ค. 2569,16:40,18:19,99,กฟจ.นครพนม (L),NNB01VF-025,11,อากาศปกติ,อุปกรณ์-ชำรุด,ศจฟ,16:40,16:41,18:22,101,1. ถวิล เมษาคุณ  | 2. ทศวรรษ มังคละคีรี  | 3. ประจล ศรีสุราช  | 4. เกรียงไกร ลาหมัน,รถ : 3ฒภ 2576 กทม (นพ 01),FUSE LINK 22 KV. 25 A.EEI-NEMA TYPE K,2,,2026-01-29
228,29 ม.ค. 2569,18:30,20:25,115,กฟจ.นครพนม (L),NNB02VF-035,377,อากาศปกติ,อุปกรณ์-ชำรุด,ศจฟ,18:30,19:02,19:58,56,1. ถวิล เมษาคุณ  | 2. ทศวรรษ มังคละคีรี  | 3. ประจล ศรีสุราช  | 4. เกรียงไกร ลาหมัน,รถ : 81-1269 นพ (นพ 03),FUSE LINK 22 KV. 25 A.EEI-NEMA TYPE K,2,,2026-01-29
229,29 ม.ค. 2569,18:57,19:17,20,กฟส.บ้านแพง (S),SSK08F-65-1,519,อากาศปกติ,ต้นไม้-ลมพัดต้นไม้มาแตะสาย,ศจฟ,18:57,19:09,19:32,23,1. ปิยะณัฐ พลเหี้ยมหาญ,รถ : กระเช้าบ้านแพง,FUSE LINK 22 KV. 15 A.EEI-NEMA TYPE K,2,,2026-01-29
230,29 ม.ค. 2569,19:20,20:26,66,กฟส.ธาตุพนม (S),6300686638,1,อากาศปกติ,อุปกรณ์-ชำรุด,ศจฟ,19:20,19:24,20:29,65,1. ธีรพิชญ์ มิ่งขวัญ  | 2. อติชาติ เมืองงาม,รถ : กระเช้าธาตุพนม,"CONN.,PG,DOUBLE BOLT,AL 16-70 SQ.MM.",1,,2026-01-29
231,29 ม.ค. 2569,20:17,21:00,42,กฟส.นาหว้า (XS),SSK04VF-159,1,อากาศปกติ,สัตว์-นก/ค้างคาว,ศจฟ,20:17,20:26,21:14,48,1. สุรธรรม แพงเหนือ,รถ : นาหว้า 02,FUSE LINK 22 KV. 20 A.EEI-NEMA TYPE K,2,,2026-01-29
232,30 ม.ค. 2569,06:52,06:34,0,กฟส.โพนสวรรค์ (XS),SSS01F-12142,4,อากาศชื้น / หมอก,สัตว์-นก/ค้างคาว,ศจฟ,06:52,05:42,06:51,69,1. เพชราวุธ โพชราช,รถ : โพนสวรรค์-02,FUSE LINK 22 KV. 15 A.EEI-NEMA TYPE K,1,,2026-01-30
233,30 ม.ค. 2569,07:20,07:34,14,กฟส.ท่าอุเทน (XS),NNA01VF-223,842,อากาศปกติ,ต้นไม้-ต้นไม้เลื้อย/โตมาแตะสาย,ศจฟ,07:20,07:24,07:42,18,1. ปรินทร์ บุญเทียม,รถ : รถแก้ไฟท่าอุเทน,FUSE LINK 22 KV. 25 A.EEI-NEMA TYPE K,1,,2026-01-30
234,30 ม.ค. 2569,07:30,08:16,45,กฟส.ศรีสงคราม (XS),64-019135,11,อากาศปกติ,สภาพสิ่งแวดล้อม-ความชื้น,ศจฟ,07:30,07:31,08:35,64,1. ปัญจพงษ์ เศรษฐาไชย,รถ : ศรีสงคราม 01,"CABLE,AL,750 V,50 SQ.MM. TIS.293",5,,2026-01-30
235,30 ม.ค. 2569,07:45,08:30,45,กฟส.ท่าอุเทน (XS),BFA09VF-205,54,อากาศปกติ,สภาพสิ่งแวดล้อม-ความชื้น,ศจฟ,07:45,07:56,08:30,34,1. ปรินทร์ บุญเทียม,รถ : รถแก้ไฟท่าอุเทน,FUSE LINK 22 KV. 20 A.EEI-NEMA TYPE K,2,,2026-01-30
236,30 ม.ค. 2569,08:30,09:06,36,กฟส.นาหว้า (XS),53-001402,1,อากาศปกติ,สภาพสิ่งแวดล้อม-ความชื้น,ศจฟ,08:30,08:33,09:07,34,1. สุรธรรม แพงเหนือ  | 2. อัมรินทร์ วะราวัง,รถ : นาหว้า 02,FUSE HOLDER 22 KV. 100 A. 12 KA.,1,,2026-01-30
237,30 ม.ค. 2569,11:32,11:41,9,กฟส.นาหว้า (XS),SSK04VF-124,145,อากาศปกติ,สภาพสิ่งแวดล้อม-ความชื้น,ศจฟ,11:32,11:30,11:43,13,1. อัมรินทร์ วะราวัง,รถ : นาหว้า 02,FUSE HOLDER 22 KV. 100 A. 12 KA.,1,,2026-01-30
238,30 ม.ค. 2569,20:42,22:16,94,กฟส.ธาตุพนม (S),67-021385,446,อากาศปกติ,อุปกรณ์-ชำรุด,ศจฟ,20:42,20:43,22:19,96,1. ศรายุทธ์ ญาติสมบูรณ์,รถ : กระเช้าธาตุพนม,H.R.C. FUSE 200 A. DIN ORBS,1,,2026-01-30
239,30 ม.ค. 2569,22:03,22:45,42,กฟส.ศรีสงคราม (XS),SSK01VF-026,39,อากาศปกติ,อุปกรณ์-ชำรุด,ศจฟ,22:03,22:05,23:14,69,1. วุฒิชัย เหมเมือง,รถ : ศรีสงคราม 02,FUSE LINK 22 KV. 20 A.EEI-NEMA TYPE K,1,,2026-01-30
240,31 ม.ค. 2569,07:16,07:58,42,กฟส.โพนสวรรค์ (XS),SSK07F-08,2180,อากาศชื้น / หมอก,สภาพสิ่งแวดล้อม-ความชื้น,ศจฟ,07:16,06:00,07:30,90,1. รวิชญ์ พรมน้อย,รถ : โพนสวรรค์-03,FUSE LINK 22 KV. 25 A.EEI-NEMA TYPE K,1,,2026-01-31
241,31 ม.ค. 2569,17:37,18:44,67,กฟส.โพนสวรรค์ (XS),6000121484,1,ลมแรง,อุปกรณ์-ติดตั้งไม่ได้มาตรฐาน,ศจฟ,17:37,17:40,19:15,95,1. วรัญญู สังรวมใจ,รถ : โพนสวรรค์-02,"CABLE,CU,PVC,INS.&JAC. 600V, 2X10 SQ.MM.",7,,2026-01-31
242,31 ม.ค. 2569,18:48,19:00,12,กฟส.นาแก (S),THA03VF-205,96,ลมแรง,ต้นไม้-กิ่งไม้หักพาดสาย,ศจฟ,18:48,18:00,19:00,60,1. อนาวิน อาจหาญ,รถ : นก-03,FUSE LINK 22 KV. 20 A.EEI-NEMA TYPE K,1,,2026-01-31
243,1 ก.พ. 2569,05:20,07:38,138,กฟส.โพนสวรรค์ (XS),NNA01F-22/1,888,อากาศชื้น / หมอก,ต้นไม้-กิ่งไม้หักพาดสาย,ศจฟ,05:20,05:21,07:17,116,1. รวิชญ์ พรมน้อย  | 2. วรัญญู สังรวมใจ,รถ : โพนสวรรค์-02,FUSE LINK 22 KV. 25 A.EEI-NEMA TYPE K,1,,2026-02-01
244,1 ก.พ. 2569,07:05,07:52,47,กฟส.ท่าอุเทน (XS),NNA01VF-211,11,อากาศชื้น / หมอก,ต้นไม้-กิ่งไม้หักพาดสาย,ศจฟ,07:05,07:30,07:55,25,1. สุรธวัช วุฒิสาร  | 2. อนุสรณ์ ทองประสม,รถ : รถแก้ไฟท่าอุเทน,FUSE LINK 22 KV. 5-6 A.EEI-NEMA TYPE K,1,,2026-02-01
245,1 ก.พ. 2569,10:48,11:00,12,กฟส.โพนสวรรค์ (XS),SSK07F-10,445,อากาศปกติ,สัตว์-งู,ศจฟ,10:48,10:00,11:30,90,1. ทรงกลด มาศศรี,รถ : โพนสวรรค์-03,FUSE LINK 22 KV. 25 A.EEI-NEMA TYPE K,2,,2026-02-01
246,1 ก.พ. 2569,12:49,13:44,54,กฟส.เรณูนคร (XS),THA02F-24,303,อากาศปกติ,สัตว์-งู,ศจฟ,12:49,13:03,13:50,47,1. พงศวัชร์ ธัญภัทร์อนันต์,รถ : 80-7964 นพ รณ.01,FUSE LINK 22 KV. 15 A.EEI-NEMA TYPE K,2,,2026-02-01
247,1 ก.พ. 2569,13:20,14:54,94,กฟส.โพนสวรรค์ (XS),66-022416,151,อากาศปกติ,อุปกรณ์-ชำรุด,ศจฟ,13:20,13:23,15:12,109,1. ทรงกลด มาศศรี,รถ : โพนสวรรค์-03,"CABLE,AL,750 V,50 SQ.MM. TIS.293",13,,2026-02-01
248,1 ก.พ. 2569,15:28,15:52,24,กฟส.โพนสวรรค์ (XS),6300987015,1,อากาศปกติ,อุปกรณ์-ชำรุด,ศจฟ,15:28,15:15,16:15,60,1. ทรงกลด มาศศรี,รถ : โพนสวรรค์-03,"CABLE,CU,PVC,INS.&JAC. 600V, 2X10 SQ.MM.",7,,2026-02-01
249,1 ก.พ. 2569,16:30,19:01,151,กฟส.ปลาปาก (XS),41-000250,291,อากาศปกติ,อุปกรณ์-ชำรุด,ศจฟ,16:30,16:58,20:10,192,1. พงศ์อิสรา ภักดี,รถ : รถกระเช้า (04),"CABLE,AERIAL,AL 22 KV. 1X50 SQ.MM.",6,,2026-02-01
250,1 ก.พ. 2569,19:30,20:43,73,กฟจ.นครพนม (L),NNA07F-30,9,ลมแรง,สัตว์-ตุ๊กแก/ตะกวด/กิ้งก่า/ตัวเงินตัวทอง,ศจฟ,19:30,19:47,20:55,68,1. พงศ์อิสรา ภักดี  | 2. พงษ์สนิจ ศรีวิชัย  | 3. วิเชียร สุวอ  | 4. หิรัญ พลไกรสร,รถ : 81-1269 นพ (นพ 03),FUSE LINK 22 KV. 15 A.EEI-NEMA TYPE K,1,,2026-02-01
251,2 ก.พ. 2569,07:32,02:30,0,กฟส.โพนสวรรค์ (XS),NNA01F-22/1,888,อากาศชื้น / หมอก,สัตว์-นก/ค้างคาว,ศจฟ,07:32,02:00,03:00,60,1. วสุธา หล้าพรหม,รถ : โพนสวรรค์-03,FUSE LINK 22 KV. 25 A.EEI-NEMA TYPE K,1,,2026-02-02
252,2 ก.พ. 2569,07:33,07:50,17,กฟส.โพนสวรรค์ (XS),SSK07F-10,445,อากาศชื้น / หมอก,สัตว์-นก/ค้างคาว,ศจฟ,07:33,07:30,08:20,50,1. วสุธา หล้าพรหม,รถ : โพนสวรรค์-03,FUSE LINK 22 KV. 25 A.EEI-NEMA TYPE K,1,,2026-02-02
253,2 ก.พ. 2569,12:29,13:00,31,กฟส.ศรีสงคราม (XS),SSK07VF-004,1583,ลมแรง,วัสดุแปลกปลอม-เศษกิ่งไม้ใบไม้/ฟาง/ทางมะพร้าวปลิวมาแตะ,ศจฟ,12:29,12:30,13:02,32,1. เชาวลิต หัสรินทร์,รถ : ศรีสงคราม 01,FUSE LINK 22 KV. 25 A.EEI-NEMA TYPE K,1,,2026-02-02
254,2 ก.พ. 2569,12:30,12:41,11,กฟส.นาหว้า (XS),63-034767,22,ลมแรง,วัสดุแปลกปลอม-เศษกิ่งไม้ใบไม้/ฟาง/ทางมะพร้าวปลิวมาแตะ,ศจฟ,12:30,12:30,12:42,12,1. อัมรินทร์ วะราวัง,รถ : นาหว้า 02,FUSE HOLDER 22 KV. 100 A. 12 KA.,1,,2026-02-02
255,2 ก.พ. 2569,13:38,13:57,18,กฟส.ปลาปาก (XS),THA06F-86,397,อากาศปกติ,วัสดุแปลกปลอม-ว่าว/โคมลอย/ลูกโป่ง/บั้งไฟ,ศจฟ,13:38,13:39,14:12,33,1. สุธรรม จันทะผา,รถ : รถแก้ไฟปลาปาก 01,FUSE LINK 22 KV. 30 A.EEI-NEMA TYPE K,2,,2026-02-02
256,2 ก.พ. 2569,14:22,14:55,33,กฟส.ปลาปาก (XS),NNA07F-36/1,998,อากาศปกติ,สัตว์-งู,ศจฟ,14:22,14:23,15:14,51,1. สุธรรม จันทะผา,รถ : รถแก้ไฟปลาปาก 01,FUSE LINK 22 KV. 25 A.EEI-NEMA TYPE K,2,,2026-02-02
257,2 ก.พ. 2569,14:24,14:40,15,กฟส.ศรีสงคราม (XS),SSK08VF-060,61,อากาศปกติ,สัตว์-กระรอก/กระแต/หนู,ศจฟ,14:24,14:24,14:45,21,1. เชาวลิต หัสรินทร์,รถ : ศรีสงคราม 01,FUSE LINK 22 KV. 25 A.EEI-NEMA TYPE K,1,,2026-02-02
258,2 ก.พ. 2569,15:20,15:53,33,กฟจ.นครพนม (L),NNA06F-07/1,1,อากาศปกติ,สัตว์-กระรอก/กระแต/หนู,ศจฟ,15:20,14:00,15:00,60,1. กิติศักดิ์ หาราช  | 2. ประจล ศรีสุราช  | 3. สันติ อินทิสาร,รถ : 3ฒภ 2576 กทม (นพ 01),FUSE LINK 22 KV. 15 A.EEI-NEMA TYPE K,2,,2026-02-02
259,2 ก.พ. 2569,16:05,17:21,1516,กฟจ.นครพนม (L),NNB01VF-026,1,อากาศปกติ,สัตว์-กระรอก/กระแต/หนู,ศจฟ,16:05,16:00,17:00,60,1. กิติศักดิ์ หาราช  | 2. ประจล ศรีสุราช  | 3. สันติ อินทิสาร,รถ : 3ฒภ 2576 กทม (นพ 01),FUSE LINK 22 KV. 10 A.EEI-NEMA TYPE K,2,,2026-02-02
260,3 ก.พ. 2569,07:42,07:55,13,กฟส.โพนสวรรค์ (XS),5600189464,1,อากาศชื้น / หมอก,อุปกรณ์-ชำรุด,ศจฟ,07:42,07:00,08:00,60,1. รวิชญ์ พรมน้อย,รถ : โพนสวรรค์-03,"CABLE,CU,PVC,INS.&JAC. 600V, 2X10 SQ.MM.",7,,2026-02-03
261,3 ก.พ. 2569,07:54,08:46,51,กฟส.ท่าอุเทน (XS),NNA01VF-230,467,อากาศชื้น / หมอก,อุปกรณ์-ชำรุด,ศจฟ,07:54,06:03,08:47,164,1. อภิรักษ์ สาตะรักษ์,รถ : -,FUSE LINK 22 KV. 25 A.EEI-NEMA TYPE K,1,,2026-02-03
262,3 ก.พ. 2569,09:37,10:48,70,กฟส.นาหว้า (XS),SSK04VF-107,865,อากาศปกติ,สัตว์-งู,ศจฟ,09:37,09:38,10:54,76,1. กิตติศักดิ์ คำชนะ,รถ : นาหว้า 02,FUSE LINK 22 KV. 15 A.EEI-NEMA TYPE K,1,,2026-02-03
263,3 ก.พ. 2569,10:12,11:06,54,กฟส.ปลาปาก (XS),54-011696,31,อากาศปกติ,สัตว์-งู,ศจฟ,10:12,10:13,11:17,64,1. สุธรรม จันทะผา,รถ : รถแก้ไฟปลาปาก 01,FUSE LINK 22 KV. 3 A.EEI-NEMA TYPE K,1,,2026-02-03
264,3 ก.พ. 2569,10:21,10:41,20,กฟส.โพนสวรรค์ (XS),60-016161,147,อากาศปกติ,อุปกรณ์-ชำรุด,ศจฟ,10:21,10:22,10:53,31,1. เพชราวุธ โพชราช,รถ : โพนสวรรค์-03,FUSE LINK 22 KV. 25 A.EEI-NEMA TYPE K,1,,2026-02-03
265,3 ก.พ. 2569,13:08,13:37,29,กฟส.ปลาปาก (XS),38-004485,26,อากาศปกติ,อุปกรณ์-ชำรุด,ศจฟ,13:08,13:09,13:46,37,1. สุธรรม จันทะผา,รถ : รถแก้ไฟปลาปาก 01,FUSE HOLDER 22 KV. 100 A. 12 KA.,1,,2026-02-03
266,3 ก.พ. 2569,15:00,17:24,144,กฟจ.นครพนม (L),NNA06F-08,1,อากาศปกติ,อุปกรณ์-ชำรุด,ศจฟ,15:00,16:30,16:50,20,1. จันทะคาด บัวเคน  | 2. ชัยยา มาตขาว  | 3. สันติ อินทิสาร  | 4. สุรวุฒิ สุขแสงดาว,รถ : 3ฒภ 2576 กทม (นพ 01),FUSE LINK 22 KV. 25 A.EEI-NEMA TYPE K,2,,2026-02-03
267,3 ก.พ. 2569,16:45,17:30,45,กฟส.นาทม (XS),SEK03F-89,320,อากาศปกติ,อุปกรณ์-ชำรุด,ศจฟ,16:45,16:48,17:43,55,1. วราวุธ นาขมิ้น,รถ : นาทม 02,FUSE LINK 22 KV. 25 A.EEI-NEMA TYPE K,1,,2026-02-03
268,3 ก.พ. 2569,17:39,18:35,56,กฟส.ปลาปาก (XS),NNA07F-56,1101,อากาศปกติ,อุปกรณ์-ชำรุด,ศจฟ,17:39,17:40,18:37,57,1. นครินทร์ จำปาทิ,รถ : รถแก้ไฟปลาปาก 01,FUSE LINK 22 KV. 20 A.EEI-NEMA TYPE K,2,,2026-02-03
269,3 ก.พ. 2569,17:45,18:20,35,กฟส.นาทม (XS),6300219986,1,อากาศปกติ,อุปกรณ์-ชำรุด,ศจฟ,17:45,17:46,18:30,44,1. วราวุธ นาขมิ้น,รถ : นาทม 02,"CABLE,CU,PVC,INS.&JAC. 600V, 2X10 SQ.MM.",6,,2026-02-03
270,3 ก.พ. 2569,18:50,18:00,0,กฟจ.นครพนม (L),6400327250,1,อากาศปกติ,อุปกรณ์-ชำรุด,ศจฟ,18:50,17:00,18:50,110,1. กิติศักดิ์ หาราช  | 2. จันทะคาด บัวเคน  | 3. ศักดิ์อนันต์ แสนเมือง  | 4. สันติ อินทิสาร,รถ : 81-1269 นพ (นพ 03),"CONN.,PG,DOUBLE BOLT,AL 25-95 SQ.MM.",1,,2026-02-03
271,3 ก.พ. 2569,19:08,20:03,54,กฟส.ปลาปาก (XS),NNA02VF-034,767,อากาศปกติ,วัสดุแปลกปลอม-ว่าว/โคมลอย/ลูกโป่ง/บั้งไฟ,ศจฟ,19:08,19:09,20:32,83,1. นครินทร์ จำปาทิ,รถ : รถแก้ไฟปลาปาก 01,FUSE LINK 22 KV. 30 A.EEI-NEMA TYPE K,3,,2026-02-03
272,4 ก.พ. 2569,06:26,07:20,54,กฟส.ศรีสงคราม (XS),SSK07VF-004,1583,อากาศชื้น / หมอก,ต้นไม้-กิ่งไม้หักพาดสาย,ศจฟ,06:26,07:07,08:20,73,1. วุฒิชัย เหมเมือง  | 2. เชาวลิต หัสรินทร์,รถ : ศรีสงคราม 03,FUSE LINK 22 KV. 40 A.EEI-NEMA TYPE K,1,,2026-02-04
273,4 ก.พ. 2569,07:14,08:18,64,กฟส.โพนสวรรค์ (XS),SSS01F-12142,4,อากาศชื้น / หมอก,ต้นไม้-กิ่งไม้หักพาดสาย,ศจฟ,07:14,07:19,08:27,68,1. รวิชญ์ พรมน้อย  | 2. เพชราวุธ โพชราช,รถ : โพนสวรรค์-02,FUSE LINK 22 KV. 8 A.EEI-NEMA TYPE K,1,,2026-02-04
274,4 ก.พ. 2569,09:00,09:36,36,กฟจ.นครพนม (L),NNA01VF-026,440,อากาศปกติ,สัตว์-งู,ศจฟ,09:00,09:21,09:38,17,1. ถวิล เมษาคุณ  | 2. พิพัฒน์ พิมพ์ศรี  | 3. ภานุวัฒน์ สิงห์ทองไชย,รถ : 3ฒภ 2576 กทม (นพ 01),FUSE LINK 22 KV. 25 A.EEI-NEMA TYPE K,3,,2026-02-04
275,4 ก.พ. 2569,09:04,10:32,88,กฟส.นาหว้า (XS),SSK04VF-115,138,อากาศปกติ,สัตว์-งู,ศจฟ,09:04,09:05,10:33,88,1. อัมรินทร์ วะราวัง,รถ : นาหว้า 02,FUSE HOLDER 22 KV. 100 A. 12 KA.,2,,2026-02-04
276,4 ก.พ. 2569,13:16,13:45,29,กฟส.บ้านแพง (S),60-035680,93,อากาศปกติ,สัตว์-งู,ศจฟ,13:16,13:16,13:47,31,1. รชานนท์ โมธรรม,รถ : กระเช้าบ้านแพง,FUSE HOLDER 22 KV. 100 A. 12 KA.,1,,2026-02-04
277,4 ก.พ. 2569,15:10,15:43,33,กฟจ.นครพนม (L),6200490233,1,อากาศปกติ,ต้นไม้-ต้นไม้ล้มทับสาย,ศจฟ,15:10,15:26,15:48,22,1. ถวิล เมษาคุณ  | 2. พิพัฒน์ พิมพ์ศรี  | 3. ภานุวัฒน์ สิงห์ทองไชย,รถ : 3ฒภ 2576 กทม (นพ 01),"CONN.,PG,DOUBLE BOLT,AL 25-95 SQ.MM.",2,,2026-02-04
278,4 ก.พ. 2569,19:00,19:14,14,กฟจ.นครพนม (L),62-007205,34,อากาศปกติ,ต้นไม้-ต้นไม้ล้มทับสาย,ศจฟ,19:00,17:00,18:40,100,1. ภานุวัฒน์ สิงห์ทองไชย  | 2. สันติ อินทิสาร,รถ : 3ฒภ 2576 กทม (นพ 01),"CABLE,AL,750 V,50 SQ.MM. TIS.293",5,,2026-02-04
279,5 ก.พ. 2569,08:16,09:05,49,กฟส.เรณูนคร (XS),THA02F-56,897,อากาศปกติ,ต้นไม้-ต้นไม้ล้มทับสาย,ศจฟ,08:16,08:00,09:10,70,1. พงศวัชร์ ธัญภัทร์อนันต์,รถ : 80-7964 นพ รณ.01,FUSE LINK 22 KV. 30 A.EEI-NEMA TYPE K,1,,2026-02-05
280,5 ก.พ. 2569,14:45,15:10,24,กฟส.ธาตุพนม (S),THA06F-24/1,86,อากาศปกติ,สัตว์-งู,ศจฟ,14:45,14:48,15:40,52,1. เกรียงศักดิ์ สุพรรณคุ้ม,รถ : กระเช้าธาตุพนม,FUSE LINK 22 KV. 20 A.EEI-NEMA TYPE K,2,,2026-02-05
281,5 ก.พ. 2569,16:50,18:09,79,กฟส.นาทม (XS),68-008960,14,ลมแรง,วัสดุแปลกปลอม-เศษกิ่งไม้ใบไม้/ฟาง/ทางมะพร้าวปลิวมาแตะ,ศจฟ,16:50,17:03,18:11,68,1. นราธร อินทรายุทธ,รถ : นาทม 02,"CABLE,AL,750 V,50 SQ.MM. TIS.293",4,,2026-02-05
282,5 ก.พ. 2569,16:50,18:46,116,กฟส.โพนสวรรค์ (XS),NNA01F-45,869,อากาศปกติ,วัสดุแปลกปลอม-เศษกิ่งไม้ใบไม้/ฟาง/ทางมะพร้าวปลิวมาแตะ,ศจฟ,16:50,17:05,18:48,103,1. วรัญญู สังรวมใจ,รถ : โพนสวรรค์-03,FUSE LINK 22 KV. 25 A.EEI-NEMA TYPE K,1,,2026-02-05
283,5 ก.พ. 2569,19:14,20:05,51,กฟส.บ้านแพง (S),SSK08F-65-1,519,อากาศปกติ,ต้นไม้-ลมพัดต้นไม้มาแตะสาย,ศจฟ,19:14,19:15,20:08,53,1. จตุรภุช สะท้านอิทธิฤทธิ์,รถ : บ้านแพง01,FUSE LINK 22 KV. 25 A.EEI-NEMA TYPE K,2,,2026-02-05
284,6 ก.พ. 2569,01:12,01:26,14,กฟส.ท่าอุเทน (XS),6600355558,1,อากาศชื้น / หมอก,ต้นไม้-ลมพัดต้นไม้มาแตะสาย,ศจฟ,01:12,01:14,02:06,52,1. อภิรักษ์ สาตะรักษ์,รถ : รถแก้ไฟท่าอุเทน,,,,2026-02-06
285,6 ก.พ. 2569,06:45,08:33,108,กฟส.โพนสวรรค์ (XS),SSK07F-01,379,อากาศชื้น / หมอก,ต้นไม้-ลมพัดต้นไม้มาแตะสาย,ศจฟ,06:45,06:45,08:30,105,1. วรัญญู สังรวมใจ,รถ : โพนสวรรค์-03,FUSE LINK 22 KV. 25 A.EEI-NEMA TYPE K,1,,2026-02-06
286,6 ก.พ. 2569,07:30,08:12,42,กฟส.ท่าอุเทน (XS),45-010290,117,อากาศชื้น / หมอก,ต้นไม้-ลมพัดต้นไม้มาแตะสาย,ศจฟ,07:30,06:08,08:39,151,1. อภิรักษ์ สาตะรักษ์,รถ : รถแก้ไฟท่าอุเทน,"CABLE,AL,750 V,50 SQ.MM. TIS.293",5,,2026-02-06
287,6 ก.พ. 2569,08:00,09:04,64,กฟส.นาหว้า (XS),SSK06F-16,1730,อากาศชื้น / หมอก,ต้นไม้-ลมพัดต้นไม้มาแตะสาย,ศจฟ,08:00,08:40,09:05,25,1. อัมรินทร์ วะราวัง,รถ : นาหว้า 02,FUSE HOLDER 22 KV. 100 A. 12 KA.,1,,2026-02-06
288,6 ก.พ. 2569,09:42,10:20,38,กฟส.ธาตุพนม (S),45-029095,44,อากาศปกติ,ต้นไม้-ลมพัดต้นไม้มาแตะสาย,ศจฟ,09:42,09:51,10:38,47,1. นรากร แสนโสม,รถ : กระเช้าธาตุพนม,"H.R.C. FUSE, BLADE CONTACT, 80 A",1,,2026-02-06
289,6 ก.พ. 2569,10:30,11:41,70,กฟส.นาหว้า (XS),SSK06F-12,781,อากาศปกติ,ต้นไม้-ลมพัดต้นไม้มาแตะสาย,ศจฟ,10:30,10:30,11:42,72,1. อัมรินทร์ วะราวัง,รถ : นาหว้า 02,FUSE LINK 22 KV. 25 A.EEI-NEMA TYPE K,1,,2026-02-06
290,6 ก.พ. 2569,10:40,11:30,49,กฟส.ธาตุพนม (S),THA06F-12/1,1744,อากาศปกติ,ต้นไม้-ลมพัดต้นไม้มาแตะสาย,ศจฟ,10:40,10:50,11:44,54,1. นรากร แสนโสม,รถ : กระเช้าธาตุพนม,FUSE LINK 22 KV. 30 A.EEI-NEMA TYPE K,2,,2026-02-06
291,6 ก.พ. 2569,11:12,10:30,0,กฟส.โพนสวรรค์ (XS),6200492771,1,อากาศปกติ,อุปกรณ์-ชำรุด,ศจฟ,11:12,09:00,10:45,105,1. สุทธิเกียรติ บุญรังษี,รถ : โพนสวรรค์-03,"CABLE,CU,PVC,INS.&JAC. 600V, 2X10 SQ.MM.",7,,2026-02-06
292,6 ก.พ. 2569,12:12,13:20,67,กฟส.ศรีสงคราม (XS),SSK02VF-020,736,อากาศปกติ,อุปกรณ์-ชำรุด,ศจฟ,12:12,12:12,13:45,93,1. วุฒิชัย เหมเมือง,รถ : ศรีสงคราม 01,FUSE LINK 22 KV. 15 A.EEI-NEMA TYPE K,1,,2026-02-06
293,6 ก.พ. 2569,12:26,13:13,47,กฟส.นาหว้า (XS),SSK06F-11/2,155,อากาศปกติ,อุปกรณ์-ชำรุด,ศจฟ,12:26,12:27,13:20,53,1. อัมรินทร์ วะราวัง,รถ : นาหว้า 02,"DROPOUT,FUSE,22 KV.100 A.12 KA",3,,2026-02-06
294,6 ก.พ. 2569,12:40,13:08,27,กฟส.บ้านแพง (S),6603018832,1,อากาศปกติ,อุปกรณ์-ชำรุด,ศจฟ,12:40,10:44,13:13,149,1. รชานนท์ โมธรรม,รถ : กระเช้าบ้านแพง,"CONN.,PG,DOUBLE BOLT,AL 25-95 SQ.MM.",2,,2026-02-06
295,6 ก.พ. 2569,19:00,20:20,79,กฟจ.นครพนม (L),NNA04F-10/1,1,อากาศปกติ,อุปกรณ์-ชำรุด,ศจฟ,19:00,20:07,20:22,15,1. ชัยยา มาตขาว  | 2. ปรีชา เพ็งคำ  | 3. ภานุวัฒน์ สิงห์ทองไชย  | 4. สันติ อินทิสาร,รถ : 81-1269 นพ (นพ 03),FUSE LINK 22 KV. 10 A.EEI-NEMA TYPE K,2,,2026-02-06
296,7 ก.พ. 2569,07:09,08:02,53,กฟส.โพนสวรรค์ (XS),NNA01F-44,1081,อากาศชื้น / หมอก,สัตว์-นก/ค้างคาว,ศจฟ,07:09,06:00,08:00,120,1. ทรงกลด มาศศรี,รถ : โพนสวรรค์-03,FUSE LINK 22 KV. 25 A.EEI-NEMA TYPE K,2,,2026-02-07
297,7 ก.พ. 2569,11:11,12:31,79,กฟส.นาแก (S),30028824,1,อากาศปกติ,อุปกรณ์-ชำรุด,ศจฟ,11:11,12:32,15:33,181,1. อนาวิน อาจหาญ,รถ : นก-03,"TAPE,PVC,O/D,0.18X19X10,000 MM. TIS.386",1,,2026-02-07
298,7 ก.พ. 2569,15:00,16:38,97,กฟจ.นครพนม (L),60-028641,33,ลมแรง,ต้นไม้-ต้นไม้ล้มทับสาย,ศจฟ,15:00,15:42,16:42,60,1. พงษ์สนิจ ศรีวิชัย  | 2. หิรัญ พลไกรสร,รถ : 81-1269 นพ (นพ 03),"CONN.,PG,DOUBLE BOLT,AL 25-95 SQ.MM.",2,,2026-02-07
299,7 ก.พ. 2569,21:27,20:33,0,กฟส.นาหว้า (XS),68-007617,21,อากาศปกติ,อุปกรณ์-ชำรุด,ศจฟ,21:27,18:29,20:34,125,1. ศิลารักษ์ วิภา,รถ : นาหว้า 02,"H.R.C. FUSE, BLADE CONTACT, 100 A",2,,2026-02-07
300,8 ก.พ. 2569,06:40,07:30,49,กฟส.โพนสวรรค์ (XS),53-002967,158,อากาศชื้น / หมอก,อุปกรณ์-ชำรุด,ศจฟ,06:40,06:23,08:19,116,1. เพชราวุธ โพชราช,รถ : โพนสวรรค์-02,"H.R.C. FUSE, BLADE CONTACT, 80 A",2,,2026-02-08
301,8 ก.พ. 2569,06:41,07:00,18,กฟส.โพนสวรรค์ (XS),NNA02F-0002,1,อากาศชื้น / หมอก,วัสดุแปลกปลอม-ว่าว/โคมลอย/ลูกโป่ง/บั้งไฟ,ศจฟ,06:41,04:11,05:12,61,1. เพชราวุธ โพชราช,รถ : โพนสวรรค์-02,FUSE LINK 22 KV. 25 A.EEI-NEMA TYPE K,1,,2026-02-08
302,8 ก.พ. 2569,06:52,07:01,9,กฟส.ท่าอุเทน (XS),SSK02VF-203,1695,อากาศชื้น / หมอก,วัสดุแปลกปลอม-ว่าว/โคมลอย/ลูกโป่ง/บั้งไฟ,ศจฟ,06:52,05:12,07:08,116,1. อภิรักษ์ สาตะรักษ์,รถ : รถแก้ไฟท่าอุเทน,FUSE LINK 22 KV. 30 A.EEI-NEMA TYPE K,2,,2026-02-08
303,8 ก.พ. 2569,07:28,07:50,22,กฟส.ท่าอุเทน (XS),NNA01VF-223,841,อากาศชื้น / หมอก,วัสดุแปลกปลอม-ว่าว/โคมลอย/ลูกโป่ง/บั้งไฟ,ศจฟ,07:28,07:06,08:36,90,1. อภิรักษ์ สาตะรักษ์,รถ : รถแก้ไฟท่าอุเทน,FUSE LINK 22 KV. 25 A.EEI-NEMA TYPE K,1,,2026-02-08
304,8 ก.พ. 2569,10:00,12:12,132,กฟส.นาหว้า (XS),SSK06F-20,91,อากาศชื้น / หมอก,วัสดุแปลกปลอม-ว่าว/โคมลอย/ลูกโป่ง/บั้งไฟ,ศจฟ,10:00,10:03,12:13,131,1. อัมรินทร์ วะราวัง,รถ : นาหว้า 02,FUSE LINK 22 KV. 10 A.EEI-NEMA TYPE K,2,,2026-02-08
305,8 ก.พ. 2569,10:30,11:41,70,กฟจ.นครพนม (L),NNA07F-30,9,ลมแรง,วัสดุแปลกปลอม-ว่าว/โคมลอย/ลูกโป่ง/บั้งไฟ,ศจฟ,10:30,11:38,11:43,5,1. ถวิล เมษาคุณ  | 2. เกรียงไกร ลาหมัน,รถ : 3ฒภ 2576 กทม (นพ 01),FUSE LINK 22 KV. 25 A.EEI-NEMA TYPE K,1,,2026-02-08
306,8 ก.พ. 2569,10:45,13:15,150,กฟส.ท่าอุเทน (XS),NNA08VF-216,38,ลมแรง,วัสดุแปลกปลอม-ว่าว/โคมลอย/ลูกโป่ง/บั้งไฟ,ศจฟ,10:45,10:55,13:17,142,1. อภิรักษ์ สาตะรักษ์,รถ : รถแก้ไฟท่าอุเทน,FUSE LINK 22 KV. 15 A.EEI-NEMA TYPE K,1,,2026-02-08
307,8 ก.พ. 2569,12:07,12:15,8,กฟส.นาแก (S),THA03VF-201-1,23,ลมแรง,ต้นไม้-ลมพัดต้นไม้มาแตะสาย,ศจฟ,12:07,12:09,12:17,8,1. อนาวิน อาจหาญ,รถ : นก-03,FUSE LINK 22 KV. 10 A.EEI-NEMA TYPE K,2,,2026-02-08
308,8 ก.พ. 2569,13:00,13:37,36,กฟส.นาหว้า (XS),63-029958,55,ลมแรง,ต้นไม้-ลมพัดต้นไม้มาแตะสาย,ศจฟ,13:00,12:55,13:40,45,1. อัมรินทร์ วะราวัง,รถ : นาหว้า 02,"CABLE,AL,750 V,95 SQ.MM. TIS.293",2,,2026-02-08
309,8 ก.พ. 2569,14:00,14:57,56,กฟส.เรณูนคร (XS),THA02F-68I1,134,ลมแรง,อุปกรณ์-ชำรุด,ศจฟ,14:00,14:16,20:54,398,1. ณวุฒิ กลางประพันธ์  | 2. ธิติ เรณู  | 3. พงศวัชร์ ธัญภัทร์อนันต์,รถ : 80-7964 นพ รณ.01,"CABLE LUG,NEMA 2-HOLE,AL 50 SQ.MM.",2,,2026-02-08
310,8 ก.พ. 2569,14:30,14:43,13,กฟส.นาหว้า (XS),SSK04VF-156,48,ลมแรง,อุปกรณ์-ชำรุด,ศจฟ,14:30,14:30,14:46,16,1. อัมรินทร์ วะราวัง,รถ : นาหว้า 02,FUSE LINK 22 KV. 50 A.EEI-NEMA TYPE K,1,,2026-02-08
311,8 ก.พ. 2569,15:00,15:14,14,กฟส.นาแก (S),SOA08VF-510,160,ลมแรง,ต้นไม้-ลมพัดต้นไม้มาแตะสาย,ศจฟ,15:00,15:07,15:16,9,1. อนาวิน อาจหาญ,รถ : นก-03,"H.R.C. FUSE, BLADE CONTACT, 80 A",1,,2026-02-08
312,9 ก.พ. 2569,09:59,11:19,79,กฟส.นาหว้า (XS),64-005561,43,ลมแรง,ต้นไม้-ลมพัดต้นไม้มาแตะสาย,ศจฟ,09:59,10:06,11:20,74,1. อัมรินทร์ วะราวัง,รถ : นาหว้า 02,FUSE LINK 22 KV. 15 A.EEI-NEMA TYPE K,1,,2026-02-09
313,9 ก.พ. 2569,10:06,10:25,18,กฟส.ธาตุพนม (S),45-002460,61,ลมแรง,ต้นไม้-ลมพัดต้นไม้มาแตะสาย,ศจฟ,10:06,10:08,10:37,29,1. เกรียงศักดิ์ สุพรรณคุ้ม,รถ : กระเช้าธาตุพนม,"CABLE,AL,750 V,50 SQ.MM. TIS.293",15,,2026-02-09
314,9 ก.พ. 2569,11:12,12:07,54,กฟส.โพนสวรรค์ (XS),15319823,1,อากาศปกติ,อุปกรณ์-ชำรุด,ศจฟ,11:12,11:00,12:00,60,1. ทรงกลด มาศศรี,รถ : โพนสวรรค์-03,"CABLE,CU,PVC,INS.&JAC. 600V, 2X10 SQ.MM.",7,,2026-02-09
315,9 ก.พ. 2569,16:11,15:22,0,กฟส.บ้านแพง (S),59-027471,54,อากาศปกติ,อุปกรณ์-ชำรุด,ศจฟ,16:11,15:40,16:25,45,1. รชานนท์ โมธรรม,รถ : กระเช้าบ้านแพง,FUSE LINK 22 KV. 15 A.EEI-NEMA TYPE K,1,,2026-02-09
316,9 ก.พ. 2569,16:33,17:36,63,กฟส.โพนสวรรค์ (XS),NNA01F-38,1733,อากาศปกติ,ต้นไม้-กิ่งไม้หักพาดสาย,ศจฟ,16:33,16:33,18:08,95,1. วรัญญู สังรวมใจ,รถ : โพนสวรรค์-03,FUSE LINK 22 KV. 40 A.EEI-NEMA TYPE K,1,,2026-02-09
317,9 ก.พ. 2569,16:36,17:00,24,กฟส.ธาตุพนม (S),58-010152,280,อากาศปกติ,สัตว์-งู,ศจฟ,16:36,16:37,17:11,34,1. นรากร แสนโสม,รถ : กระเช้าธาตุพนม,FUSE LINK 22 KV. 5-6 A.EEI-NEMA TYPE K,2,,2026-02-09
318,9 ก.พ. 2569,17:17,17:55,38,กฟส.เรณูนคร (XS),66-005490,38,อากาศปกติ,สัตว์-งู,ศจฟ,17:17,17:18,18:00,42,1. สันติ จันทโคตร,รถ : 80-7964 นพ รณ.01,"H.R.C. FUSE, BLADE CONTACT, 80 A",2,,2026-02-09
319,9 ก.พ. 2569,18:49,20:16,87,กฟส.โพนสวรรค์ (XS),SSK02F-01-77,21,อากาศปกติ,สัตว์-งู,ศจฟ,18:49,18:50,20:57,127,1. วรัญญู สังรวมใจ,รถ : โพนสวรรค์-03,FUSE LINK 22 KV. 10 A.EEI-NEMA TYPE K,1,,2026-02-09
320,10 ก.พ. 2569,07:30,08:00,29,กฟส.โพนสวรรค์ (XS),SSK07F-08,2179,อากาศชื้น / หมอก,สัตว์-งู,ศจฟ,07:30,04:30,07:00,150,1. วรัญญู สังรวมใจ,รถ : โพนสวรรค์-02,FUSE LINK 22 KV. 25 A.EEI-NEMA TYPE K,1,,2026-02-10
321,10 ก.พ. 2569,08:38,09:20,42,กฟส.ธาตุพนม (S),42-008958,41,อากาศปกติ,สัตว์-งู,ศจฟ,08:38,08:40,09:29,49,1. นรากร แสนโสม,รถ : กระเช้าธาตุพนม,"CABLE,AL,750 V,50 SQ.MM. TIS.293",7,,2026-02-10
322,10 ก.พ. 2569,09:57,10:58,61,กฟส.ธาตุพนม (S),THA01VF-001,414,อากาศปกติ,สัตว์-งู,ศจฟ,09:57,10:16,11:03,47,1. นรากร แสนโสม,รถ : กระเช้าธาตุพนม,FUSE LINK 22 KV. 20 A.EEI-NEMA TYPE K,2,,2026-02-10
323,10 ก.พ. 2569,10:16,10:50,33,กฟส.ศรีสงคราม (XS),SSK01VF-025,218,อากาศปกติ,สัตว์-งู,ศจฟ,10:16,10:18,11:14,56,1. ปัญจพงษ์ เศรษฐาไชย,รถ : ศรีสงคราม 02,FUSE LINK 22 KV. 15 A.EEI-NEMA TYPE K,2,,2026-02-10
324,10 ก.พ. 2569,10:50,11:09,18,กฟส.ท่าอุเทน (XS),SSK02VF-231,964,อากาศปกติ,สัตว์-งู,ศจฟ,10:50,10:51,11:15,24,1. อนุสรณ์ ทองประสม,รถ : รถแก้ไฟท่าอุเทน,FUSE LINK 22 KV. 25 A.EEI-NEMA TYPE K,1,,2026-02-10
325,10 ก.พ. 2569,13:53,14:09,15,กฟส.ปลาปาก (XS),YUO03F-78,1,อากาศปกติ,สัตว์-งู,ศจฟ,13:53,13:59,14:13,14,1. สุธรรม จันทะผา,รถ : รถแก้ไฟปลาปาก 01,FUSE LINK 22 KV. 8 A.EEI-NEMA TYPE K,2,,2026-02-10
326,10 ก.พ. 2569,14:00,13:09,0,กฟส.นาแก (S),63-004469,88,อากาศปกติ,อุปกรณ์-ชำรุด,ศจฟ,14:00,13:09,14:14,65,1. อนาวิน อาจหาญ,รถ : นก-07,"DROPOUT,FUSE,22 KV.100 A.12 KA",2,,2026-02-10
327,10 ก.พ. 2569,14:01,14:30,29,กฟส.ธาตุพนม (S),THA02VF-012,209,อากาศปกติ,อุปกรณ์-ชำรุด,ศจฟ,14:00,14:01,14:47,46,1. นรากร แสนโสม,รถ : กระเช้าธาตุพนม,FUSE LINK 22 KV. 10 A.EEI-NEMA TYPE K,2,,2026-02-10
328,10 ก.พ. 2569,14:01,14:12,11,กฟส.นาแก (S),SOA07VF-509,391,อากาศปกติ,ต้นไม้-ลมพัดต้นไม้มาแตะสาย,ศจฟ,14:01,13:14,14:13,59,1. อนาวิน อาจหาญ,รถ : นก-07,FUSE LINK 22 KV. 25 A.EEI-NEMA TYPE K,1,,2026-02-10
329,10 ก.พ. 2569,14:40,14:48,8,กฟส.ศรีสงคราม (XS),BFA01VF-205,630,อากาศปกติ,สัตว์-กระรอก/กระแต/หนู,ศจฟ,14:40,14:40,15:00,20,1. เชาวลิต หัสรินทร์,รถ : ศรีสงคราม 01,FUSE LINK 22 KV. 25 A.EEI-NEMA TYPE K,1,,2026-02-10
330,10 ก.พ. 2569,18:10,20:34,144,กฟจ.นครพนม (L),40-001368,441,อากาศปกติ,สัตว์-กระรอก/กระแต/หนู,ศจฟ,18:10,18:52,20:36,104,1. กิติศักดิ์ หาราช  | 2. ณัฏฐศรันย์ อันทระบุตร  | 3. พงษ์สนิจ ศรีวิชัย  | 4. วสันต์ชัย ดวงสูงเนิน,รถ : 81-1269 นพ (นพ 03),FUSE LINK 22 KV. 8 A.EEI-NEMA TYPE K,1,,2026-02-10
331,10 ก.พ. 2569,19:53,21:57,124,กฟส.ธาตุพนม (S),25033009,1,อากาศปกติ,อุปกรณ์-ชำรุด,ศจฟ,19:53,19:54,22:02,128,1. อติชาติ เมืองงาม,รถ : กระเช้าธาตุพนม,"CONN.,PG,DOUBLE BOLT,AL 16-70 SQ.MM.",1,,2026-02-10
332,10 ก.พ. 2569,21:41,22:12,31,กฟส.ศรีสงคราม (XS),SSK02VF-034,204,ลมแรง,ต้นไม้-กิ่งไม้หักพาดสาย,ศจฟ,21:41,21:41,22:35,54,1. ปัญจพงษ์ เศรษฐาไชย,รถ : ศรีสงคราม 01,FUSE LINK 22 KV. 20 A.EEI-NEMA TYPE K,3,,2026-02-10
333,11 ก.พ. 2569,07:21,08:19,58,กฟส.โพนสวรรค์ (XS),NNA01F-44,1081,อากาศปกติ,สัตว์-งู,ศจฟ,07:21,07:00,08:21,81,1. ทรงกลด มาศศรี,รถ : โพนสวรรค์-03,FUSE LINK 22 KV. 25 A.EEI-NEMA TYPE K,2,,2026-02-11
334,11 ก.พ. 2569,07:41,09:40,119,กฟจ.นครพนม (L),NNA08VF-034,182,อากาศปกติ,สัตว์-งู,ศจฟ,07:41,07:00,08:30,90,1. กิติศักดิ์ หาราช  | 2. ณัฏฐศรันย์ อันทระบุตร  | 3. ประจล ศรีสุราช  | 4. พงษ์สนิจ ศรีวิชัย  | 5. วสันต์ชัย ดวงสูงเนิน  | 6. สันติ อินทิสาร,รถ : 81-1269 นพ (นพ 03),"DROPOUT,FUSE,22 KV.100 A.12 KA",1,,2026-02-11
335,11 ก.พ. 2569,08:09,08:32,22,กฟส.ท่าอุเทน (XS),66-005493,52,อากาศชื้น / หมอก,สัตว์-งู,ศจฟ,08:09,08:10,09:29,79,1. อนุสรณ์ ทองประสม,รถ : รถแก้ไฟท่าอุเทน,"H.R.C. FUSE, BLADE CONTACT, 100 A",1,,2026-02-11
336,11 ก.พ. 2569,10:30,10:40,10,กฟจ.นครพนม (L),61-010100,161,อากาศปกติ,อุปกรณ์-ชำรุด,ศจฟ,10:30,09:50,11:20,90,1. วิเชียร สุวอ  | 2. ศักดิ์อนันต์ แสนเมือง  | 3. หิรัญ พลไกรสร,รถ : 3ฒภ 2576 กทม (นพ 01),"H.R.C. FUSE, BLADE CONTACT, 100 A",1,,2026-02-11
337,11 ก.พ. 2569,10:45,09:20,0,กฟจ.นครพนม (L),51-012398,16,อากาศปกติ,ต้นไม้-ต้นไม้เลื้อย/โตมาแตะสาย,ศจฟ,10:45,08:50,09:40,50,1. วิเชียร สุวอ  | 2. ศักดิ์อนันต์ แสนเมือง  | 3. หิรัญ พลไกรสร,รถ : 3ฒภ 2576 กทม (นพ 01),FUSE LINK 22 KV. 3 A.EEI-NEMA TYPE K,1,,2026-02-11
338,11 ก.พ. 2569,11:42,12:03,20,กฟส.ปลาปาก (XS),NNA07F-60,1,อากาศปกติ,สัตว์-นก/ค้างคาว,ศจฟ,11:42,11:43,13:05,82,1. สุธรรม จันทะผา,รถ : รถแก้ไฟปลาปาก 01,FUSE LINK 22 KV. 8 A.EEI-NEMA TYPE K,2,,2026-02-11
339,11 ก.พ. 2569,15:30,16:22,51,กฟส.ปลาปาก (XS),41-000250,290,อากาศปกติ,ต้นไม้-ลมพัดต้นไม้มาแตะสาย,ศจฟ,15:30,15:57,16:29,32,1. สุธรรม จันทะผา,รถ : รถแก้ไฟปลาปาก 01,"H.R.C. FUSE, BLADE CONTACT, 100 A",2,,2026-02-11
340,11 ก.พ. 2569,19:57,20:30,33,กฟจ.นครพนม (L),21078478,1,อากาศปกติ,ต้นไม้-ลมพัดต้นไม้มาแตะสาย,ศจฟ,19:57,19:58,21:14,76,1. ชัยยา มาตขาว  | 2. ภานุวัฒน์ สิงห์ทองไชย,รถ : 3ฒภ 2576 กทม (นพ 01),"CONN.,PG,DOUBLE BOLT,AL 16-70 SQ.MM.",2,,2026-02-11
341,12 ก.พ. 2569,07:08,07:28,20,กฟส.ปลาปาก (XS),NNA07F-36/5,653,อากาศชื้น / หมอก,ต้นไม้-ลมพัดต้นไม้มาแตะสาย,ศจฟ,07:08,07:09,07:40,31,1. นครินทร์ จำปาทิ,รถ : รถแก้ไฟปลาปาก 01,FUSE LINK 22 KV. 20 A.EEI-NEMA TYPE K,2,,2026-02-12
342,12 ก.พ. 2569,08:40,08:54,14,กฟส.นาหว้า (XS),SSK06F-17,63,อากาศชื้น / หมอก,ต้นไม้-ลมพัดต้นไม้มาแตะสาย,ศจฟ,08:40,08:40,08:55,15,1. อัมรินทร์ วะราวัง,รถ : นาหว้า 02,FUSE LINK 22 KV. 10 A.EEI-NEMA TYPE K,2,,2026-02-12
343,12 ก.พ. 2569,08:59,10:19,79,กฟส.ธาตุพนม (S),34-006025,287,อากาศปกติ,ต้นไม้-ลมพัดต้นไม้มาแตะสาย,ศจฟ,08:59,09:00,10:21,81,1. นรากร แสนโสม,รถ : กระเช้าธาตุพนม,"H.R.C. FUSE, BLADE CONTACT, 160 A",1,,2026-02-12
344,12 ก.พ. 2569,09:01,10:03,61,กฟส.โพนสวรรค์ (XS),28-018077,224,อากาศปกติ,ต้นไม้-ลมพัดต้นไม้มาแตะสาย,ศจฟ,09:01,09:02,10:26,84,1. เพชราวุธ โพชราช,รถ : โพนสวรรค์-03,"CABLE,AL,750 V,50 SQ.MM. TIS.293",10,,2026-02-12
345,12 ก.พ. 2569,10:26,12:44,138,กฟส.ธาตุพนม (S),67-021385,446,อากาศปกติ,ต้นไม้-ลมพัดต้นไม้มาแตะสาย,ศจฟ,10:26,10:27,12:00,93,1. นรากร แสนโสม,รถ : กระเช้าธาตุพนม,FUSE LINK 22 KV. 5-6 A.EEI-NEMA TYPE K,1,,2026-02-12
346,12 ก.พ. 2569,14:39,14:53,14,กฟส.นาหว้า (XS),SSK04VF-112,5207,อากาศปกติ,ต้นไม้-ลมพัดต้นไม้มาแตะสาย,ศจฟ,14:39,14:40,14:54,14,1. อัมรินทร์ วะราวัง,รถ : นาหว้า 02,FUSE LINK 22 KV. 5-6 A.EEI-NEMA TYPE K,3,,2026-02-12
347,12 ก.พ. 2569,17:25,17:45,20,กฟส.นาหว้า (XS),65-009918,48,อากาศปกติ,ต้นไม้-ลมพัดต้นไม้มาแตะสาย,ศจฟ,17:25,17:26,17:46,20,1. อัมรินทร์ วะราวัง,รถ : นาหว้า 02,FUSE HOLDER 22 KV. 100 A. 12 KA.,1,,2026-02-12
348,12 ก.พ. 2569,17:26,17:50,24,กฟส.ธาตุพนม (S),THA02VF-013,336,ลมแรง,ต้นไม้-ลมพัดต้นไม้มาแตะสาย,ศจฟ,17:25,17:26,17:55,29,1. นรากร แสนโสม,รถ : กระเช้าธาตุพนม,FUSE LINK 22 KV. 10 A.EEI-NEMA TYPE K,3,,2026-02-12
349,12 ก.พ. 2569,18:02,18:20,18,กฟจ.นครพนม (L),NNA02VF-010,18,ลมแรง,ต้นไม้-ลมพัดต้นไม้มาแตะสาย,ศจฟ,18:02,18:03,18:44,41,1. ชัยยา มาตขาว  | 2. วิเชียร สุวอ,รถ : รถกระเช้า (04),FUSE LINK 22 KV. 25 A.EEI-NEMA TYPE K,3,,2026-02-12
350,12 ก.พ. 2569,18:46,22:20,214,กฟจ.นครพนม (L),NNA07F-36/7,1,ลมแรง,ต้นไม้-ลมพัดต้นไม้มาแตะสาย,ศจฟ,18:46,18:47,22:45,238,1. ชัยยา มาตขาว  | 2. วิเชียร สุวอ  | 3. ศักดิ์อนันต์ แสนเมือง  | 4. หิรัญ พลไกรสร,รถ : รถกระเช้า (04),FUSE LINK 22 KV. 15 A.EEI-NEMA TYPE K,2,,2026-02-12
351,12 ก.พ. 2569,19:17,20:05,47,กฟส.ธาตุพนม (S),67-021385,446,อากาศปกติ,ต้นไม้-ลมพัดต้นไม้มาแตะสาย,ศจฟ,19:17,19:19,20:24,65,1. นรากร แสนโสม,รถ : กระเช้าธาตุพนม,"CABLE,AL,750 V,50 SQ.MM. TIS.293",10,,2026-02-12
352,12 ก.พ. 2569,22:23,22:00,0,กฟจ.นครพนม (L),67-006188,36,อากาศปกติ,ต้นไม้-ลมพัดต้นไม้มาแตะสาย,ศจฟ,22:23,21:40,22:10,30,1. ชัยยา มาตขาว  | 2. วิเชียร สุวอ  | 3. ศักดิ์อนันต์ แสนเมือง  | 4. หิรัญ พลไกรสร,รถ : 3ฒภ 2576 กทม (นพ 01),"H.R.C. FUSE, BLADE CONTACT, 100 A",2,,2026-02-12
353,13 ก.พ. 2569,07:15,07:29,14,กฟส.โพนสวรรค์ (XS),35-011440,214,อากาศชื้น / หมอก,ต้นไม้-ลมพัดต้นไม้มาแตะสาย,ศจฟ,07:15,05:19,07:32,133,1. เพชราวุธ โพชราช,รถ : โพนสวรรค์-02,"CABLE,AL,750 V,50 SQ.MM. TIS.293",5,,2026-02-13
354,13 ก.พ. 2569,08:50,09:14,24,กฟส.นาหว้า (XS),SSK06F-21,31,อากาศชื้น / หมอก,ต้นไม้-ลมพัดต้นไม้มาแตะสาย,ศจฟ,08:50,09:00,09:17,17,1. อัมรินทร์ วะราวัง,รถ : นาหว้า 02,FUSE HOLDER 22 KV. 100 A. 12 KA.,1,,2026-02-13
355,13 ก.พ. 2569,10:36,14:44,248,กฟส.นาแก (S),THA04VF-228,930,อากาศปกติ,อุปกรณ์-ชำรุด,ศจฟ,10:36,12:37,14:48,131,1. วรพันธุ์ ตันสมรส,รถ : นก-03,"CABLE LUG,NEMA 2-HOLE,AL 50 SQ.MM.",3,,2026-02-13
356,13 ก.พ. 2569,12:20,13:23,63,กฟส.นาหว้า (XS),SSK04VF-130,2,อากาศปกติ,อุปกรณ์-ชำรุด,ศจฟ,12:20,12:37,13:26,49,1. อัมรินทร์ วะราวัง,รถ : นาหว้า 02,FUSE HOLDER 22 KV. 100 A. 12 KA.,1,,2026-02-13
357,13 ก.พ. 2569,13:44,13:52,8,กฟจ.นครพนม (L),NNB02VF-038,258,ลมแรง,สัตว์-นก/ค้างคาว,ศจฟ,13:44,13:45,13:52,8,1. คณิศร์ อริยชาติ  | 2. ทศวรรษ มังคละคีรี  | 3. นลธวัช ศรีหาเศษ  | 4. ประจล ศรีสุราช,รถ : 81-1269 นพ (นพ 03),FUSE LINK 22 KV. 15 A.EEI-NEMA TYPE K,1,,2026-02-13
358,13 ก.พ. 2569,14:20,14:34,14,กฟส.นาหว้า (XS),SSK06F-16,515,ลมแรง,สัตว์-นก/ค้างคาว,ศจฟ,14:20,14:22,14:35,13,1. อัมรินทร์ วะราวัง,รถ : นาหว้า 02,FUSE HOLDER 22 KV. 100 A. 12 KA.,1,,2026-02-13
359,13 ก.พ. 2569,17:04,,0,กฟจ.นครพนม (L),NNA04F-77-3,706,ลมแรง,สัตว์-นก/ค้างคาว,ศจฟ,17:04,16:30,18:50,140,1. กิติศักดิ์ หาราช  | 2. ประจล ศรีสุราช  | 3. พิพัฒน์ พิมพ์ศรี  | 4. สันติ อินทิสาร,รถ : 3ฒภ 2576 กทม (นพ 01),FUSE LINK 22 KV. 20 A.EEI-NEMA TYPE K,2,,2026-02-13
360,13 ก.พ. 2569,17:40,19:14,94,กฟจ.นครพนม (L),67-009029,43,อากาศปกติ,สัตว์-กระรอก/กระแต/หนู,ศจฟ,17:40,18:06,19:15,69,1. กิติศักดิ์ หาราช  | 2. ประจล ศรีสุราช  | 3. พิพัฒน์ พิมพ์ศรี  | 4. สันติ อินทิสาร,รถ : 81-1269 นพ (นพ 03),FUSE LINK 22 KV. 3 A.EEI-NEMA TYPE K,2,,2026-02-13
361,13 ก.พ. 2569,20:00,22:14,134,กฟจ.นครพนม (L),38-019382,350,อากาศปกติ,สัตว์-กระรอก/กระแต/หนู,ศจฟ,20:00,20:00,21:55,115,1. กิติศักดิ์ หาราช  | 2. ประจล ศรีสุราช  | 3. พิพัฒน์ พิมพ์ศรี  | 4. สันติ อินทิสาร,รถ : 3ฒภ 2576 กทม (นพ 01),"CABLE,AL,750 V,50 SQ.MM. TIS.293",8,,2026-02-13
362,14 ก.พ. 2569,07:05,08:00,54,กฟส.โพนสวรรค์ (XS),60-030867,12,อากาศชื้น / หมอก,ต้นไม้-ต้นไม้ล้มทับสาย,ศจฟ,07:05,06:00,08:30,150,1. รวิชญ์ พรมน้อย,รถ : โพนสวรรค์-03,"CABLE,AL,750 V,50 SQ.MM. TIS.293",5,,2026-02-14
363,14 ก.พ. 2569,17:22,19:15,113,กฟส.โพนสวรรค์ (XS),SSK07F-07,3469,อากาศปกติ,ต้นไม้-ต้นไม้ล้มทับสาย,ศจฟ,17:22,17:22,19:17,115,1. วรัญญู สังรวมใจ,รถ : โพนสวรรค์-03,FUSE LINK 22 KV. 40 A.EEI-NEMA TYPE K,1,,2026-02-14
364,14 ก.พ. 2569,17:30,19:44,134,กฟจ.นครพนม (L),6200492540,1,อากาศปกติ,ต้นไม้-ต้นไม้ล้มทับสาย,ศจฟ,17:30,17:00,17:21,21,1. ทศวรรษ มังคละคีรี  | 2. นลธวัช ศรีหาเศษ,รถ : 3ฒภ 2576 กทม (นพ 01),"CABLE,AL,750 V,50 SQ.MM. TIS.293",2,,2026-02-14
365,14 ก.พ. 2569,17:50,18:42,51,กฟส.ศรีสงคราม (XS),,2817,อากาศปกติ,อุปกรณ์-ชำรุด,ศจฟ,17:50,17:54,18:59,65,1. ปัญจพงษ์ เศรษฐาไชย,รถ : ศรีสงคราม 02,,,,2026-02-14
366,14 ก.พ. 2569,18:25,18:27,2,กฟส.นาแก (S),34-005563,68,อากาศปกติ,อุปกรณ์-ชำรุด,ศจฟ,18:25,18:25,18:30,5,1. พิษณุ คำคนซื่อ,รถ : นก-03,"H.R.C. FUSE, BLADE CONTACT, 200 A",1,,2026-02-14
367,14 ก.พ. 2569,19:18,20:33,75,กฟส.ธาตุพนม (S),36-007063,29,อากาศปกติ,อุปกรณ์-ชำรุด,ศจฟ,19:18,19:19,20:36,77,1. ศรายุทธ์ ญาติสมบูรณ์,รถ : กระเช้าธาตุพนม,"CABLE,AL,750 V,50 SQ.MM. TIS.293",5,,2026-02-14
368,14 ก.พ. 2569,19:55,21:01,66,กฟส.โพนสวรรค์ (XS),20425387,1,อากาศปกติ,อุปกรณ์-ติดตั้งไม่ได้มาตรฐาน,ศจฟ,19:55,19:55,21:35,100,1. วรัญญู สังรวมใจ,รถ : โพนสวรรค์-03,"CABLE,CU,PVC,INS.&JAC. 600V, 2X10 SQ.MM.",7,,2026-02-14
369,14 ก.พ. 2569,20:30,21:16,45,กฟส.บ้านแพง (S),48-001433,173,อากาศปกติ,อุปกรณ์-ชำรุด,ศจฟ,20:30,20:31,21:49,78,1. ปิยะณัฐ พลเหี้ยมหาญ,รถ : กระเช้าบ้านแพง,"CONN.,PG,DOUBLE BOLT,AL 25-95 SQ.MM.",1,,2026-02-14
370,15 ก.พ. 2569,07:08,08:03,54,กฟส.ศรีสงคราม (XS),BAF01VF-401,5,อากาศปกติ,สัตว์-นก/ค้างคาว,ศจฟ,07:08,07:09,08:40,91,1. ปัญจพงษ์ เศรษฐาไชย,รถ : ศรีสงคราม 02,FUSE LINK 22 KV. 25 A.EEI-NEMA TYPE K,2,,2026-02-15
371,15 ก.พ. 2569,10:00,11:20,79,กฟส.วังยาง (XS),63-024163,8,อากาศปกติ,สัตว์-งู,ศจฟ,10:00,10:11,11:23,72,1. อนุรักษ์ วงค์จันดี,รถ : วย.01,FUSE LINK 22 KV. 5-6 A.EEI-NEMA TYPE K,1,,2026-02-15
372,15 ก.พ. 2569,11:05,12:01,56,กฟส.โพนสวรรค์ (XS),21343285,1,อากาศปกติ,อุปกรณ์-ชำรุด,ศจฟ,11:05,11:00,12:04,64,1. ทรงกลด มาศศรี,รถ : โพนสวรรค์-03,"CABLE,CU,PVC,INS.&JAC. 600V, 2X10 SQ.MM.",7,,2026-02-15
373,15 ก.พ. 2569,13:44,14:42,58,กฟส.โพนสวรรค์ (XS),30503557,1,อากาศปกติ,อุปกรณ์-ชำรุด,ศจฟ,13:44,13:40,14:44,64,1. ทรงกลด มาศศรี,รถ : โพนสวรรค์-03,"CABLE,CU,PVC,INS.&JAC. 600V, 2X10 SQ.MM.",7,,2026-02-15
374,15 ก.พ. 2569,14:02,14:10,8,กฟส.ปลาปาก (XS),67-031887,250,อากาศปกติ,วัสดุแปลกปลอม-ว่าว/โคมลอย/ลูกโป่ง/บั้งไฟ,ศจฟ,14:02,14:03,14:26,23,1. นครินทร์ จำปาทิ,รถ : รถแก้ไฟปลาปาก 01,FUSE LINK 22 KV. 10 A.EEI-NEMA TYPE K,2,,2026-02-15
375,15 ก.พ. 2569,14:28,14:56,27,กฟส.ศรีสงคราม (XS),66-008473,108,อากาศปกติ,บุคคลภายนอก-คนตัดต้นไม้,ศจฟ,14:28,14:29,15:13,44,1. ปัญจพงษ์ เศรษฐาไชย,รถ : ศรีสงคราม 02,"CABLE,AL,750 V,50 SQ.MM. TIS.293",5,,2026-02-15
376,15 ก.พ. 2569,17:16,17:28,12,กฟส.ท่าอุเทน (XS),NNA08VF-216,38,อากาศปกติ,บุคคลภายนอก-คนตัดต้นไม้,ศจฟ,17:16,17:17,17:31,14,1. อภิรักษ์ สาตะรักษ์,รถ : รถแก้ไฟท่าอุเทน,FUSE HOLDER 22 KV. 100 A. 12 KA.,1,,2026-02-15
377,16 ก.พ. 2569,07:20,08:06,45,กฟส.ศรีสงคราม (XS),SSK06VF-003,201,อากาศปกติ,สัตว์-งู,ศจฟ,07:20,07:20,08:31,71,1. ปัญจพงษ์ เศรษฐาไชย,รถ : ศรีสงคราม 02,FUSE LINK 22 KV. 25 A.EEI-NEMA TYPE K,1,,2026-02-16
378,16 ก.พ. 2569,07:32,07:34,2,กฟส.ท่าอุเทน (XS),SSK02VF-208,553,อากาศชื้น / หมอก,สัตว์-งู,ศจฟ,07:32,06:04,08:14,130,1. สุรธวัช วุฒิสาร  | 2. อภิรักษ์ สาตะรักษ์,รถ : รถแก้ไฟท่าอุเทน,FUSE LINK 22 KV. 25 A.EEI-NEMA TYPE K,1,,2026-02-16
379,16 ก.พ. 2569,08:20,10:05,105,กฟส.นาหว้า (XS),36-008184,263,อากาศชื้น / หมอก,สัตว์-งู,ศจฟ,08:20,08:42,10:07,85,1. กิตติศักดิ์ คำชนะ  | 2. อัมรินทร์ วะราวัง,รถ : นาหว้า 02,"CABLE,AL,750 V,50 SQ.MM. TIS.293",6,,2026-02-16
380,16 ก.พ. 2569,11:30,12:36,66,กฟส.นาหว้า (XS),63-029958,55,อากาศชื้น / หมอก,สัตว์-งู,ศจฟ,11:30,12:00,12:38,38,1. อัมรินทร์ วะราวัง,รถ : นาหว้า 02,"CABLE,AL,750 V,95 SQ.MM. TIS.293",4,,2026-02-16
381,16 ก.พ. 2569,12:40,12:44,4,กฟส.นาหว้า (XS),67-029881,427,อากาศชื้น / หมอก,สัตว์-งู,ศจฟ,12:40,11:00,12:00,60,1. อัมรินทร์ วะราวัง,รถ : นาหว้า 02,"CABLE LUG,NEMA 2-HOLE,AL 95 SQ.MM.",2,,2026-02-16
382,16 ก.พ. 2569,14:23,14:56,33,กฟส.ศรีสงคราม (XS),SSK01VF-028,229,อากาศปกติ,สัตว์-กระรอก/กระแต/หนู,ศจฟ,14:23,14:24,15:22,58,1. ปัญจพงษ์ เศรษฐาไชย,รถ : ศรีสงคราม 01,FUSE LINK 22 KV. 25 A.EEI-NEMA TYPE K,1,,2026-02-16
383,16 ก.พ. 2569,14:48,14:50,2,กฟส.โพนสวรรค์ (XS),NNA01F-27777,239,อากาศปกติ,อุปกรณ์-ชำรุด,ศจฟ,14:48,14:20,14:56,36,1. รวิชญ์ พรมน้อย,รถ : โพนสวรรค์-03,FUSE LINK 22 KV. 25 A.EEI-NEMA TYPE K,1,,2026-02-16
384,16 ก.พ. 2569,16:47,17:00,13,กฟจ.นครพนม (L),NNB01VF-039,79,อากาศปกติ,อุปกรณ์-ชำรุด,ศจฟ,16:47,16:48,17:05,17,1. ชัยยา มาตขาว  | 2. ภานุวัฒน์ สิงห์ทองไชย,รถ : 3ฒภ 2576 กทม (นพ 01),FUSE LINK 22 KV. 25 A.EEI-NEMA TYPE K,2,,2026-02-16
385,16 ก.พ. 2569,17:35,18:00,24,กฟส.ธาตุพนม (S),THA07F-10,21,อากาศปกติ,อุปกรณ์-ชำรุด,ศจฟ,17:35,17:36,18:06,30,1. นรากร แสนโสม,รถ : กระเช้าธาตุพนม,FUSE LINK 22 KV. 10 A.EEI-NEMA TYPE K,2,,2026-02-16
386,16 ก.พ. 2569,17:56,17:57,1,กฟส.ท่าอุเทน (XS),49-010999,24,อากาศปกติ,อุปกรณ์-ชำรุด,ศจฟ,17:56,16:34,17:59,85,1. อภิรักษ์ สาตะรักษ์,รถ : รถแก้ไฟท่าอุเทน,FUSE LINK 22 KV. 3 A.EEI-NEMA TYPE K,1,,2026-02-16
387,16 ก.พ. 2569,20:20,20:26,6,กฟส.บ้านแพง (S),BFA01VF-111,23,ลมแรง,ต้นไม้-กิ่งไม้หักพาดสาย,ศจฟ,20:20,19:00,20:30,90,1. ณัฐดนัย ขันถม,รถ : บ้านแพง01,FUSE LINK 22 KV. 15 A.EEI-NEMA TYPE K,3,,2026-02-16
388,16 ก.พ. 2569,22:25,23:24,58,กฟส.โพนสวรรค์ (XS),40-020360,38,อากาศปกติ,ต้นไม้-กิ่งไม้หักพาดสาย,ศจฟ,22:25,23:00,23:33,33,1. เพชราวุธ โพชราช,รถ : โพนสวรรค์-02,"DROPOUT,FUSE,22 KV.100 A.12 KA",1,,2026-02-16
389,16 ก.พ. 2569,22:26,23:00,33,กฟจ.นครพนม (L),60-027564,18,อากาศปกติ,ต้นไม้-กิ่งไม้หักพาดสาย,ศจฟ,22:26,22:27,00:10,103,1. ชัยยา มาตขาว  | 2. ภานุวัฒน์ สิงห์ทองไชย,รถ : 3ฒภ 2576 กทม (นพ 01),"H.R.C. FUSE, BLADE CONTACT, 80 A",1,,2026-02-16
390,17 ก.พ. 2569,00:43,02:09,85,กฟส.โพนสวรรค์ (XS),SSK07F-00,8669,อากาศปกติ,ต้นไม้-กิ่งไม้หักพาดสาย,ศจฟ,00:43,00:43,02:19,96,1. เพชราวุธ โพชราช,รถ : โพนสวรรค์-03,"DROPOUT,FUSE,22 KV.100 A.12 KA",1,,2026-02-17
391,17 ก.พ. 2569,07:55,08:33,38,กฟส.โพนสวรรค์ (XS),5700557851,1,อากาศปกติ,ต้นไม้-กิ่งไม้หักพาดสาย,ศจฟ,07:55,07:02,08:24,82,1. เพชราวุธ โพชราช,รถ : โพนสวรรค์-03,"CONN.,PG,DOUBLE BOLT,AL 16-70 SQ.MM.",2,,2026-02-17
392,17 ก.พ. 2569,11:04,11:25,20,กฟส.ธาตุพนม (S),61-014931,208,ลมแรง,ต้นไม้-กิ่งไม้หักพาดสาย,ศจฟ,11:04,11:05,11:35,30,1. เกรียงศักดิ์ สุพรรณคุ้ม,รถ : ธพ 03,"H.R.C. FUSE, BLADE CONTACT, 160 A",2,,2026-02-17
393,17 ก.พ. 2569,11:33,13:34,121,กฟส.ศรีสงคราม (XS),59-018605,290,อากาศปกติ,อุปกรณ์-ชำรุด,ศจฟ,11:33,11:34,12:40,66,1. ปัญจพงษ์ เศรษฐาไชย  | 2. วุฒิชัย เหมเมือง,รถ : ศรีสงคราม 01,"EPR, HIGH-VOLTAGE INSULATING TAPE",1,,2026-02-17
394,17 ก.พ. 2569,13:18,14:35,76,กฟส.นาแก (S),THA03VF-242-1,86,อากาศปกติ,อุปกรณ์-ชำรุด,ศจฟ,13:18,13:19,14:37,78,1. ธีระวัฒน์ สิงนวน  | 2. บัญชา ปู่บุตรชา  | 3. วรพันธุ์ ตันสมรส,รถ : นก-02,FUSE HOLDER 22 KV. 100 A. 12 KA.,1,,2026-02-17
395,17 ก.พ. 2569,13:29,11:30,0,กฟส.นาแก (S),63-004469,89,อากาศปกติ,อุปกรณ์-ชำรุด,ศจฟ,13:29,10:10,11:30,80,1. ธีระวัฒน์ สิงนวน,รถ : นก-03,"DROPOUT,FUSE,22 KV.100 A.12 KA",2,,2026-02-17
396,17 ก.พ. 2569,13:44,14:09,24,กฟส.ศรีสงคราม (XS),46-008713,309,อากาศปกติ,สัตว์-งู,ศจฟ,13:44,13:45,14:35,50,1. ปัญจพงษ์ เศรษฐาไชย  | 2. วุฒิชัย เหมเมือง,รถ : ศรีสงคราม 02,FUSE LINK 22 KV. 8 A.EEI-NEMA TYPE K,2,,2026-02-17
397,17 ก.พ. 2569,13:57,14:15,18,กฟส.นาแก (S),THA03VF-209,256,อากาศปกติ,อุปกรณ์-ชำรุด,ศจฟ,13:57,13:00,14:15,75,1. ธีระวัฒน์ สิงนวน,รถ : นก-03,FUSE HOLDER 22 KV. 100 A. 12 KA.,2,,2026-02-17
398,17 ก.พ. 2569,17:39,18:00,20,กฟส.นาทม (XS),54-008873,254,อากาศปกติ,อุปกรณ์-ชำรุด,ศจฟ,17:39,17:40,18:08,28,1. วราวุธ นาขมิ้น,รถ : นาทม 02,FUSE LINK 22 KV. 8 A.EEI-NEMA TYPE K,1,,2026-02-17
399,17 ก.พ. 2569,17:40,18:12,31,กฟส.นาแก (S),57-008355,53,อากาศปกติ,อุปกรณ์-ชำรุด,ศจฟ,17:40,17:41,18:14,33,1. วรพันธุ์ ตันสมรส,รถ : นก-03,"H.R.C. FUSE, BLADE CONTACT, 100 A",1,,2026-02-17
400,17 ก.พ. 2569,17:49,19:00,70,กฟส.นาหว้า (XS),54-011675,48,ลมแรง,ต้นไม้-ลมพัดต้นไม้มาแตะสาย,ศจฟ,17:49,18:11,19:22,71,1. สุรธรรม แพงเหนือ,รถ : นาหว้า 02,"CABLE,AL,750 V,50 SQ.MM. TIS.293",2,,2026-02-17
401,17 ก.พ. 2569,19:00,20:28,88,กฟส.นาแก (S),THA04VF-202-1,23,อากาศปกติ,ต้นไม้-ลมพัดต้นไม้มาแตะสาย,ศจฟ,19:00,19:25,20:30,65,1. วรพันธุ์ ตันสมรส,รถ : นก-03,FUSE LINK 22 KV. 10 A.EEI-NEMA TYPE K,2,,2026-02-17
402,17 ก.พ. 2569,20:35,21:28,53,กฟส.นาแก (S),SOA08VF-510,161,อากาศปกติ,ต้นไม้-ลมพัดต้นไม้มาแตะสาย,ศจฟ,20:35,20:36,21:30,54,1. วรพันธุ์ ตันสมรส,รถ : นก-03,FUSE LINK 22 KV. 10 A.EEI-NEMA TYPE K,2,,2026-02-17
403,17 ก.พ. 2569,20:50,21:39,49,กฟส.โพนสวรรค์ (XS),35-010325,178,อากาศปกติ,อุปกรณ์-ชำรุด,ศจฟ,20:50,20:58,21:41,43,1. รวิชญ์ พรมน้อย,รถ : โพนสวรรค์-03,FUSE LINK 22 KV. 5-6 A.EEI-NEMA TYPE K,2,,2026-02-17
404,18 ก.พ. 2569,08:00,09:18,78,กฟส.โพนสวรรค์ (XS),60-035525,332,อากาศปกติ,อุปกรณ์-ชำรุด,ศจฟ,08:00,06:00,07:45,105,1. รวิชญ์ พรมน้อย,รถ : โพนสวรรค์-03,FUSE LINK 22 KV. 5-6 A.EEI-NEMA TYPE K,2,,2026-02-18
405,18 ก.พ. 2569,08:45,09:10,24,กฟส.ธาตุพนม (S),41-007930,115,อากาศปกติ,อุปกรณ์-ชำรุด,ศจฟ,08:45,08:45,09:17,32,1. นรากร แสนโสม,รถ : กระเช้าธาตุพนม,"CABLE,AL,750 V,50 SQ.MM. TIS.293",5,,2026-02-18
406,18 ก.พ. 2569,09:23,09:40,17,กฟส.นาแก (S),THA03VF-238-5,79,อากาศปกติ,อุปกรณ์-ชำรุด,ศจฟ,09:23,08:40,10:30,110,1. ธีระวัฒน์ สิงนวน,รถ : นก-03,FUSE LINK 22 KV. 15 A.EEI-NEMA TYPE K,2,,2026-02-18
407,18 ก.พ. 2569,09:37,10:15,38,กฟส.ธาตุพนม (S),THA02VF-032,103,อากาศปกติ,ต้นไม้-ลมพัดต้นไม้มาแตะสาย,ศจฟ,09:37,09:38,10:37,59,1. นรากร แสนโสม,รถ : กระเช้าธาตุพนม,FUSE LINK 22 KV. 10 A.EEI-NEMA TYPE K,2,,2026-02-18
408,18 ก.พ. 2569,11:58,12:00,2,กฟส.ท่าอุเทน (XS),33-002892,5,อากาศปกติ,อุปกรณ์-ชำรุด,ศจฟ,11:58,11:00,11:20,20,1. ปรินทร์ บุญเทียม,รถ : -,"CABLE,AL,750 V,50 SQ.MM. TIS.293",10,,2026-02-18
409,18 ก.พ. 2569,12:40,11:20,0,กฟส.นาแก (S),THA03VF-203,416,อากาศปกติ,สัตว์-งู,ศจฟ,12:40,10:30,11:20,50,1. ธีระวัฒน์ สิงนวน,รถ : นก-03,FUSE LINK 22 KV. 25 A.EEI-NEMA TYPE K,2,,2026-02-18
410,18 ก.พ. 2569,12:41,12:10,0,กฟส.นาแก (S),THA03VF-203-2,75,อากาศปกติ,สัตว์-งู,ศจฟ,12:41,11:20,12:10,50,1. ธีระวัฒน์ สิงนวน,รถ : นก-03,FUSE LINK 22 KV. 15 A.EEI-NEMA TYPE K,2,,2026-02-18
411,18 ก.พ. 2569,13:16,16:57,221,กฟจ.นครพนม (L),NNA05F-16,1,อากาศปกติ,สัตว์-งู,ศจฟ,13:16,13:17,16:58,221,1. ธำรงรัตน์ สระแก้ว  | 2. พิพัฒน์ นะระทะ  | 3. เกรียงไกร ลาหมัน,รถ : 3ฒภ 2576 กทม (นพ 01),FUSE LINK 22 KV. 15 A.EEI-NEMA TYPE K,2,,2026-02-18
412,18 ก.พ. 2569,15:22,15:40,18,กฟส.ธาตุพนม (S),57-005648,19,อากาศปกติ,สัตว์-งู,ศจฟ,15:22,15:23,15:44,21,1. นรากร แสนโสม,รถ : กระเช้าธาตุพนม,"CABLE,AL,750 V,50 SQ.MM. TIS.293",3,,2026-02-18
413,18 ก.พ. 2569,16:25,19:48,203,กฟจ.นครพนม (L),NNA03F-08,2,อากาศปกติ,สัตว์-งู,ศจฟ,16:25,16:39,18:29,110,1. ธำรงรัตน์ สระแก้ว  | 2. พิพัฒน์ นะระทะ  | 3. พิพัฒน์ พิมพ์ศรี  | 4. เกรียงไกร ลาหมัน,รถ : 3ฒภ 2576 กทม (นพ 01),FUSE LINK 22 KV. 15 A.EEI-NEMA TYPE K,3,,2026-02-18
414,18 ก.พ. 2569,18:06,19:25,79,กฟส.นาแก (S),24004110,1,ลมแรง,อุปกรณ์-ชำรุด,ศจฟ,18:06,18:09,19:26,77,1. บัญชา ปู่บุตรชา  | 2. ศักดินันต์ ศรีพุทโธ,รถ : นก-03,"CONN.,PG,DOUBLE BOLT,AL 25-95 SQ.MM.",2,,2026-02-18
415,18 ก.พ. 2569,21:30,22:00,29,กฟจ.นครพนม (L),63-034835,152,ลมแรง,อุปกรณ์-ชำรุด,ศจฟ,21:30,21:30,22:05,35,1. จันทะคาด บัวเคน  | 2. ชัยยา มาตขาว  | 3. นลธวัช ศรีหาเศษ  | 4. พิพัฒน์ พิมพ์ศรี,รถ : 81-1269 นพ (นพ 03),"H.R.C. FUSE, BLADE CONTACT, 160 A",1,,2026-02-18
416,18 ก.พ. 2569,21:45,20:43,0,กฟจ.นครพนม (L),55-004706,14,อากาศปกติ,สัตว์-งู,ศจฟ,21:45,18:04,19:45,1541,1. จันทะคาด บัวเคน  | 2. ชัยยา มาตขาว  | 3. นลธวัช ศรีหาเศษ  | 4. พิพัฒน์ พิมพ์ศรี,รถ : 3ฒภ 2576 กทม (นพ 01),FUSE LINK 22 KV. 3 A.EEI-NEMA TYPE K,2,,2026-02-18
417,19 ก.พ. 2569,09:00,09:39,38,กฟจ.นครพนม (L),NNB02VF-023,669,อากาศปกติ,สัตว์-นก/ค้างคาว,ศจฟ,09:00,09:00,09:40,40,1. กิติศักดิ์ หาราช  | 2. นลธวัช ศรีหาเศษ  | 3. สันติ อินทิสาร,รถ : 3ฒภ 2576 กทม (นพ 01),FUSE LINK 22 KV. 25 A.EEI-NEMA TYPE K,1,,2026-02-19
418,19 ก.พ. 2569,10:00,11:25,85,กฟส.นาทม (XS),SEK03F-84,17,อากาศปกติ,สัตว์-นก/ค้างคาว,ศจฟ,10:00,11:00,11:33,33,1. วราวุธ นาขมิ้น,รถ : นาทม 01,FUSE LINK 22 KV. 15 A.EEI-NEMA TYPE K,1,,2026-02-19
419,19 ก.พ. 2569,10:40,11:12,31,กฟส.บ้านแพง (S),45-023787,34,อากาศปกติ,ยานพาหนะ-รถก่อสร้าง/เครื่องจักรกล/ปั้นจั่น/เครน,ศจฟ,10:40,11:04,11:29,25,1. รชานนท์ โมธรรม,รถ : กระเช้าบ้านแพง,"CABLE,AL,750 V,50 SQ.MM. TIS.293",5,,2026-02-19
420,19 ก.พ. 2569,11:45,14:40,175,กฟจ.นครพนม (L),60-028641,33,ลมแรง,ต้นไม้-ลมพัดต้นไม้มาแตะสาย,ศจฟ,11:45,14:00,14:35,35,1. กิติศักดิ์ หาราช  | 2. นลธวัช ศรีหาเศษ  | 3. สันติ อินทิสาร,รถ : 3ฒภ 2576 กทม (นพ 01),"CABLE,AL,750 V,50 SQ.MM. TIS.293",10,,2026-02-19
421,19 ก.พ. 2569,14:00,15:20,79,กฟจ.นครพนม (L),63-034835,152,ลมแรง,ต้นไม้-ลมพัดต้นไม้มาแตะสาย,ศจฟ,14:00,14:30,15:23,53,1. กิติศักดิ์ หาราช  | 2. นลธวัช ศรีหาเศษ  | 3. สันติ อินทิสาร,รถ : 3ฒภ 2576 กทม (นพ 01),"CABLE,AL,750 V,50 SQ.MM. TIS.293",5,,2026-02-19
422,19 ก.พ. 2569,16:47,17:57,70,กฟส.โพนสวรรค์ (XS),22381436,1,ลมแรง,อุปกรณ์-ชำรุด,ศจฟ,16:47,16:52,18:28,96,1. วรัญญู สังรวมใจ,รถ : โพนสวรรค์-03,"CABLE,CU,PVC,INS.&JAC. 600V, 2X10 SQ.MM.",7,,2026-02-19
423,19 ก.พ. 2569,17:47,18:34,47,กฟจ.นครพนม (L),59-024393,113,ลมแรง,อุปกรณ์-ชำรุด,ศจฟ,17:47,17:48,18:36,48,1. ถวิล เมษาคุณ  | 2. ธำรงรัตน์ สระแก้ว  | 3. พิพัฒน์ พิมพ์ศรี  | 4. เกรียงไกร ลาหมัน,รถ : 3ฒภ 2576 กทม (นพ 01),"H.R.C. FUSE, BLADE CONTACT, 100 A",1,,2026-02-19
424,19 ก.พ. 2569,18:41,19:43,61,กฟส.โพนสวรรค์ (XS),22163454,1,ลมแรง,อุปกรณ์-ติดตั้งไม่ได้มาตรฐาน,ศจฟ,18:41,18:42,20:07,85,1. วรัญญู สังรวมใจ,รถ : โพนสวรรค์-03,"CABLE,CU,PVC,INS.&JAC. 600V, 2X10 SQ.MM.",7,,2026-02-19
425,19 ก.พ. 2569,19:11,19:23,12,กฟส.นาแก (S),45-018210,58,ลมแรง,อุปกรณ์-ติดตั้งไม่ได้มาตรฐาน,ศจฟ,19:11,19:12,19:34,22,1. พิษณุ คำคนซื่อ,รถ : นก-03,"CABLE LUG,NEMA 2-HOLE,AL 50 SQ.MM.",1,,2026-02-19
426,20 ก.พ. 2569,07:21,08:06,45,กฟส.โพนสวรรค์ (XS),NNA01F-22/1,903,อากาศชื้น / หมอก,อุปกรณ์-ติดตั้งไม่ได้มาตรฐาน,ศจฟ,07:21,07:22,08:30,68,1. วรัญญู สังรวมใจ,รถ : โพนสวรรค์-03,FUSE LINK 22 KV. 25 A.EEI-NEMA TYPE K,1,,2026-02-20
427,20 ก.พ. 2569,08:40,08:57,17,กฟส.นาหว้า (XS),63-029958,55,อากาศปกติ,อุปกรณ์-ชำรุด,ศจฟ,08:40,07:30,08:00,30,1. ศิลารักษ์ วิภา,รถ : นาหว้า 02,"H.R.C. FUSE, BLADE CONTACT, 160 A",1,,2026-02-20
428,20 ก.พ. 2569,09:32,09:36,4,กฟส.นาหว้า (XS),63-034767,22,อากาศปกติ,อุปกรณ์-ชำรุด,ศจฟ,09:32,08:00,09:35,95,1. ศิลารักษ์ วิภา,รถ : นาหว้า 02,"CABLE,AL,750 V,50 SQ.MM. TIS.293",4,,2026-02-20
429,20 ก.พ. 2569,10:50,11:25,35,กฟส.นาหว้า (XS),SSK04VF-107,866,อากาศปกติ,วัสดุแปลกปลอม-ว่าว/โคมลอย/ลูกโป่ง/บั้งไฟ,ศจฟ,10:50,11:00,12:00,60,1. ศิลารักษ์ วิภา,รถ : นาหว้า 02,FUSE LINK 22 KV. 100 A.EEI-NEMA TYPE K,1,,2026-02-20
430,20 ก.พ. 2569,10:51,12:00,69,กฟส.ท่าอุเทน (XS),SSK02VF-242,734,อากาศปกติ,วัสดุแปลกปลอม-ว่าว/โคมลอย/ลูกโป่ง/บั้งไฟ,ศจฟ,10:51,10:57,12:08,71,1. อนุสรณ์ ทองประสม,รถ : รถแก้ไฟท่าอุเทน,FUSE LINK 22 KV. 8 A.EEI-NEMA TYPE K,1,,2026-02-20
431,20 ก.พ. 2569,15:35,15:40,5,กฟส.นาแก (S),THA04VF-241,238,อากาศปกติ,วัสดุแปลกปลอม-ว่าว/โคมลอย/ลูกโป่ง/บั้งไฟ,ศจฟ,15:35,15:40,15:44,4,1. วรพันธุ์ ตันสมรส,รถ : นก-02,"CABLE,AERIAL,AL 22 KV. 1X185 SQ.MM.",1,,2026-02-20
432,20 ก.พ. 2569,15:48,15:51,3,กฟส.นาแก (S),48-004391,37,อากาศปกติ,วัสดุแปลกปลอม-ว่าว/โคมลอย/ลูกโป่ง/บั้งไฟ,ศจฟ,15:48,15:49,15:53,4,1. วรพันธุ์ ตันสมรส,รถ : นก-02,"DROPOUT,FUSE,22 KV.100 A.12 KA",1,,2026-02-20
433,20 ก.พ. 2569,18:13,19:46,93,กฟจ.นครพนม (L),NNA01VF-048,397,อากาศปกติ,วัสดุแปลกปลอม-ว่าว/โคมลอย/ลูกโป่ง/บั้งไฟ,ศจฟ,18:13,18:14,18:31,17,1. กิติศักดิ์ หาราช  | 2. ทศวรรษ มังคละคีรี,รถ : 81-1269 นพ (นพ 03),"CONN.,PG,DOUBLE BOLT,AL 25-95 SQ.MM.",4,,2026-02-20
434,20 ก.พ. 2569,19:10,20:24,73,กฟส.ท่าอุเทน (XS),NNA01VF-224,321,อากาศปกติ,วัสดุแปลกปลอม-ว่าว/โคมลอย/ลูกโป่ง/บั้งไฟ,ศจฟ,19:10,19:11,20:32,81,1. อนุสรณ์ ทองประสม,รถ : รถแก้ไฟท่าอุเทน,FUSE LINK 22 KV. 20 A.EEI-NEMA TYPE K,1,,2026-02-20
435,20 ก.พ. 2569,19:43,19:49,6,กฟส.นาแก (S),63-018956,9,ลมแรง,วัสดุแปลกปลอม-ว่าว/โคมลอย/ลูกโป่ง/บั้งไฟ,ศจฟ,19:43,19:43,19:53,10,1. พิษณุ คำคนซื่อ,รถ : นก-03,FUSE LINK 22 KV. 10 A.EEI-NEMA TYPE K,2,,2026-02-20
436,20 ก.พ. 2569,20:33,20:50,17,กฟส.นาแก (S),THA03VF-202,709,ลมแรง,วัสดุแปลกปลอม-ว่าว/โคมลอย/ลูกโป่ง/บั้งไฟ,ศจฟ,20:33,20:33,20:53,20,1. พิษณุ คำคนซื่อ,รถ : นก-03,FUSE LINK 22 KV. 25 A.EEI-NEMA TYPE K,3,,2026-02-20
437,20 ก.พ. 2569,20:33,21:06,33,กฟส.ท่าอุเทน (XS),51-000781,28,ลมแรง,วัสดุแปลกปลอม-ว่าว/โคมลอย/ลูกโป่ง/บั้งไฟ,ศจฟ,20:33,20:34,21:43,69,1. อนุสรณ์ ทองประสม,รถ : รถแก้ไฟท่าอุเทน,FUSE LINK 22 KV. 3 A.EEI-NEMA TYPE K,1,,2026-02-20
438,21 ก.พ. 2569,07:30,08:00,29,กฟจ.นครพนม (L),NNB01VF-018,566,ลมแรง,วัสดุแปลกปลอม-ว่าว/โคมลอย/ลูกโป่ง/บั้งไฟ,ศจฟ,07:30,07:40,08:26,46,1. กิติศักดิ์ หาราช  | 2. จันทะคาด บัวเคน  | 3. ชัยยา มาตขาว  | 4. ทศวรรษ มังคละคีรี  | 5. นลธวัช ศรีหาเศษ,รถ : 3ฒภ 2576 กทม (นพ 01),FUSE LINK 22 KV. 25 A.EEI-NEMA TYPE K,2,,2026-02-21
439,21 ก.พ. 2569,07:39,08:18,38,กฟส.ท่าอุเทน (XS),66-005493,52,อากาศชื้น / หมอก,วัสดุแปลกปลอม-ว่าว/โคมลอย/ลูกโป่ง/บั้งไฟ,ศจฟ,07:39,07:41,08:22,41,1. อนุสรณ์ ทองประสม,รถ : รถแก้ไฟท่าอุเทน,FUSE LINK 22 KV. 3 A.EEI-NEMA TYPE K,1,,2026-02-21
440,21 ก.พ. 2569,08:00,08:47,47,กฟส.ท่าอุเทน (XS),NNA08VF-216,38,อากาศชื้น / หมอก,วัสดุแปลกปลอม-ว่าว/โคมลอย/ลูกโป่ง/บั้งไฟ,ศจฟ,08:00,08:46,08:51,5,1. อนุสรณ์ ทองประสม,รถ : รถแก้ไฟท่าอุเทน,FUSE HOLDER 22 KV. 100 A. 12 KA.,1,,2026-02-21
441,21 ก.พ. 2569,09:00,09:40,40,กฟจ.นครพนม (L),NNA07F-30,9,อากาศปกติ,วัสดุแปลกปลอม-ว่าว/โคมลอย/ลูกโป่ง/บั้งไฟ,ศจฟ,09:00,09:00,10:00,60,1. กิติศักดิ์ หาราช  | 2. พิพัฒน์ นะระทะ  | 3. ศักดิ์อนันต์ แสนเมือง,รถ : 3ฒภ 2576 กทม (นพ 01),FUSE LINK 22 KV. 10 A.EEI-NEMA TYPE K,1,,2026-02-21
442,21 ก.พ. 2569,09:15,10:00,45,กฟส.นาแก (S),THA04VF-236,207,อากาศปกติ,สัตว์-งู,ศจฟ,09:15,09:17,10:07,50,1. บัญชา ปู่บุตรชา,รถ : นก-03,FUSE LINK 22 KV. 25 A.EEI-NEMA TYPE K,2,,2026-02-21
443,21 ก.พ. 2569,10:00,10:55,54,กฟส.นาแก (S),29-000080,221,อากาศปกติ,ต้นไม้-ต้นไม้ล้มทับสาย,ศจฟ,10:00,10:21,10:37,16,1. บัญชา ปู่บุตรชา,รถ : นก-03,"CABLE,AL,750 V,50 SQ.MM. TIS.293",5,,2026-02-21
444,21 ก.พ. 2569,21:54,22:00,6,กฟส.ศรีสงคราม (XS),53-002264,1,อากาศปกติ,ต้นไม้-ต้นไม้ล้มทับสาย,ศจฟ,21:54,21:55,23:00,65,1. วุฒิชัย เหมเมือง,รถ : ศรีสงคราม 02,FUSE LINK 22 KV. 40 A.EEI-NEMA TYPE K,2,,2026-02-21
445,22 ก.พ. 2569,07:00,07:42,42,กฟส.ศรีสงคราม (XS),SSK02VF-005,55,ลมแรง,ต้นไม้-ลมพัดต้นไม้มาแตะสาย,ศจฟ,07:00,07:00,07:57,57,1. วุฒิชัย เหมเมือง,รถ : ศรีสงคราม 02,FUSE LINK 22 KV. 10 A.EEI-NEMA TYPE K,2,,2026-02-22
446,22 ก.พ. 2569,07:15,09:01,106,กฟส.โพนสวรรค์ (XS),SSK07F-10,447,อากาศชื้น / หมอก,ต้นไม้-ลมพัดต้นไม้มาแตะสาย,ศจฟ,07:15,07:04,08:30,86,1. เพชราวุธ โพชราช,รถ : โพนสวรรค์-02,FUSE LINK 22 KV. 25 A.EEI-NEMA TYPE K,1,,2026-02-22
447,22 ก.พ. 2569,08:10,08:40,29,กฟส.ศรีสงคราม (XS),60-030971,14,อากาศปกติ,สัตว์-กระรอก/กระแต/หนู,ศจฟ,08:10,08:24,09:00,36,1. วุฒิชัย เหมเมือง,รถ : ศรีสงคราม 02,FUSE LINK 22 KV. 3 A.EEI-NEMA TYPE K,2,,2026-02-22
448,22 ก.พ. 2569,11:24,11:58,33,กฟส.บ้านแพง (S),29388008,1,อากาศปกติ,สภาพสิ่งแวดล้อม-ตะไคร่น้ำจับสาย,ศจฟ,11:24,10:00,11:00,60,1. จตุรภุช สะท้านอิทธิฤทธิ์,รถ : กระเช้าบ้านแพง,"CONN.,PG,DOUBLE BOLT,AL 25-95 SQ.MM.",2,,2026-02-22
449,22 ก.พ. 2569,13:20,13:48,27,กฟส.โพนสวรรค์ (XS),6000830541,1,อากาศปกติ,อุปกรณ์-ชำรุด,ศจฟ,13:20,11:30,13:00,90,1. รวิชญ์ พรมน้อย,รถ : โพนสวรรค์-03,"CABLE,CU,PVC,INS.&JAC. 600V, 2X10 SQ.MM.",7,,2026-02-22
450,22 ก.พ. 2569,13:55,14:20,24,กฟจ.นครพนม (L),NNB10VF-099-1,222,อากาศปกติ,อุปกรณ์-ชำรุด,ศจฟ,13:55,13:56,14:22,26,1. จันทะคาด บัวเคน  | 2. นลธวัช ศรีหาเศษ  | 3. เกริกฤทธิ์ จันทรโพธิ์ศรี,รถ : 3ฒภ 2576 กทม (นพ 01),FUSE LINK 22 KV. 25 A.EEI-NEMA TYPE K,2,,2026-02-22
451,22 ก.พ. 2569,17:18,17:42,24,กฟส.บ้านแพง (S),SSK08F-125,61,อากาศปกติ,สัตว์-งู,ศจฟ,17:18,16:46,18:01,75,1. จตุรภุช สะท้านอิทธิฤทธิ์,รถ : บ้านแพง01,FUSE LINK 22 KV. 20 A.EEI-NEMA TYPE K,1,,2026-02-22
452,22 ก.พ. 2569,17:19,17:30,11,กฟส.ท่าอุเทน (XS),NNA01VF-202,255,อากาศปกติ,สัตว์-งู,ศจฟ,17:19,17:20,17:38,18,1. อนุสรณ์ ทองประสม,รถ : รถแก้ไฟท่าอุเทน,FUSE LINK 22 KV. 25 A.EEI-NEMA TYPE K,2,,2026-02-22
453,22 ก.พ. 2569,20:46,19:25,0,กฟส.โพนสวรรค์ (XS),58-013948,314,ลมแรง,อุปกรณ์-ชำรุด,ศจฟ,20:46,18:20,20:20,120,1. สุทธิเกียรติ บุญรังษี,รถ : โพนสวรรค์-03,"CABLE,AL,750 V,50 SQ.MM. TIS.293",5,,2026-02-22
454,22 ก.พ. 2569,21:19,21:34,15,กฟส.นาหว้า (XS),67-025159,2,ลมแรง,อุปกรณ์-ชำรุด,ศจฟ,21:19,17:00,19:00,120,1. ศิลารักษ์ วิภา,รถ : นาหว้า 02,"H.R.C. FUSE, BLADE CONTACT, 160 A",1,,2026-02-22
455,22 ก.พ. 2569,21:20,21:39,18,กฟส.นาหว้า (XS),63-029958,55,ลมแรง,อุปกรณ์-ชำรุด,ศจฟ,21:20,20:00,21:00,60,1. ศิลารักษ์ วิภา,รถ : นาหว้า 02,"H.R.C. FUSE, BLADE CONTACT, 160 A",1,,2026-02-22
456,23 ก.พ. 2569,08:03,08:15,12,กฟส.ท่าอุเทน (XS),SSK02VF-232,36,อากาศชื้น / หมอก,อุปกรณ์-ชำรุด,ศจฟ,08:03,08:05,10:07,122,1. อนุสรณ์ ทองประสม,รถ : รถแก้ไฟท่าอุเทน,FUSE LINK 22 KV. 8 A.EEI-NEMA TYPE K,1,,2026-02-23
457,23 ก.พ. 2569,10:30,10:30,0,กฟจ.นครพนม (L),NNB01VF-018,566,อากาศปกติ,ต้นไม้-ต้นไม้เลื้อย/โตมาแตะสาย,ศจฟ,10:30,09:50,11:00,70,1. จันทะคาด บัวเคน  | 2. ถวิล เมษาคุณ  | 3. ศักดิ์อนันต์ แสนเมือง,รถ : 3ฒภ 2576 กทม (นพ 01),FUSE LINK 22 KV. 25 A.EEI-NEMA TYPE K,1,,2026-02-23
458,23 ก.พ. 2569,10:40,11:51,70,กฟส.โพนสวรรค์ (XS),6500436677,1,อากาศปกติ,อุปกรณ์-ชำรุด,ศจฟ,10:40,11:07,12:03,56,1. ทรงกลด มาศศรี,รถ : โพนสวรรค์-03,"CABLE,CU,PVC,INS.&JAC. 600V, 2X10 SQ.MM.",7,,2026-02-23
459,23 ก.พ. 2569,11:30,11:56,26,กฟส.ศรีสงคราม (XS),SSK04VF-001,663,อากาศปกติ,บุคคลภายนอก-คนตัดต้นไม้,ศจฟ,11:30,11:31,12:12,41,1. ปัญจพงษ์ เศรษฐาไชย,รถ : ศรีสงคราม 01,FUSE LINK 22 KV. 25 A.EEI-NEMA TYPE K,3,,2026-02-23
460,23 ก.พ. 2569,11:47,12:03,15,กฟส.นาแก (S),51-003740,33,อากาศปกติ,บุคคลภายนอก-คนตัดต้นไม้,ศจฟ,11:47,11:57,12:04,7,1. วรพันธุ์ ตันสมรส,รถ : นก-02,"CABLE,AL,750 V,50 SQ.MM. TIS.293",5,,2026-02-23
461,23 ก.พ. 2569,13:20,11:40,0,กฟจ.นครพนม (L),67-034422,212,อากาศปกติ,วัสดุแปลกปลอม-เศษกิ่งไม้ใบไม้/ฟาง/ทางมะพร้าวปลิวมาแตะ,ศจฟ,13:20,11:00,12:10,70,1. จันทะคาด บัวเคน  | 2. ถวิล เมษาคุณ  | 3. ศักดิ์อนันต์ แสนเมือง,รถ : 3ฒภ 2576 กทม (นพ 01),"H.R.C. FUSE, BLADE CONTACT, 100 A",1,,2026-02-23
462,23 ก.พ. 2569,13:43,14:01,18,กฟส.นาแก (S),54-011574,19,อากาศปกติ,วัสดุแปลกปลอม-เศษกิ่งไม้ใบไม้/ฟาง/ทางมะพร้าวปลิวมาแตะ,ศจฟ,13:43,13:50,14:03,13,1. วรพันธุ์ ตันสมรส,รถ : นก-02,"CABLE,AL,750 V,50 SQ.MM. TIS.293",5,,2026-02-23
463,23 ก.พ. 2569,14:21,16:05,104,กฟส.นาแก (S),SOA07VF-501,68,อากาศปกติ,วัสดุแปลกปลอม-เศษกิ่งไม้ใบไม้/ฟาง/ทางมะพร้าวปลิวมาแตะ,ศจฟ,14:21,14:22,16:06,104,1. วรพันธุ์ ตันสมรส,รถ : นก-02,FUSE LINK 22 KV. 10 A.EEI-NEMA TYPE K,2,,2026-02-23
464,23 ก.พ. 2569,17:27,18:29,61,กฟส.โพนสวรรค์ (XS),25318190,1,อากาศปกติ,อุปกรณ์-ติดตั้งไม่ได้มาตรฐาน,ศจฟ,17:27,17:28,18:55,87,1. วรัญญู สังรวมใจ,รถ : โพนสวรรค์-03,"CABLE,CU,PVC,INS.&JAC. 600V, 2X10 SQ.MM.",7,,2026-02-23
465,23 ก.พ. 2569,17:28,18:09,40,กฟส.นาแก (S),THA03VF-230,87,ลมแรง,อุปกรณ์-ชำรุด,ศจฟ,17:28,17:29,18:14,45,1. ศักดินันต์ ศรีพุทโธ,รถ : นก-03,FUSE HOLDER 22 KV. 100 A. 12 KA.,1,,2026-02-23
466,23 ก.พ. 2569,18:58,20:39,101,กฟส.โพนสวรรค์ (XS),29405431,1,อากาศปกติ,อุปกรณ์-ติดตั้งไม่ได้มาตรฐาน,ศจฟ,18:58,18:59,20:40,101,1. วรัญญู สังรวมใจ,รถ : โพนสวรรค์-03,"CABLE,CU,PVC,INS.&JAC. 600V, 2X10 SQ.MM.",7,,2026-02-23
467,23 ก.พ. 2569,22:58,23:58,60,กฟส.บ้านแพง (S),SSK08F-66,594,ฝนตก ลมแรง,ต้นไม้-กิ่งไม้หักพาดสาย,ศจฟ,22:58,22:59,00:00,61,1. เอกพล เวกสูงเนิน,รถ : กระเช้าบ้านแพง,FUSE LINK 22 KV. 25 A.EEI-NEMA TYPE K,2,,2026-02-23
468,24 ก.พ. 2569,06:19,06:46,27,กฟส.ท่าอุเทน (XS),SSK02VF-240,734,ฝนตก ลมแรง,ต้นไม้-ลมพัดต้นไม้มาแตะสาย,ศจฟ,06:19,03:00,05:00,120,1. วีระพงษ์ วงตรี  | 2. อนุสรณ์ ทองประสม,รถ : -,FUSE LINK 22 KV. 15 A.EEI-NEMA TYPE K,3,,2026-02-24
469,24 ก.พ. 2569,06:20,07:50,90,กฟส.โพนสวรรค์ (XS),SSK07F-07,532,ฝนตก,ต้นไม้-ลมพัดต้นไม้มาแตะสาย,ศจฟ,06:20,06:22,08:30,128,1. วรัญญู สังรวมใจ,รถ : โพนสวรรค์-03,FUSE LINK 22 KV. 40 A.EEI-NEMA TYPE K,1,,2026-02-24
470,24 ก.พ. 2569,06:21,02:25,0,กฟส.ท่าอุเทน (XS),BFA09VF-221,750,ฝนตก ลมแรง,ต้นไม้-ลมพัดต้นไม้มาแตะสาย,ศจฟ,06:21,00:30,02:45,135,1. วีระพงษ์ วงตรี  | 2. อนุสรณ์ ทองประสม,รถ : -,FUSE LINK 22 KV. 15 A.EEI-NEMA TYPE K,3,,2026-02-24
471,24 ก.พ. 2569,07:42,08:11,29,กฟส.บ้านแพง (S),58-011889,109,ฝนตก ลมแรง,ต้นไม้-ลมพัดต้นไม้มาแตะสาย,ศจฟ,07:42,07:50,08:13,23,1. เอกพล เวกสูงเนิน,รถ : กระเช้าบ้านแพง,FUSE LINK 22 KV. 8 A.EEI-NEMA TYPE K,1,,2026-02-24
472,24 ก.พ. 2569,08:01,08:18,17,กฟส.นาแก (S),THA04VF-236,207,ฝนตก,ต้นไม้-กิ่งไม้หักพาดสาย,ศจฟ,08:01,07:00,08:17,77,1. ศราวุธ วงศ์พิริยะสมบัติ  | 2. ศักดินันต์ ศรีพุทโธ,รถ : นก-03,FUSE HOLDER 22 KV. 100 A. 12 KA.,1,,2026-02-24
473,24 ก.พ. 2569,09:41,13:38,237,กฟจ.นครพนม (L),NNB02VF-023,669,ฝนตก,ต้นไม้-กิ่งไม้หักพาดสาย,ศจฟ,09:41,09:43,13:40,237,1. ทศวรรษ มังคละคีรี  | 2. ธำรงรัตน์ สระแก้ว  | 3. ประจล ศรีสุราช  | 4. พิพัฒน์ นะระทะ  | 5. สุรวุฒิ สุขแสงดาว  | 6. เกริกฤทธิ์ จันทรโพธิ์ศรี,รถ : 3ฒภ 2576 กทม (นพ 01),FUSE LINK 22 KV. 20 A.EEI-NEMA TYPE K,2,,2026-02-24
474,24 ก.พ. 2569,10:07,10:11,4,กฟส.บ้านแพง (S),SSK08F-59-1,750,ฝนตก ลมแรง,ต้นไม้-กิ่งไม้หักพาดสาย,ศจฟ,10:07,09:07,10:14,67,1. ชินดนัย คงชะสิงห์,รถ : กระเช้าบ้านแพง,FUSE LINK 22 KV. 10 A.EEI-NEMA TYPE K,1,,2026-02-24
475,24 ก.พ. 2569,10:30,12:12,102,กฟส.โพนสวรรค์ (XS),SSK07F-07,168,ฝนตก,สภาพสิ่งแวดล้อม-ความชื้น,ศจฟ,10:30,10:30,12:00,90,1. ทรงกลด มาศศรี,รถ : โพนสวรรค์-03,FUSE LINK 22 KV. 20 A.EEI-NEMA TYPE K,2,,2026-02-24
476,24 ก.พ. 2569,10:35,11:00,24,กฟส.ศรีสงคราม (XS),60-030863,46,ฝนตก,อุปกรณ์-ชำรุด,ศจฟ,10:35,11:08,11:55,47,1. วุฒิชัย เหมเมือง,รถ : ศรีสงคราม 01,,,,2026-02-24
477,24 ก.พ. 2569,10:37,11:11,33,กฟส.ธาตุพนม (S),THA06F-18,84,ฝนตก,ต้นไม้-กิ่งไม้หักพาดสาย,ศจฟ,10:37,10:09,11:14,65,1. อติชาติ เมืองงาม,รถ : กระเช้าธาตุพนม,FUSE LINK 22 KV. 15 A.EEI-NEMA TYPE K,1,,2026-02-24
478,24 ก.พ. 2569,10:38,11:00,22,กฟส.นาแก (S),THA03VF-211,32,อากาศปกติ,อุปกรณ์-ทำงานผิดพลาด,ศจฟ,10:38,10:05,11:00,55,1. อนาวิน อาจหาญ,รถ : นก-03,FUSE LINK 22 KV. 8 A.EEI-NEMA TYPE K,2,,2026-02-24
479,24 ก.พ. 2569,10:44,12:15,91,กฟส.นาทม (XS),SEK03F-97/1,105,ฝนตก,วัสดุแปลกปลอม-เศษกิ่งไม้ใบไม้/ฟาง/ทางมะพร้าวปลิวมาแตะ,ศจฟ,10:44,11:12,12:19,67,1. นราธร อินทรายุทธ,รถ : นาทม 02,FUSE LINK 22 KV. 10 A.EEI-NEMA TYPE K,2,,2026-02-24
480,24 ก.พ. 2569,10:49,11:36,47,กฟส.บ้านแพง (S),SSK08F-51-3,57,ฝนตก ลมแรง,ภัยธรรมชาติ-พายุฤดูร้อน/พายุดีเปรสชั่น,ศจฟ,10:49,11:13,11:38,25,1. ชินดนัย คงชะสิงห์,รถ : กระเช้าบ้านแพง,FUSE LINK 22 KV. 25 A.EEI-NEMA TYPE K,1,,2026-02-24
481,24 ก.พ. 2569,11:00,13:35,155,กฟส.โพนสวรรค์ (XS),SSK07F-05,334,อากาศปกติ,สัตว์-งู,ศจฟ,11:00,11:14,14:03,169,1. ทรงกลด มาศศรี,รถ : โพนสวรรค์-03,FUSE LINK 22 KV. 15 A.EEI-NEMA TYPE K,2,,2026-02-24
482,24 ก.พ. 2569,11:14,12:10,56,กฟส.นาแก (S),THA04VF-236,207,อากาศปกติ,อุปกรณ์-ทำงานผิดพลาด,ศจฟ,11:14,11:00,12:10,70,1. อนาวิน อาจหาญ,รถ : นก-03,FUSE LINK 22 KV. 25 A.EEI-NEMA TYPE K,2,,2026-02-24
483,24 ก.พ. 2569,11:30,16:36,306,กฟจ.นครพนม (L),SSK02VF-249,502,อากาศปกติ,อุปกรณ์-ทำงานผิดพลาด,ศจฟ,11:30,10:30,14:03,213,1. ทศวรรษ มังคละคีรี  | 2. ธำรงรัตน์ สระแก้ว  | 3. ประจล ศรีสุราช  | 4. พิพัฒน์ นะระทะ  | 5. สุรวุฒิ สุขแสงดาว  | 6. เกริกฤทธิ์ จันทรโพธิ์ศรี,รถ : รถกระเช้า (04),"CABLE,AERIAL,AL 22 KV. 1X185 SQ.MM.",9,,2026-02-24
484,24 ก.พ. 2569,11:32,11:57,24,กฟส.ธาตุพนม (S),63-018949,17,ฝนตก,สภาพสิ่งแวดล้อม-ฟ้าผ่า,ศจฟ,11:32,11:33,12:32,59,1. อติชาติ เมืองงาม,รถ : กระเช้าธาตุพนม,FUSE LINK 22 KV. 3 A.EEI-NEMA TYPE K,1,,2026-02-24
485,24 ก.พ. 2569,11:38,12:01,22,กฟส.นาหว้า (XS),SSK06F-18,708,ฝนตก,สภาพสิ่งแวดล้อม-ฟ้าผ่า,ศจฟ,11:38,11:30,12:03,33,1. อัมรินทร์ วะราวัง,รถ : นาหว้า 02,FUSE HOLDER 22 KV. 100 A. 12 KA.,1,,2026-02-24
486,24 ก.พ. 2569,13:10,14:15,64,กฟส.นาแก (S),THA03VF-221-1,59,อากาศปกติ,อุปกรณ์-ทำงานผิดพลาด,ศจฟ,13:10,13:00,14:10,70,1. อนาวิน อาจหาญ,รถ : นก-03,FUSE LINK 22 KV. 10 A.EEI-NEMA TYPE K,2,,2026-02-24
487,24 ก.พ. 2569,13:39,13:45,6,กฟส.นาหว้า (XS),SSK06F-17,63,อากาศปกติ,อุปกรณ์-ทำงานผิดพลาด,ศจฟ,13:39,13:41,13:46,5,1. อัมรินทร์ วะราวัง,รถ : นาหว้า 02,FUSE LINK 22 KV. 20 A.EEI-NEMA TYPE K,3,,2026-02-24
488,24 ก.พ. 2569,14:12,16:09,117,กฟส.ท่าอุเทน (XS),67-000502,272,ฝนตก,อุปกรณ์-ทำงานผิดพลาด,ศจฟ,14:12,14:15,15:01,46,1. วีระพงษ์ วงตรี  | 2. สุรธวัช วุฒิสาร,รถ : -,"CABLE,AL,750 V,50 SQ.MM. TIS.293",10,,2026-02-24
489,24 ก.พ. 2569,14:29,14:47,18,กฟส.นาหว้า (XS),SSK04VF-107,866,ฝนตก,อุปกรณ์-ทำงานผิดพลาด,ศจฟ,14:29,14:30,14:48,18,1. อัมรินทร์ วะราวัง,รถ : นาหว้า 02,FUSE LINK 22 KV. 15 A.EEI-NEMA TYPE K,3,,2026-02-24
490,24 ก.พ. 2569,14:33,14:59,26,กฟส.ศรีสงคราม (XS),SSK02VF-034,205,อากาศชื้น / หมอก,สัตว์-งู,ศจฟ,14:33,14:34,15:30,56,1. ปัญจพงษ์ เศรษฐาไชย  | 2. วุฒิชัย เหมเมือง,รถ : ศรีสงคราม 02,FUSE LINK 22 KV. 25 A.EEI-NEMA TYPE K,2,,2026-02-24
491,24 ก.พ. 2569,14:51,15:30,38,กฟส.ท่าอุเทน (XS),SSK02VF-240,734,ลมแรง,ต้นไม้-กิ่งไม้หักพาดสาย,ศจฟ,14:51,14:52,15:54,62,1. วีระพงษ์ วงตรี  | 2. สุรธวัช วุฒิสาร,รถ : รถแก้ไฟท่าอุเทน,FUSE LINK 22 KV. 25 A.EEI-NEMA TYPE K,2,,2026-02-24
492,24 ก.พ. 2569,15:04,15:11,7,กฟส.นาหว้า (XS),63-029958,55,ลมแรง,ต้นไม้-กิ่งไม้หักพาดสาย,ศจฟ,15:04,15:05,15:15,10,1. อัมรินทร์ วะราวัง,รถ : นาหว้า 02,"CABLE LUG,NEMA 2-HOLE,AL 50 SQ.MM.",2,,2026-02-24
493,24 ก.พ. 2569,15:15,13:59,0,กฟส.บ้านแพง (S),SSK08F-69-1,239,ฝนตก ลมแรง,ภัยธรรมชาติ-พายุฤดูร้อน/พายุดีเปรสชั่น,ศจฟ,15:15,13:00,14:00,60,1. ชินดนัย คงชะสิงห์,รถ : กระเช้าบ้านแพง,FUSE LINK 22 KV. 15 A.EEI-NEMA TYPE K,1,,2026-02-24
494,24 ก.พ. 2569,15:50,16:40,49,กฟส.ศรีสงคราม (XS),62-002180,27,ฝนตก,ภัยธรรมชาติ-พายุฤดูร้อน/พายุดีเปรสชั่น,ศจฟ,15:50,15:51,17:20,89,1. ปัญจพงษ์ เศรษฐาไชย  | 2. วุฒิชัย เหมเมือง,รถ : ศรีสงคราม 01,"H.R.C. FUSE, BLADE CONTACT, 100 A",1,,2026-02-24
495,24 ก.พ. 2569,16:04,17:10,66,กฟส.ท่าอุเทน (XS),SSK02VF-260,1,ลมแรง,ต้นไม้-กิ่งไม้หักพาดสาย,ศจฟ,16:04,16:12,17:40,88,1. วีระพงษ์ วงตรี  | 2. สุรธวัช วุฒิสาร,รถ : รถแก้ไฟท่าอุเทน,FUSE LINK 22 KV. 20 A.EEI-NEMA TYPE K,2,,2026-02-24
496,24 ก.พ. 2569,16:05,14:30,0,กฟส.บ้านแพง (S),63-004444,45,อากาศปกติ,ภัยธรรมชาติ-พายุฤดูร้อน/พายุดีเปรสชั่น,ศจฟ,16:05,14:00,15:45,105,1. ชินดนัย คงชะสิงห์,รถ : กระเช้าบ้านแพง,"H.R.C. FUSE, BLADE CONTACT, 80 A",1,,2026-02-24
497,24 ก.พ. 2569,17:05,17:45,40,กฟส.ธาตุพนม (S),THA02VF-012,204,อากาศปกติ,ภัยธรรมชาติ-พายุฤดูร้อน/พายุดีเปรสชั่น,ศจฟ,17:05,17:06,17:51,45,1. นรากร แสนโสม,รถ : กระเช้าธาตุพนม,FUSE LINK 22 KV. 15 A.EEI-NEMA TYPE K,2,,2026-02-24
498,24 ก.พ. 2569,17:57,18:10,13,กฟส.ท่าอุเทน (XS),NNA01VF-230,470,อากาศปกติ,ภัยธรรมชาติ-พายุฤดูร้อน/พายุดีเปรสชั่น,ศจฟ,17:57,17:58,18:28,30,1. สุรธวัช วุฒิสาร,รถ : รถแก้ไฟท่าอุเทน,FUSE LINK 22 KV. 15 A.EEI-NEMA TYPE K,1,,2026-02-24
499,24 ก.พ. 2569,18:28,19:05,36,กฟส.ธาตุพนม (S),THA02VF-030,185,อากาศปกติ,ภัยธรรมชาติ-พายุฤดูร้อน/พายุดีเปรสชั่น,ศจฟ,18:28,18:29,19:10,41,1. นรากร แสนโสม,รถ : กระเช้าธาตุพนม,FUSE LINK 22 KV. 20 A.EEI-NEMA TYPE K,2,,2026-02-24
500,24 ก.พ. 2569,18:29,19:15,45,กฟส.นาทม (XS),54-002759,142,อากาศปกติ,ภัยธรรมชาติ-พายุฤดูร้อน/พายุดีเปรสชั่น,ศจฟ,18:29,18:30,19:15,45,1. วราวุธ นาขมิ้น,รถ : นาทม 02,"H.R.C. FUSE, BLADE CONTACT, 100 A",2,,2026-02-24
501,24 ก.พ. 2569,19:15,19:35,20,กฟส.ธาตุพนม (S),6100979296,1,อากาศปกติ,ภัยธรรมชาติ-พายุฤดูร้อน/พายุดีเปรสชั่น,ศจฟ,19:15,19:16,19:46,30,1. นรากร แสนโสม,รถ : กระเช้าธาตุพนม,"TAPE,PVC,O/D,0.18X19X10,000 MM. TIS.386",1,,2026-02-24
502,24 ก.พ. 2569,19:16,20:00,44,กฟจ.นครพนม (L),NNB02VF-021,49,อากาศปกติ,ภัยธรรมชาติ-พายุฤดูร้อน/พายุดีเปรสชั่น,ศจฟ,19:16,19:16,20:18,62,1. ประจล ศรีสุราช  | 2. พงษ์สนิจ ศรีวิชัย,รถ : 81-1269 นพ (นพ 03),FUSE LINK 22 KV. 25 A.EEI-NEMA TYPE K,1,,2026-02-24
503,24 ก.พ. 2569,19:56,20:30,33,กฟส.ธาตุพนม (S),55-004707,37,อากาศปกติ,ภัยธรรมชาติ-พายุฤดูร้อน/พายุดีเปรสชั่น,ศจฟ,19:56,19:57,20:35,38,1. นรากร แสนโสม,รถ : กระเช้าธาตุพนม,"CABLE,AL,750 V,50 SQ.MM. TIS.293",4,,2026-02-24
504,24 ก.พ. 2569,19:56,20:59,63,กฟส.โพนสวรรค์ (XS),SSK07F-04,36,อากาศชื้น / หมอก,สัตว์-งู,ศจฟ,19:56,19:57,21:26,89,1. ทรงกลด มาศศรี,รถ : โพนสวรรค์-03,FUSE LINK 22 KV. 15 A.EEI-NEMA TYPE K,2,,2026-02-24
505,24 ก.พ. 2569,20:42,21:50,67,กฟส.ศรีสงคราม (XS),SSK06VF-002,7,อากาศชื้น / หมอก,สัตว์-งู,ศจฟ,20:42,20:43,21:51,68,1. วุฒิชัย เหมเมือง,รถ : ศรีสงคราม 03,FUSE LINK 22 KV. 10 A.EEI-NEMA TYPE K,2,,2026-02-24
506,24 ก.พ. 2569,21:32,22:15,42,กฟส.โพนสวรรค์ (XS),35-010325,178,อากาศปกติ,อุปกรณ์-ชำรุด,ศจฟ,21:32,21:33,22:39,66,1. ทรงกลด มาศศรี,รถ : โพนสวรรค์-03,"H.R.C. FUSE, BLADE CONTACT, 160 A",1,,2026-02-24
507,24 ก.พ. 2569,21:54,22:24,29,กฟส.ศรีสงคราม (XS),64-101643,1,อากาศปกติ,อุปกรณ์-ชำรุด,ศจฟ,21:54,21:55,23:00,65,1. วุฒิชัย เหมเมือง,รถ : ศรีสงคราม 03,"H.R.C. FUSE, BLADE CONTACT, 100 A",1,,2026-02-24
508,24 ก.พ. 2569,22:44,23:28,44,กฟส.บ้านแพง (S),SSK08F-65-1,519,ฝนตก,อุปกรณ์-ชำรุด,ศจฟ,22:44,22:45,23:36,51,1. จตุรภุช สะท้านอิทธิฤทธิ์,รถ : บ้านแพง01,"FSD, FULL INSULATED, 1X400A, 400V",1,,2026-02-24
509,24 ก.พ. 2569,22:57,23:05,8,กฟส.บ้านแพง (S),45-015666,276,ฝนตก,ภัยธรรมชาติ-พายุฤดูร้อน/พายุดีเปรสชั่น,ศจฟ,22:57,22:58,23:21,23,1. จตุรภุช สะท้านอิทธิฤทธิ์,รถ : บ้านแพง01,FUSE LINK 22 KV. 30 A.EEI-NEMA TYPE K,2,,2026-02-24
510,25 ก.พ. 2569,,05:35,0,กฟจ.นครพนม (L),NNA07F-40,395,ฝนตก ลมแรง,สภาพสิ่งแวดล้อม-ฟ้าผ่า,ศจฟ,07:00,05:00,05:50,50,1. ทศวรรษ มังคละคีรี  | 2. ประจล ศรีสุราช  | 3. พงษ์สนิจ ศรีวิชัย  | 4. ภานุวัฒน์ สิงห์ทองไชย,รถ : 3ฒภ 2576 กทม (นพ 01),FUSE LINK 22 KV. 25 A.EEI-NEMA TYPE K,3,,2026-02-25
511,25 ก.พ. 2569,,06:15,0,กฟจ.นครพนม (L),NNB01VF-003,982,ฝนตก ลมแรง,สภาพสิ่งแวดล้อม-ฟ้าผ่า,ศจฟ,07:00,05:50,06:40,50,1. ทศวรรษ มังคละคีรี  | 2. ประจล ศรีสุราช  | 3. พงษ์สนิจ ศรีวิชัย  | 4. ภานุวัฒน์ สิงห์ทองไชย,รถ : 3ฒภ 2576 กทม (นพ 01),FUSE LINK 22 KV. 25 A.EEI-NEMA TYPE K,3,,2026-02-25
512,25 ก.พ. 2569,,07:00,0,กฟจ.นครพนม (L),NNA02VF-017,4,ฝนตก ลมแรง,สภาพสิ่งแวดล้อม-ฟ้าผ่า,ศจฟ,07:00,06:40,07:15,35,1. ทศวรรษ มังคละคีรี  | 2. ประจล ศรีสุราช  | 3. พงษ์สนิจ ศรีวิชัย  | 4. ภานุวัฒน์ สิงห์ทองไชย,รถ : 3ฒภ 2576 กทม (นพ 01),FUSE LINK 22 KV. 8 A.EEI-NEMA TYPE K,3,,2026-02-25
513,25 ก.พ. 2569,04:19,09:30,311,กฟส.ท่าอุเทน (XS),,2674,ฝนตก ลมแรง,อุปกรณ์-ชำรุด,ศจฟ,04:18,05:35,08:00,145,1. วีระพงษ์ วงตรี  | 2. สุรธวัช วุฒิสาร,รถ : -,,,,2026-02-25
514,25 ก.พ. 2569,04:39,06:31,112,กฟส.ท่าอุเทน (XS),,326,ฝนตก ลมแรง,สภาพสิ่งแวดล้อม-ฟ้าผ่า,ศจฟ,04:38,05:31,07:32,121,1. วีระพงษ์ วงตรี  | 2. สุรธวัช วุฒิสาร,รถ : รถแก้ไฟท่าอุเทน,,,,2026-02-25
515,25 ก.พ. 2569,07:00,04:50,0,กฟจ.นครพนม (L),NNA04F-05,501,ฝนตก ลมแรง,สภาพสิ่งแวดล้อม-ฟ้าผ่า,ศจฟ,07:00,04:15,05:00,45,1. ทศวรรษ มังคละคีรี  | 2. ประจล ศรีสุราช  | 3. พงษ์สนิจ ศรีวิชัย  | 4. ภานุวัฒน์ สิงห์ทองไชย,รถ : 3ฒภ 2576 กทม (นพ 01),FUSE LINK 22 KV. 40 A.EEI-NEMA TYPE K,3,,2026-02-25
516,25 ก.พ. 2569,08:37,09:52,75,กฟส.นาแก (S),THA04VF-222-4,74,ฝนตก ฟ้าคะนอง,ภัยธรรมชาติ-พายุฤดูร้อน/พายุดีเปรสชั่น,ศจฟ,08:37,07:56,09:59,123,1. อนาวิน อาจหาญ,รถ : นก-03,FUSE LINK 22 KV. 15 A.EEI-NEMA TYPE K,1,,2026-02-25
517,25 ก.พ. 2569,08:38,09:20,42,กฟส.โพนสวรรค์ (XS),SSK07F-10,447,ฝนตก ลมแรง,ภัยธรรมชาติ-พายุฤดูร้อน/พายุดีเปรสชั่น,ศจฟ,08:38,08:39,09:41,62,1. เพชราวุธ โพชราช,รถ : โพนสวรรค์-03,FUSE LINK 22 KV. 25 A.EEI-NEMA TYPE K,2,,2026-02-25
518,25 ก.พ. 2569,08:38,09:36,58,กฟส.นาทม (XS),63-033247,166,ฝนตก ลมแรง,ภัยธรรมชาติ-พายุฤดูร้อน/พายุดีเปรสชั่น,ศจฟ,08:38,09:17,09:43,26,1. วราวุธ นาขมิ้น,รถ : นาทม 01,"H.R.C. FUSE, BLADE CONTACT, 80 A",2,,2026-02-25
519,25 ก.พ. 2569,08:40,07:53,0,กฟส.นาแก (S),THA04VF-221-4,2,ฝนตก ฟ้าคะนอง,ภัยธรรมชาติ-พายุฤดูร้อน/พายุดีเปรสชั่น,ศจฟ,08:40,09:18,09:55,37,1. อนาวิน อาจหาญ,รถ : นก-03,FUSE LINK 22 KV. 10 A.EEI-NEMA TYPE K,1,,2026-02-25
520,25 ก.พ. 2569,08:40,08:50,10,กฟส.ศรีสงคราม (XS),29-005242,389,ฝนตก ฟ้าคะนอง,ภัยธรรมชาติ-พายุฤดูร้อน/พายุดีเปรสชั่น,ศจฟ,08:40,09:19,11:00,101,1. ปัญจพงษ์ เศรษฐาไชย  | 2. วุฒิชัย เหมเมือง,รถ : ศรีสงคราม 01,"H.R.C. FUSE, BLADE CONTACT, 100 A",1,,2026-02-25
521,25 ก.พ. 2569,09:12,10:00,47,กฟส.นาหว้า (XS),SSK06F-20,92,ฝนตก ฟ้าคะนอง,ภัยธรรมชาติ-พายุฤดูร้อน/พายุดีเปรสชั่น,ศจฟ,09:12,09:13,10:00,47,1. อดิเทพ วะราวัง,รถ : นาหว้า 02,FUSE LINK 22 KV. 15 A.EEI-NEMA TYPE K,2,,2026-02-25
522,25 ก.พ. 2569,09:13,09:52,38,กฟส.โพนสวรรค์ (XS),NNA01F-39,2674,ฝนตก ลมแรง,ภัยธรรมชาติ-พายุฤดูร้อน/พายุดีเปรสชั่น,ศจฟ,09:13,09:15,10:00,45,1. เพชราวุธ โพชราช,รถ : โพนสวรรค์-03,FUSE LINK 22 KV. 25 A.EEI-NEMA TYPE K,2,,2026-02-25
523,25 ก.พ. 2569,09:33,17:40,487,กฟจ.นครพนม (L),NNA04F-03,277,ฝนตก ลมแรง,ภัยธรรมชาติ-พายุฤดูร้อน/พายุดีเปรสชั่น,ศจฟ,09:33,09:34,17:42,488,1. กิติศักดิ์ หาราช  | 2. ถวิล เมษาคุณ  | 3. ทศวรรษ มังคละคีรี  | 4. นลธวัช ศรีหาเศษ  | 5. ประจล ศรีสุราช  | 6. ปรีชา เพ็งคำ  | 7. พิพัฒน์ นะระทะ  | 8. ศักดิ์อนันต์ แสนเมือง  | 9. เกรียงไกร ลาหมัน,รถ : 3ฒภ 2576 กทม (นพ 01),FUSE LINK 22 KV. 25 A.EEI-NEMA TYPE K,2,,2026-02-25
524,25 ก.พ. 2569,09:51,11:00,69,กฟส.โพนสวรรค์ (XS),NNA01F-41,752,ฝนตก ลมแรง,ภัยธรรมชาติ-พายุฤดูร้อน/พายุดีเปรสชั่น,ศจฟ,09:51,10:17,11:18,61,1. เพชราวุธ โพชราช,รถ : โพนสวรรค์-03,FUSE LINK 22 KV. 25 A.EEI-NEMA TYPE K,2,,2026-02-25
525,25 ก.พ. 2569,10:15,09:50,0,กฟจ.นครพนม (L),NNA08VF-034,183,ฝนตก ลมแรง,ภัยธรรมชาติ-พายุฤดูร้อน/พายุดีเปรสชั่น,ศจฟ,10:15,08:30,08:50,20,1. กิติศักดิ์ หาราช  | 2. ถวิล เมษาคุณ  | 3. ทศวรรษ มังคละคีรี  | 4. นลธวัช ศรีหาเศษ  | 5. ประจล ศรีสุราช  | 6. ปรีชา เพ็งคำ  | 7. พิพัฒน์ นะระทะ  | 8. ศักดิ์อนันต์ แสนเมือง  | 9. เกรียงไกร ลาหมัน,รถ : 81-1269 นพ (นพ 03),FUSE LINK 22 KV. 10 A.EEI-NEMA TYPE K,2,,2026-02-25
526,25 ก.พ. 2569,10:21,11:38,76,กฟส.โพนสวรรค์ (XS),NNA01F-38,1740,ฝนตก ลมแรง,ภัยธรรมชาติ-พายุฤดูร้อน/พายุดีเปรสชั่น,ศจฟ,10:21,10:22,11:44,82,1. เพชราวุธ โพชราช,รถ : โพนสวรรค์-03,FUSE LINK 22 KV. 40 A.EEI-NEMA TYPE K,3,,2026-02-25
527,25 ก.พ. 2569,10:22,09:20,0,กฟส.นาแก (S),60-011451,17,อากาศปกติ,อุปกรณ์-ทำงานผิดพลาด,ศจฟ,10:22,08:35,09:10,35,1. อนาวิน อาจหาญ,รถ : นก-03,FUSE LINK 22 KV. 5-6 A.EEI-NEMA TYPE K,1,,2026-02-25
528,25 ก.พ. 2569,10:23,12:01,97,กฟส.โพนสวรรค์ (XS),36-010823,281,อากาศปกติ,ภัยธรรมชาติ-พายุฤดูร้อน/พายุดีเปรสชั่น,ศจฟ,10:23,10:25,12:10,105,1. เพชราวุธ โพชราช,รถ : โพนสวรรค์-03,"CABLE,AL,750 V,95 SQ.MM. TIS.293",5,,2026-02-25
529,25 ก.พ. 2569,10:27,10:54,27,กฟส.ปลาปาก (XS),38-016646,33,อากาศปกติ,ต้นไม้-ต้นไม้ล้มทับสาย,ศจฟ,10:27,10:27,11:01,34,1. สุธรรม จันทะผา,รถ : รถแก้ไฟปลาปาก 01,"CABLE,AL,750 V,50 SQ.MM. TIS.293",4,,2026-02-25
530,25 ก.พ. 2569,10:31,10:37,6,กฟส.นาแก (S),THA04VF-222-2,28,อากาศปกติ,อุปกรณ์-ทำงานผิดพลาด,ศจฟ,10:31,09:10,10:15,65,1. อนาวิน อาจหาญ,รถ : นก-03,FUSE LINK 22 KV. 15 A.EEI-NEMA TYPE K,2,,2026-02-25
531,25 ก.พ. 2569,10:54,11:32,38,กฟส.นาทม (XS),SEK03F-97/1,105,อากาศปกติ,อุปกรณ์-ทำงานผิดพลาด,ศจฟ,10:54,10:55,11:33,38,1. วราวุธ นาขมิ้น,รถ : นาทม 02,FUSE LINK 22 KV. 20 A.EEI-NEMA TYPE K,2,,2026-02-25
532,25 ก.พ. 2569,10:55,11:39,44,กฟส.ศรีสงคราม (XS),46-001042,80,อากาศชื้น / หมอก,อุปกรณ์-ติดตั้งไม่ได้มาตรฐาน,ศจฟ,10:55,10:56,11:58,62,1. ปัญจพงษ์ เศรษฐาไชย,รถ : ศรีสงคราม 01,"CABLE,AL,750 V,50 SQ.MM. TIS.293",5,,2026-02-25
533,25 ก.พ. 2569,10:56,11:38,42,กฟส.นาหว้า (XS),SSK06F-18/21,2,ฝนตก ฟ้าคะนอง,ภัยธรรมชาติ-พายุโซนร้อน/ใต้ฝุ่น,ศจฟ,10:56,10:57,11:41,44,1. อดิเทพ วะราวัง  | 2. อัมรินทร์ วะราวัง,รถ : นาหว้า 02,FUSE LINK 22 KV. 15 A.EEI-NEMA TYPE K,2,,2026-02-25
534,25 ก.พ. 2569,11:01,11:11,10,กฟส.นาแก (S),60-007944,54,อากาศปกติ,อุปกรณ์-ชำรุด,ศจฟ,11:01,10:20,11:10,50,1. อนาวิน อาจหาญ,รถ : นก-03,"H.R.C. FUSE, BLADE CONTACT, 80 A",2,,2026-02-25
535,25 ก.พ. 2569,11:08,13:34,146,กฟส.นาหว้า (XS),37-004513,449,อากาศปกติ,อุปกรณ์-ชำรุด,ศจฟ,11:08,11:09,13:36,147,1. อดิเทพ วะราวัง  | 2. อัมรินทร์ วะราวัง,รถ : นาหว้า 02,"CABLE LUG,NEMA 2-HOLE,AL 50 SQ.MM.",2,,2026-02-25
536,25 ก.พ. 2569,11:09,11:30,20,กฟส.ท่าอุเทน (XS),NNA01VF-223,843,อากาศปกติ,อุปกรณ์-ชำรุด,ศจฟ,11:09,11:19,12:10,51,1. สุรธวัช วุฒิสาร,รถ : รถแก้ไฟท่าอุเทน,FUSE LINK 22 KV. 30 A.EEI-NEMA TYPE K,3,,2026-02-25
537,25 ก.พ. 2569,11:09,11:36,27,กฟส.ปลาปาก (XS),54-013350,69,อากาศปกติ,อุปกรณ์-ชำรุด,ศจฟ,11:09,11:10,11:40,30,1. สุธรรม จันทะผา,รถ : รถแก้ไฟปลาปาก 01,"H.R.C. FUSE, BLADE CONTACT, 80 A",2,,2026-02-25
538,25 ก.พ. 2569,11:12,10:00,0,กฟจ.นครพนม (L),NNB02VF-023,669,อากาศปกติ,อุปกรณ์-ชำรุด,ศจฟ,11:12,09:20,10:30,70,1. กิติศักดิ์ หาราช  | 2. ถวิล เมษาคุณ  | 3. ทศวรรษ มังคละคีรี  | 4. นลธวัช ศรีหาเศษ  | 5. ประจล ศรีสุราช  | 6. ปรีชา เพ็งคำ  | 7. พิพัฒน์ นะระทะ  | 8. ศักดิ์อนันต์ แสนเมือง  | 9. เกรียงไกร ลาหมัน,รถ : นพ 06,FUSE LINK 22 KV. 25 A.EEI-NEMA TYPE K,1,,2026-02-25
539,25 ก.พ. 2569,11:19,17:35,376,กฟจ.นครพนม (L),NNA04F-22,234,อากาศปกติ,อุปกรณ์-ชำรุด,ศจฟ,11:19,11:20,17:37,377,1. กิติศักดิ์ หาราช  | 2. ถวิล เมษาคุณ  | 3. ทศวรรษ มังคละคีรี  | 4. นลธวัช ศรีหาเศษ  | 5. ประจล ศรีสุราช  | 6. ปรีชา เพ็งคำ  | 7. พิพัฒน์ นะระทะ  | 8. ศักดิ์อนันต์ แสนเมือง  | 9. เกรียงไกร ลาหมัน,รถ : 3ฒภ 2576 กทม (นพ 01),FUSE LINK 22 KV. 25 A.EEI-NEMA TYPE K,2,,2026-02-25
540,25 ก.พ. 2569,11:37,13:28,111,กฟส.โพนสวรรค์ (XS),SSK09F-09,310,ฝนตก ลมแรง,ภัยธรรมชาติ-พายุฤดูร้อน/พายุดีเปรสชั่น,ศจฟ,11:37,11:39,13:36,117,1. เพชราวุธ โพชราช,รถ : โพนสวรรค์-03,FUSE LINK 22 KV. 15 A.EEI-NEMA TYPE K,2,,2026-02-25
541,25 ก.พ. 2569,11:44,12:04,20,กฟส.นาแก (S),THA04VF-204-5,85,อากาศปกติ,สัตว์-งู,ศจฟ,11:44,11:10,12:05,55,1. อนาวิน อาจหาญ,รถ : นก-03,FUSE LINK 22 KV. 10 A.EEI-NEMA TYPE K,2,,2026-02-25
542,25 ก.พ. 2569,12:23,14:35,132,กฟส.โพนสวรรค์ (XS),SSK07F-0128,7,ฝนตก ลมแรง,ภัยธรรมชาติ-พายุฤดูร้อน/พายุดีเปรสชั่น,ศจฟ,12:23,12:24,14:50,146,1. เพชราวุธ โพชราช,รถ : โพนสวรรค์-03,FUSE LINK 22 KV. 8 A.EEI-NEMA TYPE K,2,,2026-02-25
543,25 ก.พ. 2569,12:31,13:10,38,กฟส.ศรีสงคราม (XS),59-027091,21,อากาศชื้น / หมอก,สัตว์-งู,ศจฟ,12:31,12:32,13:30,58,1. ปัญจพงษ์ เศรษฐาไชย,รถ : ศรีสงคราม 01,FUSE LINK 22 KV. 3 A.EEI-NEMA TYPE K,1,,2026-02-25
544,25 ก.พ. 2569,13:07,13:27,20,กฟส.ปลาปาก (XS),NNA07F-87,355,อากาศปกติ,สัตว์-งู,ศจฟ,13:07,13:05,13:30,25,1. สุธรรม จันทะผา,รถ : รถแก้ไฟปลาปาก 01,FUSE LINK 22 KV. 25 A.EEI-NEMA TYPE K,1,,2026-02-25
545,25 ก.พ. 2569,13:28,13:58,29,กฟส.โพนสวรรค์ (XS),SSK09F-07,1879,ฝนตก ลมแรง,ภัยธรรมชาติ-พายุฤดูร้อน/พายุดีเปรสชั่น,ศจฟ,13:28,13:30,14:06,36,1. เพชราวุธ โพชราช,รถ : โพนสวรรค์-03,FUSE LINK 22 KV. 30 A.EEI-NEMA TYPE K,2,,2026-02-25
546,25 ก.พ. 2569,13:56,17:28,212,กฟจ.นครพนม (L),NNA08VF-034,183,ฝนตก ลมแรง,ภัยธรรมชาติ-พายุฤดูร้อน/พายุดีเปรสชั่น,ศจฟ,13:56,13:57,17:30,213,1. กิติศักดิ์ หาราช  | 2. ถวิล เมษาคุณ  | 3. ทศวรรษ มังคละคีรี  | 4. นลธวัช ศรีหาเศษ  | 5. ประจล ศรีสุราช  | 6. ปรีชา เพ็งคำ  | 7. พิพัฒน์ นะระทะ  | 8. ศักดิ์อนันต์ แสนเมือง  | 9. เกรียงไกร ลาหมัน,รถ : 3ฒภ 2576 กทม (นพ 01),FUSE LINK 22 KV. 20 A.EEI-NEMA TYPE K,1,,2026-02-25
547,25 ก.พ. 2569,13:57,17:23,206,กฟจ.นครพนม (L),NNA01VF-059,102,ฝนตก ลมแรง,ภัยธรรมชาติ-พายุฤดูร้อน/พายุดีเปรสชั่น,ศจฟ,13:57,13:58,17:26,208,1. กิติศักดิ์ หาราช  | 2. ถวิล เมษาคุณ  | 3. ทศวรรษ มังคละคีรี  | 4. นลธวัช ศรีหาเศษ  | 5. ประจล ศรีสุราช  | 6. ปรีชา เพ็งคำ  | 7. พิพัฒน์ นะระทะ  | 8. ศักดิ์อนันต์ แสนเมือง  | 9. เกรียงไกร ลาหมัน,รถ : 3ฒภ 2576 กทม (นพ 01),FUSE LINK 22 KV. 25 A.EEI-NEMA TYPE K,2,,2026-02-25
548,25 ก.พ. 2569,14:00,14:25,24,กฟส.ธาตุพนม (S),THA02VF-013,339,ฝนตก ลมแรง,ภัยธรรมชาติ-พายุฤดูร้อน/พายุดีเปรสชั่น,ศจฟ,14:00,14:01,14:28,27,1. ศรายุทธ์ ญาติสมบูรณ์,รถ : กระเช้าธาตุพนม,FUSE LINK 22 KV. 15 A.EEI-NEMA TYPE K,2,,2026-02-25
549,25 ก.พ. 2569,14:14,14:25,11,กฟส.นาแก (S),THA04VF-221,1041,อากาศปกติ,สัตว์-งู,ศจฟ,14:14,13:10,14:15,65,1. อนาวิน อาจหาญ,รถ : นก-03,FUSE LINK 22 KV. 30 A.EEI-NEMA TYPE K,2,,2026-02-25
550,25 ก.พ. 2569,14:15,15:45,90,กฟส.โพนสวรรค์ (XS),15396497,1,ฝนตก ลมแรง,ภัยธรรมชาติ-พายุฤดูร้อน/พายุดีเปรสชั่น,ศจฟ,14:15,14:16,16:03,107,1. เพชราวุธ โพชราช,รถ : โพนสวรรค์-03,"CABLE,CU,PVC,INS.&JAC. 600V, 2X10 SQ.MM.",7,,2026-02-25
551,25 ก.พ. 2569,14:37,15:35,58,กฟส.ธาตุพนม (S),61-014922,176,อากาศปกติ,ภัยธรรมชาติ-พายุฤดูร้อน/พายุดีเปรสชั่น,ศจฟ,14:37,14:39,15:43,64,1. ศรายุทธ์ ญาติสมบูรณ์,รถ : กระเช้าธาตุพนม,"CABLE,AL,750 V,50 SQ.MM. TIS.293",3,,2026-02-25
552,25 ก.พ. 2569,14:58,15:12,14,กฟส.ปลาปาก (XS),NNA07F-90,6,อากาศปกติ,ภัยธรรมชาติ-พายุฤดูร้อน/พายุดีเปรสชั่น,ศจฟ,14:58,14:59,15:30,31,1. สุธรรม จันทะผา,รถ : รถแก้ไฟปลาปาก 01,FUSE LINK 22 KV. 5-6 A.EEI-NEMA TYPE K,1,,2026-02-25
553,25 ก.พ. 2569,15:21,15:50,29,กฟส.นาทม (XS),63-033247,166,อากาศปกติ,ภัยธรรมชาติ-พายุฤดูร้อน/พายุดีเปรสชั่น,ศจฟ,15:21,15:22,16:10,48,1. วราวุธ นาขมิ้น,รถ : นาทม 02,"H.R.C. FUSE, BLADE CONTACT, 80 A",1,,2026-02-25
554,25 ก.พ. 2569,16:13,16:40,27,กฟส.นาทม (XS),54-002759,142,อากาศปกติ,ภัยธรรมชาติ-พายุฤดูร้อน/พายุดีเปรสชั่น,ศจฟ,16:13,16:14,17:06,52,1. วราวุธ นาขมิ้น,รถ : นาทม 02,"CABLE,AL,750 V,95 SQ.MM. TIS.293",3,,2026-02-25
555,25 ก.พ. 2569,17:21,18:22,61,กฟส.นาทม (XS),62-001988,237,ฝนตก,สภาพสิ่งแวดล้อม-ไฟไหม้,ศจฟ,17:21,17:23,18:25,62,1. นราธร อินทรายุทธ,รถ : นาทม 02,"CABLE,CU,PVC,INS.&JAC. 600V, 2X10 SQ.MM.",14,,2026-02-25
556,25 ก.พ. 2569,18:45,19:24,38,กฟส.นาแก (S),5600240600,1,อากาศปกติ,สภาพสิ่งแวดล้อม-ไฟไหม้,ศจฟ,18:45,18:55,19:27,32,1. พิษณุ คำคนซื่อ,รถ : นก-03,"CABLE,CU,PVC,INS.&JAC. 600V, 2X10 SQ.MM.",7,,2026-02-25
557,25 ก.พ. 2569,18:50,18:50,0,กฟส.โพนสวรรค์ (XS),23812932,1,อากาศชื้น / หมอก,สภาพสิ่งแวดล้อม-ไอเกลือ,ศจฟ,18:50,18:25,19:05,40,1. วสุธา หล้าพรหม,รถ : โพนสวรรค์-03,"CONN.,PG,DOUBLE BOLT,AL 16-70 SQ.MM.",2,,2026-02-25
558,25 ก.พ. 2569,23:00,23:47,47,กฟส.ท่าอุเทน (XS),SSK02VF-241,734,ฝนตก ฟ้าคะนอง,สภาพสิ่งแวดล้อม-ไอเกลือ,ศจฟ,23:00,23:39,23:50,11,1. อนุสรณ์ ทองประสม,รถ : รถแก้ไฟท่าอุเทน,FUSE LINK 22 KV. 20 A.EEI-NEMA TYPE K,2,,2026-02-25
559,25 ก.พ. 2569,23:00,23:51,51,กฟส.ท่าอุเทน (XS),SSK02VF-252,54,ฝนตก ฟ้าคะนอง,สภาพสิ่งแวดล้อม-ไอเกลือ,ศจฟ,23:00,23:40,23:54,14,1. อนุสรณ์ ทองประสม,รถ : รถแก้ไฟท่าอุเทน,FUSE LINK 22 KV. 15 A.EEI-NEMA TYPE K,1,,2026-02-25
560,25 ก.พ. 2569,23:10,00:06,56,กฟจ.นครพนม (L),NNA02F-XXX,2,ฝนตก ฟ้าคะนอง,สภาพสิ่งแวดล้อม-ไอเกลือ,ศจฟ,23:10,23:48,00:09,21,1. ชัยยา มาตขาว  | 2. ธำรงรัตน์ สระแก้ว  | 3. วสันต์ชัย ดวงสูงเนิน  | 4. สุรวุฒิ สุขแสงดาว,รถ : 3ฒภ 2576 กทม (นพ 01),FUSE LINK 22 KV. 15 A.EEI-NEMA TYPE K,1,,2026-02-25
561,25 ก.พ. 2569,23:10,23:54,44,กฟส.ท่าอุเทน (XS),SSK02VF-201,625,ฝนตก ฟ้าคะนอง,สภาพสิ่งแวดล้อม-ไอเกลือ,ศจฟ,23:10,23:41,23:57,16,1. อนุสรณ์ ทองประสม,รถ : รถแก้ไฟท่าอุเทน,FUSE LINK 22 KV. 30 A.EEI-NEMA TYPE K,2,,2026-02-25
562,25 ก.พ. 2569,23:11,23:58,47,กฟส.ท่าอุเทน (XS),NNA01VF-230,9014,ฝนตก ฟ้าคะนอง,สภาพสิ่งแวดล้อม-ไอเกลือ,ศจฟ,23:10,23:42,00:00,18,1. อนุสรณ์ ทองประสม,รถ : รถแก้ไฟท่าอุเทน,FUSE LINK 22 KV. 25 A.EEI-NEMA TYPE K,1,,2026-02-25
563,25 ก.พ. 2569,23:15,00:01,45,กฟส.ท่าอุเทน (XS),NNA08VF-209,1,ฝนตก ฟ้าคะนอง,สภาพสิ่งแวดล้อม-ไอเกลือ,ศจฟ,23:15,23:43,00:03,20,1. อนุสรณ์ ทองประสม,รถ : รถแก้ไฟท่าอุเทน,FUSE LINK 22 KV. 8 A.EEI-NEMA TYPE K,1,,2026-02-25
564,25 ก.พ. 2569,23:16,00:05,49,กฟส.ท่าอุเทน (XS),56-011292,81,ฝนตก ฟ้าคะนอง,สภาพสิ่งแวดล้อม-ไอเกลือ,ศจฟ,23:15,23:44,00:08,24,1. อนุสรณ์ ทองประสม,รถ : รถแก้ไฟท่าอุเทน,FUSE LINK 22 KV. 3 A.EEI-NEMA TYPE K,1,,2026-02-25
565,25 ก.พ. 2569,23:30,00:04,33,กฟจ.นครพนม (L),NNA04F-10/1,1,ฝนตก ฟ้าคะนอง,สภาพสิ่งแวดล้อม-ไอเกลือ,ศจฟ,23:30,23:58,00:06,8,1. ชัยยา มาตขาว  | 2. ธำรงรัตน์ สระแก้ว  | 3. วสันต์ชัย ดวงสูงเนิน  | 4. สุรวุฒิ สุขแสงดาว,รถ : 3ฒภ 2576 กทม (นพ 01),FUSE LINK 22 KV. 15 A.EEI-NEMA TYPE K,2,,2026-02-25
566,25 ก.พ. 2569,23:30,00:10,40,กฟจ.นครพนม (L),51-007559,92,ฝนตก ฟ้าคะนอง,สภาพสิ่งแวดล้อม-ไอเกลือ,ศจฟ,23:30,00:02,00:33,31,1. ชัยยา มาตขาว  | 2. ธำรงรัตน์ สระแก้ว  | 3. วสันต์ชัย ดวงสูงเนิน  | 4. สุรวุฒิ สุขแสงดาว,รถ : 81-1269 นพ (นพ 03),"H.R.C. FUSE, BLADE CONTACT, 100 A",1,,2026-02-25
567,26 ก.พ. 2569,08:51,09:20,29,กฟส.ท่าอุเทน (XS),NNA08VF-211,24,ฝนตก ฟ้าคะนอง,สภาพสิ่งแวดล้อม-ไอเกลือ,ศจฟ,08:51,08:52,09:35,43,1. สุรธวัช วุฒิสาร,รถ : -,FUSE LINK 22 KV. 15 A.EEI-NEMA TYPE K,3,,2026-02-26
568,26 ก.พ. 2569,10:56,11:50,54,กฟส.ธาตุพนม (S),THA02VF-032,103,อากาศปกติ,สภาพสิ่งแวดล้อม-ไอเกลือ,ศจฟ,10:56,10:57,12:05,68,1. นรากร แสนโสม,รถ : กระเช้าธาตุพนม,FUSE LINK 22 KV. 10 A.EEI-NEMA TYPE K,2,,2026-02-26
569,26 ก.พ. 2569,13:48,14:15,27,กฟส.นาทม (XS),SEK03F-85,42,อากาศปกติ,สภาพสิ่งแวดล้อม-ไอเกลือ,ศจฟ,13:48,13:49,14:34,45,1. วราวุธ นาขมิ้น,รถ : นาทม 02,FUSE LINK 22 KV. 15 A.EEI-NEMA TYPE K,1,,2026-02-26
570,26 ก.พ. 2569,14:37,15:30,53,กฟส.ธาตุพนม (S),45-029095,44,อากาศปกติ,สภาพสิ่งแวดล้อม-ไอเกลือ,ศจฟ,14:37,14:38,15:49,71,1. นรากร แสนโสม,รถ : กระเช้าธาตุพนม,"CABLE,AL,750 V,50 SQ.MM. TIS.293",4,,2026-02-26
571,26 ก.พ. 2569,17:42,17:59,17,กฟส.นาแก (S),63-003215,81,ฝนตก,บุคคลภายนอก-ผู้รับเหมาภายนอก,ศจฟ,17:42,17:51,18:01,10,1. อนาวิน อาจหาญ,รถ : นก-02,"CABLE,AL,750 V,50 SQ.MM. TIS.293",5,,2026-02-26
572,27 ก.พ. 2569,06:52,07:28,36,กฟส.โพนสวรรค์ (XS),SSK09F-10,45,ฝนตก ลมแรง,ภัยธรรมชาติ-พายุฤดูร้อน/พายุดีเปรสชั่น,ศจฟ,06:52,06:05,07:39,94,1. เพชราวุธ โพชราช,รถ : โพนสวรรค์-02,FUSE LINK 22 KV. 25 A.EEI-NEMA TYPE K,2,,2026-02-27
573,27 ก.พ. 2569,07:02,08:30,88,กฟส.ธาตุพนม (S),THA05VB-01,4547,ฝนตก,ภัยธรรมชาติ-พายุฤดูร้อน/พายุดีเปรสชั่น,ศจฟ,07:01,07:01,08:38,97,1. พงศวัชร์ ธัญภัทร์อนันต์,รถ : 80-7964 นพ รณ.01,FUSE LINK 22 KV. 25 A.EEI-NEMA TYPE K,3,,2026-02-27
574,27 ก.พ. 2569,07:37,08:55,78,กฟส.เรณูนคร (XS),THA02F-52,318,ฝนตก,ภัยธรรมชาติ-พายุฤดูร้อน/พายุดีเปรสชั่น,ศจฟ,07:37,07:01,08:40,99,1. พงศวัชร์ ธัญภัทร์อนันต์,รถ : 80-7964 นพ รณ.01,FUSE LINK 22 KV. 25 A.EEI-NEMA TYPE K,3,,2026-02-27
575,27 ก.พ. 2569,07:57,08:21,24,กฟส.โพนสวรรค์ (XS),SSK07F-0780,1,ฝนตก ลมแรง,ภัยธรรมชาติ-พายุฤดูร้อน/พายุดีเปรสชั่น,ศจฟ,07:57,07:58,08:30,32,1. เพชราวุธ โพชราช,รถ : โพนสวรรค์-02,FUSE LINK 22 KV. 15 A.EEI-NEMA TYPE K,2,,2026-02-27
576,27 ก.พ. 2569,09:40,10:05,24,กฟส.นาแก (S),THA04VF-236,207,ฝนตก,ภัยธรรมชาติ-พายุฤดูร้อน/พายุดีเปรสชั่น,ศจฟ,09:40,09:00,10:05,65,1. อนาวิน อาจหาญ,รถ : นก-03,FUSE LINK 22 KV. 25 A.EEI-NEMA TYPE K,2,,2026-02-27
577,27 ก.พ. 2569,09:45,10:35,49,กฟส.ปลาปาก (XS),NNA06F-88,30,ฝนตก,ภัยธรรมชาติ-พายุฤดูร้อน/พายุดีเปรสชั่น,ศจฟ,09:45,10:01,10:54,53,1. สุธรรม จันทะผา,รถ : รถแก้ไฟปลาปาก 01,FUSE LINK 22 KV. 5-6 A.EEI-NEMA TYPE K,2,,2026-02-27
578,27 ก.พ. 2569,10:00,10:30,29,กฟส.ศรีสงคราม (XS),SSK02VF-015,1631,อากาศชื้น / หมอก,ภัยธรรมชาติ-พายุฤดูร้อน/พายุดีเปรสชั่น,ศจฟ,10:00,10:02,10:54,52,1. ปัญจพงษ์ เศรษฐาไชย,รถ : ศรีสงคราม 01,FUSE LINK 22 KV. 25 A.EEI-NEMA TYPE K,2,,2026-02-27
579,27 ก.พ. 2569,10:30,11:30,60,กฟจ.นครพนม (L),NNA04F-04,1135,อากาศชื้น / หมอก,ภัยธรรมชาติ-พายุฤดูร้อน/พายุดีเปรสชั่น,ศจฟ,10:30,11:03,12:14,71,1. จันทะคาด บัวเคน  | 2. ชัยยา มาตขาว  | 3. นลธวัช ศรีหาเศษ,รถ : 3ฒภ 2576 กทม (นพ 01),FUSE LINK 22 KV. 15 A.EEI-NEMA TYPE K,1,,2026-02-27
580,27 ก.พ. 2569,12:00,13:20,79,กฟจ.นครพนม (L),NNB02VF-023,669,อากาศชื้น / หมอก,ภัยธรรมชาติ-พายุฤดูร้อน/พายุดีเปรสชั่น,ศจฟ,12:00,12:30,13:30,60,1. จันทะคาด บัวเคน  | 2. ชัยยา มาตขาว  | 3. นลธวัช ศรีหาเศษ,รถ : 3ฒภ 2576 กทม (นพ 01),FUSE LINK 22 KV. 25 A.EEI-NEMA TYPE K,1,,2026-02-27
581,27 ก.พ. 2569,13:40,14:10,29,กฟจ.นครพนม (L),NNB02VF-015,15,อากาศชื้น / หมอก,ภัยธรรมชาติ-พายุฤดูร้อน/พายุดีเปรสชั่น,ศจฟ,13:40,14:05,14:42,37,1. จันทะคาด บัวเคน  | 2. ชัยยา มาตขาว  | 3. นลธวัช ศรีหาเศษ,รถ : 3ฒภ 2576 กทม (นพ 01),FUSE LINK 22 KV. 8 A.EEI-NEMA TYPE K,2,,2026-02-27
582,27 ก.พ. 2569,13:45,14:10,24,กฟส.ธาตุพนม (S),THA01VF-049,36,ฝนตก,ต้นไม้-ลมพัดต้นไม้มาแตะสาย,ศจฟ,13:45,13:46,14:41,55,1. เกรียงศักดิ์ สุพรรณคุ้ม,รถ : กระเช้าธาตุพนม,FUSE LINK 22 KV. 10 A.EEI-NEMA TYPE K,2,,2026-02-27
583,27 ก.พ. 2569,14:45,15:11,26,กฟส.ธาตุพนม (S),66-012824,120,ฝนตก ลมแรง,ต้นไม้-กิ่งไม้หักพาดสาย,ศจฟ,14:45,14:52,15:30,38,1. เกรียงศักดิ์ สุพรรณคุ้ม,รถ : กระเช้าธาตุพนม,"CABLE,AL,750 V,50 SQ.MM. TIS.293",10,,2026-02-27
584,27 ก.พ. 2569,15:30,16:30,60,กฟจ.นครพนม (L),NNB02VF-041,57,ฝนตก ลมแรง,ต้นไม้-กิ่งไม้หักพาดสาย,ศจฟ,15:30,16:06,17:00,54,1. จันทะคาด บัวเคน  | 2. ชัยยา มาตขาว  | 3. นลธวัช ศรีหาเศษ,รถ : 3ฒภ 2576 กทม (นพ 01),FUSE LINK 22 KV. 20 A.EEI-NEMA TYPE K,3,,2026-02-27
585,27 ก.พ. 2569,16:55,17:30,35,กฟส.เรณูนคร (XS),64-004791,152,ฝนตก,ต้นไม้-กิ่งไม้หักพาดสาย,ศจฟ,16:55,17:04,17:55,51,1. พงศวัชร์ ธัญภัทร์อนันต์,รถ : 80-7964 นพ รณ.01,"CABLE,AERIAL,AL 22 KV. 1X50 SQ.MM.",1,,2026-02-27
586,27 ก.พ. 2569,19:40,19:44,4,กฟจ.นครพนม (L),NNA01VF-059,102,ฝนตก,ต้นไม้-กิ่งไม้หักพาดสาย,ศจฟ,19:40,19:00,19:30,30,1. ทศวรรษ มังคละคีรี  | 2. ภานุวัฒน์ สิงห์ทองไชย,รถ : 3ฒภ 2576 กทม (นพ 01),FUSE LINK 22 KV. 15 A.EEI-NEMA TYPE K,2,,2026-02-27
587,27 ก.พ. 2569,20:16,20:22,6,กฟส.นาแก (S),THA03VF-210,35,ฝนตก ลมแรง,ต้นไม้-ต้นไม้ล้มทับสาย,ศจฟ,20:16,16:30,17:30,60,1. ธีระวัฒน์ สิงนวน,รถ : นก-03,FUSE LINK 22 KV. 10 A.EEI-NEMA TYPE K,1,,2026-02-27
588,27 ก.พ. 2569,20:50,20:58,8,กฟส.นาแก (S),53-004733,153,ฝนตก ลมแรง,ต้นไม้-ต้นไม้ล้มทับสาย,ศจฟ,20:50,20:52,21:07,15,1. ธีระวัฒน์ สิงนวน,รถ : นก-03,"CABLE,AL,750 V,50 SQ.MM. TIS.293",10,,2026-02-27
589,27 ก.พ. 2569,20:50,21:12,22,กฟส.นาแก (S),66-004499,124,ฝนตก ลมแรง,ต้นไม้-ต้นไม้ล้มทับสาย,ศจฟ,20:50,20:51,21:17,26,1. ธีระวัฒน์ สิงนวน,รถ : นก-03,"H.R.C. FUSE, BLADE CONTACT, 100 A",1,,2026-02-27
590,27 ก.พ. 2569,21:33,22:18,45,กฟส.ท่าอุเทน (XS),NNA01VF-224,818,ฝนตก ฟ้าคะนอง,ต้นไม้-ต้นไม้ล้มทับสาย,ศจฟ,21:33,21:35,22:21,46,1. อนุสรณ์ ทองประสม,รถ : รถแก้ไฟท่าอุเทน,FUSE HOLDER 22 KV. 100 A. 12 KA.,1,,2026-02-27
591,27 ก.พ. 2569,21:34,22:21,47,กฟส.ธาตุพนม (S),THA01VF-032,1,ฝนตก,ต้นไม้-ต้นไม้ล้มทับสาย,ศจฟ,21:34,21:35,22:22,47,1. พงศวัชร์ ธัญภัทร์อนันต์  | 2. อุทัย สุมินทร์,รถ : กระเช้าธาตุพนม,FUSE LINK 22 KV. 10 A.EEI-NEMA TYPE K,2,,2026-02-27
592,27 ก.พ. 2569,21:56,22:22,26,กฟส.ท่าอุเทน (XS),NNA08VF-211,24,ฝนตก ฟ้าคะนอง,ต้นไม้-ต้นไม้ล้มทับสาย,ศจฟ,21:56,21:57,22:25,28,1. อนุสรณ์ ทองประสม,รถ : รถแก้ไฟท่าอุเทน,FUSE LINK 22 KV. 15 A.EEI-NEMA TYPE K,1,,2026-02-27
593,27 ก.พ. 2569,22:33,22:36,3,กฟส.นาแก (S),55-006129,149,อากาศปกติ,วัสดุแปลกปลอม-โคมไฟถนน,ศจฟ,22:33,22:35,22:54,19,1. ธีระวัฒน์ สิงนวน,รถ : นก-03,"CONN.,PG,DOUBLE BOLT,AL 25-95 SQ.MM.",1,,2026-02-27
594,27 ก.พ. 2569,23:07,23:46,38,กฟส.นาแก (S),32-007306,175,ฝนตก ลมแรง,ต้นไม้-ต้นไม้ล้มทับสาย,ศจฟ,23:07,23:09,23:48,39,1. ธีระวัฒน์ สิงนวน,รถ : นก-03,"CABLE,AL,750 V,50 SQ.MM. TIS.293",8,,2026-02-27
595,28 ก.พ. 2569,06:37,07:30,53,กฟส.โพนสวรรค์ (XS),NNA01F-41,9014,อากาศชื้น / หมอก,อุปกรณ์-ชำรุด,ศจฟ,06:37,06:00,08:00,120,1. รวิชญ์ พรมน้อย,รถ : โพนสวรรค์-03,FUSE LINK 22 KV. 25 A.EEI-NEMA TYPE K,2,,2026-02-28
596,28 ก.พ. 2569,07:02,08:06,64,กฟส.ศรีสงคราม (XS),62-002180,27,อากาศชื้น / หมอก,อุปกรณ์-ติดตั้งไม่ได้มาตรฐาน,ศจฟ,07:02,07:04,08:41,97,1. ปัญจพงษ์ เศรษฐาไชย  | 2. วุฒิชัย เหมเมือง,รถ : ศรีสงคราม 01,"CABLE,AL,750 V,50 SQ.MM. TIS.293",5,,2026-02-28
597,28 ก.พ. 2569,07:03,07:18,15,กฟส.ท่าอุเทน (XS),56-012748,13,อากาศชื้น / หมอก,อุปกรณ์-ติดตั้งไม่ได้มาตรฐาน,ศจฟ,07:03,07:04,07:21,17,1. อนุสรณ์ ทองประสม,รถ : รถแก้ไฟท่าอุเทน,"CABLE,AL,750 V,50 SQ.MM. TIS.293",2,,2026-02-28
598,28 ก.พ. 2569,07:09,07:16,7,กฟส.นาหว้า (XS),SSK06F-18/4,57,อากาศปกติ,อุปกรณ์-ชำรุด,ศจฟ,07:09,06:00,07:00,60,1. ศิลารักษ์ วิภา,รถ : นาหว้า 02,"CONN.,PG,DOUBLE BOLT,AL 25-95 SQ.MM.",2,,2026-02-28
599,28 ก.พ. 2569,08:00,08:39,38,กฟส.ท่าอุเทน (XS),67-011950,1,อากาศชื้น / หมอก,อุปกรณ์-ชำรุด,ศจฟ,08:00,08:16,08:47,31,1. อนุสรณ์ ทองประสม,รถ : รถแก้ไฟท่าอุเทน,FUSE LINK 22 KV. 25 A.EEI-NEMA TYPE K,1,,2026-02-28
600,28 ก.พ. 2569,08:06,08:25,18,กฟส.นาแก (S),43-002358,57,อากาศชื้น / หมอก,อุปกรณ์-ชำรุด,ศจฟ,08:06,08:08,08:33,25,1. ธีระวัฒน์ สิงนวน,รถ : นก-03,"H.R.C. FUSE, BLADE CONTACT, 80 A",1,,2026-02-28
601,28 ก.พ. 2569,08:16,08:25,9,กฟส.โพนสวรรค์ (XS),58-017413,29,อากาศชื้น / หมอก,อุปกรณ์-ชำรุด,ศจฟ,08:16,08:00,08:30,30,1. รวิชญ์ พรมน้อย,รถ : โพนสวรรค์-03,FUSE HOLDER 22 KV. 100 A. 12 KA.,1,,2026-02-28
602,28 ก.พ. 2569,09:05,09:41,36,กฟส.นาหว้า (XS),6700625710,1,อากาศชื้น / หมอก,อุปกรณ์-ชำรุด,ศจฟ,09:05,09:09,09:43,34,1. อัมรินทร์ วะราวัง,รถ : นาหว้า 02,"CONN.,PG,DOUBLE BOLT,AL 25-95 SQ.MM.",2,,2026-02-28
603,28 ก.พ. 2569,11:30,12:30,60,กฟจ.นครพนม (L),NNA01F-38/1,9014,อากาศชื้น / หมอก,อุปกรณ์-ชำรุด,ศจฟ,11:30,11:40,13:10,90,1. ณัฏฐศรันย์ อันทระบุตร  | 2. พิพัฒน์ นะระทะ  | 3. ศักดิ์อนันต์ แสนเมือง,รถ : 3ฒภ 2576 กทม (นพ 01),FUSE LINK 22 KV. 25 A.EEI-NEMA TYPE K,1,,2026-02-28
604,28 ก.พ. 2569,11:50,10:00,0,กฟส.โพนสวรรค์ (XS),6300348110,1,อากาศชื้น / หมอก,อุปกรณ์-ชำรุด,ศจฟ,11:50,09:00,10:40,100,1. สุทธิเกียรติ บุญรังษี,รถ : โพนสวรรค์-03,"CABLE,CU,PVC,INS.&JAC. 600V, 2X10 SQ.MM.",7,,2026-02-28
605,28 ก.พ. 2569,13:10,13:52,42,กฟส.นาหว้า (XS),50-002420,66,อากาศชื้น / หมอก,อุปกรณ์-ชำรุด,ศจฟ,13:10,13:51,13:54,3,1. อัมรินทร์ วะราวัง,รถ : นาหว้า 02,FUSE HOLDER 22 KV. 100 A. 12 KA.,1,,2026-02-28
606,28 ก.พ. 2569,13:30,14:43,73,กฟส.ธาตุพนม (S),37-016177,121,อากาศปกติ,อุปกรณ์-ชำรุด,ศจฟ,13:30,13:54,15:00,66,1. เกรียงศักดิ์ สุพรรณคุ้ม,รถ : กระเช้าธาตุพนม,FUSE LINK 22 KV. 8 A.EEI-NEMA TYPE K,1,,2026-02-28
607,28 ก.พ. 2569,14:40,14:52,12,กฟส.นาแก (S),THA03VF-210,35,อากาศปกติ,อุปกรณ์-ชำรุด,ศจฟ,14:40,14:48,14:55,7,1. วรพันธุ์ ตันสมรส,รถ : นก-03,FUSE HOLDER 22 KV. 100 A. 12 KA.,1,,2026-02-28
608,28 ก.พ. 2569,15:33,16:16,42,กฟส.ปลาปาก (XS),38-014498,45,อากาศปกติ,ต้นไม้-กิ่งไม้หักพาดสาย,ศจฟ,15:33,15:34,16:20,46,1. สุธรรม จันทะผา,รถ : รถแก้ไฟปลาปาก 01,"CABLE,AL,750 V,50 SQ.MM. TIS.293",4,,2026-02-28
609,28 ก.พ. 2569,16:50,17:28,38,กฟส.เรณูนคร (XS),23521512,1,อากาศปกติ,ต้นไม้-กิ่งไม้หักพาดสาย,ศจฟ,16:50,16:52,17:38,46,1. พงศวัชร์ ธัญภัทร์อนันต์,รถ : 80-7964 นพ รณ.01,"CONN.,PG,DOUBLE BOLT,AL 16-70 SQ.MM.",1,,2026-02-28
610,28 ก.พ. 2569,17:10,18:26,76,กฟส.โพนสวรรค์ (XS),NNA01F-38,9014,อากาศชื้น / หมอก,ต้นไม้-กิ่งไม้หักพาดสาย,ศจฟ,17:10,17:11,18:50,99,1. วรัญญู สังรวมใจ,รถ : โพนสวรรค์-03,FUSE LINK 22 KV. 40 A.EEI-NEMA TYPE K,2,,2026-02-28
611,28 ก.พ. 2569,21:00,22:11,70,กฟส.โพนสวรรค์ (XS),6001051856,1,ฝนตก ลมแรง,อุปกรณ์-ติดตั้งไม่ได้มาตรฐาน,ศจฟ,21:00,21:00,22:18,78,1. วรัญญู สังรวมใจ,รถ : โพนสวรรค์-03,"CABLE,CU,PVC,INS.&JAC. 600V, 2X10 SQ.MM.",7,,2026-02-28
612,28 ก.พ. 2569,21:28,21:41,13,กฟส.นาแก (S),25-000957,135,อากาศปกติ,อุปกรณ์-ติดตั้งไม่ได้มาตรฐาน,ศจฟ,21:28,21:30,21:43,13,1. พิษณุ คำคนซื่อ,รถ : นก-03,"H.R.C. FUSE, BLADE CONTACT, 100 A",1,,2026-02-28
613,28 ก.พ. 2569,23:30,23:38,8,กฟส.ท่าอุเทน (XS),NNA01VF-230,9014,ฝนตก ลมแรง,ต้นไม้-กิ่งไม้หักพาดสาย,ศจฟ,23:30,21:30,23:40,130,1. วีระพงษ์ วงตรี,รถ : -,FUSE HOLDER 22 KV. 100 A. 12 KA.,1,,2026-02-28
614,28 ก.พ. 2569,23:31,23:51,20,กฟส.บ้านแพง (S),BFA10VF-102-1,37,ฝนตก ฟ้าคะนอง,ภัยธรรมชาติ-พายุฤดูร้อน/พายุดีเปรสชั่น,ศจฟ,23:30,20:00,23:30,210,1. รชานนท์ โมธรรม,รถ : กระเช้าบ้านแพง,"CABLE,AL,750 V,50 SQ.MM. TIS.293",15,,2026-02-28
615,1 มี.ค. 2569,07:45,09:39,114,กฟจ.นครพนม (L),NNA07F-31-1,1,อากาศปกติ,สัตว์-กระรอก/กระแต/หนู,ศจฟ,07:45,08:20,09:50,90,1. นลธวัช ศรีหาเศษ  | 2. พงษ์สนิจ ศรีวิชัย  | 3. พิพัฒน์ นะระทะ,รถ : 81-1269 นพ (นพ 03),FUSE LINK 22 KV. 25 A.EEI-NEMA TYPE K,1,,2026-03-01
616,1 มี.ค. 2569,09:30,11:59,149,กฟจ.นครพนม (L),NNA08VF-033,1,อากาศปกติ,สัตว์-กระรอก/กระแต/หนู,ศจฟ,09:30,10:12,12:03,111,1. ถวิล เมษาคุณ  | 2. วสันต์ชัย ดวงสูงเนิน  | 3. วิเชียร สุวอ,รถ : 3ฒภ 2576 กทม (นพ 01),FUSE LINK 22 KV. 20 A.EEI-NEMA TYPE K,1,,2026-03-01
617,1 มี.ค. 2569,10:12,10:15,3,กฟส.นาแก (S),25-001379,160,อากาศปกติ,สัตว์-กระรอก/กระแต/หนู,ศจฟ,10:12,10:14,10:19,5,1. วรพันธุ์ ตันสมรส,รถ : นก-03,"CABLE LUG,NEMA 2-HOLE,AL 95 SQ.MM.",2,,2026-03-01
618,1 มี.ค. 2569,11:00,10:00,0,กฟส.โพนสวรรค์ (XS),SSK09F-09,310,ลมแรง,ต้นไม้-กิ่งไม้หักพาดสาย,ศจฟ,11:00,09:00,10:55,115,1. สุทธิเกียรติ บุญรังษี,รถ : โพนสวรรค์-03,FUSE LINK 22 KV. 20 A.EEI-NEMA TYPE K,3,,2026-03-01
619,1 มี.ค. 2569,11:00,11:56,56,กฟจ.นครพนม (L),NNA08VF-034,183,ลมแรง,ต้นไม้-กิ่งไม้หักพาดสาย,ศจฟ,11:00,11:24,11:59,35,1. ถวิล เมษาคุณ  | 2. วสันต์ชัย ดวงสูงเนิน  | 3. วิเชียร สุวอ,รถ : 3ฒภ 2576 กทม (นพ 01),FUSE LINK 22 KV. 3 A.EEI-NEMA TYPE K,1,,2026-03-01
620,1 มี.ค. 2569,11:20,12:01,40,กฟส.นาทม (XS),SEK03-88,20,ลมแรง,ต้นไม้-กิ่งไม้หักพาดสาย,ศจฟ,11:20,11:21,12:03,42,1. วราวุธ นาขมิ้น,รถ : นาทม 01,FUSE LINK 22 KV. 8 A.EEI-NEMA TYPE K,2,,2026-03-01
621,1 มี.ค. 2569,11:26,11:42,15,กฟส.นาแก (S),THA03VF-238-4,12,ลมแรง,ต้นไม้-กิ่งไม้หักพาดสาย,ศจฟ,11:26,11:27,11:44,17,1. วรพันธุ์ ตันสมรส,รถ : นก-03,FUSE HOLDER 22 KV. 100 A. 12 KA.,1,,2026-03-01
622,1 มี.ค. 2569,11:43,12:00,17,กฟส.ธาตุพนม (S),THA06F-17,343,ลมแรง,ต้นไม้-กิ่งไม้หักพาดสาย,ศจฟ,11:43,10:00,11:11,71,1. ธีรพิชญ์ มิ่งขวัญ  | 2. พงศวัชร์ ธัญภัทร์อนันต์,รถ : กระเช้าธาตุพนม,FUSE LINK 22 KV. 25 A.EEI-NEMA TYPE K,1,,2026-03-01
623,1 มี.ค. 2569,12:12,12:38,26,กฟส.นาแก (S),53-001213,38,ลมแรง,ต้นไม้-กิ่งไม้หักพาดสาย,ศจฟ,12:12,12:26,12:42,16,1. วรพันธุ์ ตันสมรส,รถ : นก-03,"CABLE,AL,750 V,50 SQ.MM. TIS.293",5,,2026-03-01
624,1 มี.ค. 2569,12:53,12:59,6,กฟส.นาหว้า (XS),SSK06F-05,320,ลมแรง,ต้นไม้-กิ่งไม้หักพาดสาย,ศจฟ,12:53,12:55,13:00,5,1. อัมรินทร์ วะราวัง,รถ : นาหว้า 02,FUSE HOLDER 22 KV. 100 A. 12 KA.,1,,2026-03-01
625,1 มี.ค. 2569,14:00,14:35,35,กฟจ.นครพนม (L),60-024492,9,ลมแรง,ต้นไม้-กิ่งไม้หักพาดสาย,ศจฟ,14:00,14:08,15:27,79,1. ถวิล เมษาคุณ  | 2. วสันต์ชัย ดวงสูงเนิน  | 3. วิเชียร สุวอ,รถ : 3ฒภ 2576 กทม (นพ 01),"H.R.C. FUSE, BLADE CONTACT, 80 A",1,,2026-03-01
626,1 มี.ค. 2569,15:00,15:30,29,กฟส.ธาตุพนม (S),THA05F-12,1,ลมแรง,ต้นไม้-กิ่งไม้หักพาดสาย,ศจฟ,15:00,14:30,15:31,61,1. ธีรพิชญ์ มิ่งขวัญ  | 2. พงศวัชร์ ธัญภัทร์อนันต์,รถ : กระเช้าธาตุพนม,"DROPOUT,FUSE,22 KV.100 A.12 KA",1,,2026-03-01
627,1 มี.ค. 2569,15:26,15:56,29,กฟส.นาแก (S),28-017582,59,อากาศปกติ,ต้นไม้-กิ่งไม้หักพาดสาย,ศจฟ,15:26,15:27,15:59,32,1. วรพันธุ์ ตันสมรส,รถ : นก-03,"CABLE,AL,750 V,50 SQ.MM. TIS.293",5,,2026-03-01
628,1 มี.ค. 2569,16:27,17:40,73,กฟจ.นครพนม (L),60-031502,52,อากาศปกติ,ต้นไม้-กิ่งไม้หักพาดสาย,ศจฟ,16:26,16:50,18:00,70,1. ศักดิ์อนันต์ แสนเมือง,รถ : 81-1269 นพ (นพ 03),FUSE LINK 22 KV. 15 A.EEI-NEMA TYPE K,1,,2026-03-01
629,1 มี.ค. 2569,17:22,22:23,301,กฟจ.นครพนม (L),60-024492,9,อากาศปกติ,ต้นไม้-กิ่งไม้หักพาดสาย,ศจฟ,17:22,17:23,22:26,303,1. วสันต์ชัย ดวงสูงเนิน  | 2. วิเชียร สุวอ  | 3. ศักดิ์อนันต์ แสนเมือง  | 4. หิรัญ พลไกรสร,รถ : 3ฒภ 2576 กทม (นพ 01),"H.R.C. FUSE, BLADE CONTACT, 100 A",1,,2026-03-01
630,1 มี.ค. 2569,20:50,21:50,60,กฟจ.นครพนม (L),NNB01VF-028,45,อากาศปกติ,ต้นไม้-กิ่งไม้หักพาดสาย,ศจฟ,20:50,21:10,22:20,70,1. วสันต์ชัย ดวงสูงเนิน  | 2. วิเชียร สุวอ  | 3. ศักดิ์อนันต์ แสนเมือง  | 4. หิรัญ พลไกรสร,รถ : 81-1269 นพ (นพ 03),FUSE LINK 22 KV. 15 A.EEI-NEMA TYPE K,1,,2026-03-01
631,2 มี.ค. 2569,07:30,08:19,49,กฟส.ท่าอุเทน (XS),BFA09VF-223,104,ฝนตก ลมแรง,ต้นไม้-ลมพัดต้นไม้มาแตะสาย,ศจฟ,07:30,03:00,05:00,120,1. วีระพงษ์ วงตรี,รถ : -,FUSE LINK 22 KV. 5-6 A.EEI-NEMA TYPE K,3,,2026-03-02
632,2 มี.ค. 2569,07:31,08:53,82,กฟส.ท่าอุเทน (XS),SSK02VF-252,54,ฝนตก,ต้นไม้-ลมพัดต้นไม้มาแตะสาย,ศจฟ,07:30,06:00,07:30,90,1. วีระพงษ์ วงตรี,รถ : -,FUSE LINK 22 KV. 10 A.EEI-NEMA TYPE K,1,,2026-03-02
633,2 มี.ค. 2569,11:12,11:36,24,กฟส.ปลาปาก (XS),THA06F-123,91,อากาศปกติ,สัตว์-งู,ศจฟ,11:12,11:13,11:40,27,1. สุธรรม จันทะผา,รถ : รถแก้ไฟปลาปาก 01,FUSE LINK 22 KV. 10 A.EEI-NEMA TYPE K,2,,2026-03-02
634,2 มี.ค. 2569,15:00,15:53,53,กฟจ.นครพนม (L),NNA01VF-061,21,ฝนตก ลมแรง,ต้นไม้-ลมพัดต้นไม้มาแตะสาย,ศจฟ,15:00,15:44,15:57,13,1. ณัฏฐศรันย์ อันทระบุตร  | 2. พงษ์สนิจ ศรีวิชัย  | 3. พิพัฒน์ นะระทะ,รถ : 3ฒภ 2576 กทม (นพ 01),FUSE LINK 22 KV. 10 A.EEI-NEMA TYPE K,2,,2026-03-02
635,2 มี.ค. 2569,19:00,20:13,73,กฟจ.นครพนม (L),NNA02VF-026,57,ฝนตก ลมแรง,ต้นไม้-ลมพัดต้นไม้มาแตะสาย,ศจฟ,19:00,19:48,20:16,28,1. ถวิล เมษาคุณ  | 2. ทศวรรษ มังคละคีรี  | 3. ปรีชา เพ็งคำ  | 4. วสันต์ชัย ดวงสูงเนิน,รถ : 81-1269 นพ (นพ 03),FUSE LINK 22 KV. 10 A.EEI-NEMA TYPE K,1,,2026-03-02
636,2 มี.ค. 2569,20:30,21:48,78,กฟจ.นครพนม (L),NNB04VF-XXX,314,ฝนตก ลมแรง,ต้นไม้-ลมพัดต้นไม้มาแตะสาย,ศจฟ,20:30,20:31,21:00,29,1. ถวิล เมษาคุณ  | 2. ทศวรรษ มังคละคีรี  | 3. ปรีชา เพ็งคำ  | 4. วสันต์ชัย ดวงสูงเนิน,รถ : 3ฒภ 2576 กทม (นพ 01),"H.R.C. FUSE, BLADE CONTACT, 100 A",2,,2026-03-02
637,2 มี.ค. 2569,22:11,22:45,33,กฟส.ธาตุพนม (S),64-002031,94,ฝนตก ลมแรง,ต้นไม้-ลมพัดต้นไม้มาแตะสาย,ศจฟ,22:11,22:16,23:00,44,1. ปริเยศ หาญพงศ์ศรี,รถ : กระเช้าธาตุพนม,"CABLE,AL,750 V,50 SQ.MM. TIS.293",5,,2026-03-02
638,2 มี.ค. 2569,23:02,22:30,0,กฟส.บ้านแพง (S),SSK08F-58,190,อากาศปกติ,ต้นไม้-ลมพัดต้นไม้มาแตะสาย,ศจฟ,23:02,22:00,22:50,50,1. ณัฐดนัย ขันถม,รถ : กระเช้าบ้านแพง,FUSE LINK 22 KV. 30 A.EEI-NEMA TYPE K,2,,2026-03-02
639,3 มี.ค. 2569,06:29,06:59,29,กฟส.โพนสวรรค์ (XS),48-005727,27,ฝนตก,ภัยธรรมชาติ-พายุฤดูร้อน/พายุดีเปรสชั่น,ศจฟ,06:29,05:03,06:32,89,1. เพชราวุธ โพชราช,รถ : โพนสวรรค์-02,"H.R.C. FUSE, BLADE CONTACT, 100 A",1,,2026-03-03
640,3 มี.ค. 2569,07:40,08:13,33,กฟส.โพนสวรรค์ (XS),SSK07F-05,334,อากาศปกติ,ภัยธรรมชาติ-พายุฤดูร้อน/พายุดีเปรสชั่น,ศจฟ,07:40,06:40,08:28,108,1. เพชราวุธ โพชราช,รถ : โพนสวรรค์-02,FUSE LINK 22 KV. 25 A.EEI-NEMA TYPE K,2,,2026-03-03
641,3 มี.ค. 2569,10:00,10:41,40,กฟส.นาแก (S),6101021723,1,อากาศปกติ,ภัยธรรมชาติ-พายุฤดูร้อน/พายุดีเปรสชั่น,ศจฟ,10:00,10:36,10:42,6,1. วรพันธุ์ ตันสมรส,รถ : นก-03,"CABLE,CU,PVC,INS.&JAC. 600V, 2X10 SQ.MM.",7,,2026-03-03
642,3 มี.ค. 2569,10:15,10:30,15,กฟส.ปลาปาก (XS),63-002353,103,อากาศปกติ,สัตว์-งู,ศจฟ,10:15,10:37,11:12,35,1. สุธรรม จันทะผา,รถ : รถแก้ไฟปลาปาก 01,FUSE LINK 22 KV. 3 A.EEI-NEMA TYPE K,1,,2026-03-03
643,3 มี.ค. 2569,10:25,10:43,18,กฟส.นาแก (S),60-030812,76,อากาศปกติ,อุปกรณ์-ชำรุด,ศจฟ,10:25,10:38,10:47,9,1. วรพันธุ์ ตันสมรส,รถ : นก-03,COVERED TIE WIRE.AL.4.0 MM.,1,,2026-03-03
644,3 มี.ค. 2569,11:13,11:28,15,กฟส.บ้านแพง (S),28-016920,32,อากาศปกติ,ต้นไม้-ต้นไม้ล้มทับสาย,ศจฟ,11:13,11:14,11:40,26,1. ปิยะณัฐ พลเหี้ยมหาญ,รถ : กระเช้าบ้านแพง,"CABLE,AL,750 V,50 SQ.MM. TIS.293",10,,2026-03-03
645,3 มี.ค. 2569,11:21,11:34,13,กฟส.ปลาปาก (XS),30-003059,25,อากาศปกติ,สัตว์-งู,ศจฟ,11:21,11:20,11:58,38,1. สุธรรม จันทะผา,รถ : รถแก้ไฟปลาปาก 01,FUSE LINK 22 KV. 3 A.EEI-NEMA TYPE K,1,,2026-03-03
646,3 มี.ค. 2569,14:18,14:20,2,กฟส.นาแก (S),5800328110,1,อากาศปกติ,สัตว์-งู,ศจฟ,14:18,14:17,14:21,4,1. วรพันธุ์ ตันสมรส,รถ : นก-03,"CABLE,CU,PVC,INS.&JAC. 600V, 2X10 SQ.MM.",7,,2026-03-03
647,3 มี.ค. 2569,14:32,14:37,5,กฟส.โพนสวรรค์ (XS),SSK07F-08,686,ลมแรง,สภาพสิ่งแวดล้อม-สภาพสิ่งแวดล้อมอื่นๆ,ศจฟ,14:32,14:00,15:00,60,1. รวิชญ์ พรมน้อย,รถ : โพนสวรรค์-03,FUSE LINK 22 KV. 25 A.EEI-NEMA TYPE K,2,,2026-03-03
648,3 มี.ค. 2569,15:43,15:47,4,กฟส.โพนสวรรค์ (XS),35-007779,444,ลมแรง,อุปกรณ์-ชำรุด,ศจฟ,15:43,15:20,15:50,30,1. รวิชญ์ พรมน้อย,รถ : โพนสวรรค์-03,"H.R.C. FUSE, BLADE CONTACT, 160 A",1,,2026-03-03
649,3 มี.ค. 2569,17:25,17:30,5,กฟส.ธาตุพนม (S),THA06F-30,74,อากาศปกติ,สัตว์-งู,ศจฟ,17:25,17:00,17:43,43,1. กฤตพงศ์ วงค์ขะวงค์,รถ : กระเช้าธาตุพนม,FUSE LINK 22 KV. 8 A.EEI-NEMA TYPE K,1,,2026-03-03
650,3 มี.ค. 2569,18:51,19:32,40,กฟจ.นครพนม (L),NNA04F-33,1,อากาศปกติ,สัตว์-งู,ศจฟ,18:51,18:52,19:39,47,1. ชัยยา มาตขาว  | 2. ณัฏฐศรันย์ อันทระบุตร  | 3. พงษ์สนิจ ศรีวิชัย  | 4. พิพัฒน์ นะระทะ,รถ : 81-1269 นพ (นพ 03),FUSE LINK 22 KV. 25 A.EEI-NEMA TYPE K,2,,2026-03-03
651,3 มี.ค. 2569,18:52,20:00,67,กฟจ.นครพนม (L),67-008471,57,อากาศปกติ,สัตว์-งู,ศจฟ,18:52,18:53,20:30,97,1. ชัยยา มาตขาว  | 2. ณัฏฐศรันย์ อันทระบุตร  | 3. พงษ์สนิจ ศรีวิชัย  | 4. พิพัฒน์ นะระทะ,รถ : 3ฒภ 2576 กทม (นพ 01),"H.R.C. FUSE, BLADE CONTACT, 160 A",1,,2026-03-03
652,3 มี.ค. 2569,19:16,20:10,54,กฟส.ท่าอุเทน (XS),5800328462,1,อากาศปกติ,สัตว์-งู,ศจฟ,19:16,19:18,20:40,82,1. สุรธวัช วุฒิสาร,รถ : รถแก้ไฟท่าอุเทน,"TAPE,PVC,O/D,0.18X19X10,000 MM. TIS.386",1,,2026-03-03
653,4 มี.ค. 2569,08:59,12:45,226,กฟจ.นครพนม (L),64-019138,4,อากาศปกติ,สัตว์-งู,ศจฟ,08:59,09:01,10:25,84,1. วิเชียร สุวอ  | 2. สันติ อินทิสาร  | 3. หิรัญ พลไกรสร,รถ : 3ฒภ 2576 กทม (นพ 01),FUSE LINK 22 KV. 3 A.EEI-NEMA TYPE K,2,,2026-03-04
654,4 มี.ค. 2569,09:08,09:46,38,กฟจ.นครพนม (L),NNA01VF-022,2,อากาศปกติ,สัตว์-งู,ศจฟ,09:08,08:35,09:45,70,1. วิเชียร สุวอ  | 2. สันติ อินทิสาร  | 3. หิรัญ พลไกรสร,รถ : 3ฒภ 2576 กทม (นพ 01),FUSE LINK 22 KV. 25 A.EEI-NEMA TYPE K,1,,2026-03-04
655,4 มี.ค. 2569,09:31,10:29,58,กฟส.นาทม (XS),55-001012,19,อากาศปกติ,สัตว์-งู,ศจฟ,09:31,09:32,10:33,61,1. นราธร อินทรายุทธ,รถ : นาทม 02,FUSE LINK 22 KV. 3 A.EEI-NEMA TYPE K,1,,2026-03-04
656,4 มี.ค. 2569,09:41,09:45,4,กฟส.นาแก (S),SOA08VF-512,45,อากาศปกติ,ต้นไม้-กิ่งไม้หักพาดสาย,ศจฟ,09:41,08:40,09:35,55,1. อนาวิน อาจหาญ,รถ : นก-03,FUSE LINK 22 KV. 8 A.EEI-NEMA TYPE K,2,,2026-03-04
657,4 มี.ค. 2569,10:50,11:34,44,กฟส.นาแก (S),SOA08VF-503-1,67,อากาศปกติ,ต้นไม้-กิ่งไม้หักพาดสาย,ศจฟ,10:50,10:00,11:05,65,1. อนาวิน อาจหาญ,รถ : นก-03,FUSE LINK 22 KV. 10 A.EEI-NEMA TYPE K,2,,2026-03-04
658,4 มี.ค. 2569,11:28,12:05,36,กฟส.ธาตุพนม (S),THA02VF-010,823,อากาศปกติ,ต้นไม้-กิ่งไม้หักพาดสาย,ศจฟ,11:28,11:30,12:11,41,1. ศรายุทธ์ ญาติสมบูรณ์,รถ : กระเช้าธาตุพนม,FUSE LINK 22 KV. 10 A.EEI-NEMA TYPE K,2,,2026-03-04
659,4 มี.ค. 2569,14:00,15:00,60,กฟส.ธาตุพนม (S),THA02VF-025,748,อากาศปกติ,ต้นไม้-กิ่งไม้หักพาดสาย,ศจฟ,14:00,14:21,15:12,51,1. ศรายุทธ์ ญาติสมบูรณ์,รถ : กระเช้าธาตุพนม,FUSE LINK 22 KV. 40 A.EEI-NEMA TYPE K,2,,2026-03-04
660,4 มี.ค. 2569,16:25,16:50,24,กฟส.ศรีสงคราม (XS),SSK08VF-006,1,อากาศปกติ,สัตว์-งู,ศจฟ,16:25,16:27,17:00,33,1. เชาวลิต หัสรินทร์,รถ : ศรีสงคราม 01,FUSE LINK 22 KV. 15 A.EEI-NEMA TYPE K,1,,2026-03-04
661,4 มี.ค. 2569,17:47,18:40,53,กฟส.ท่าอุเทน (XS),NNA01VF-230,470,อากาศปกติ,สัตว์-งู,ศจฟ,17:47,17:49,18:50,61,1. สุรธวัช วุฒิสาร,รถ : รถแก้ไฟท่าอุเทน,FUSE LINK 22 KV. 15 A.EEI-NEMA TYPE K,1,,2026-03-04
662,4 มี.ค. 2569,19:05,18:45,0,กฟส.นาแก (S),45-018210,58,ฝนตก,ภัยธรรมชาติ-พายุฤดูร้อน/พายุดีเปรสชั่น,ศจฟ,19:05,19:38,19:52,14,1. อนาวิน อาจหาญ,รถ : นก-03,"H.R.C. FUSE, BLADE CONTACT, 100 A",1,,2026-03-04
663,4 มี.ค. 2569,19:36,19:53,17,กฟส.นาแก (S),THA04VF-204,889,ฝนตก ลมแรง,ภัยธรรมชาติ-พายุฤดูร้อน/พายุดีเปรสชั่น,ศจฟ,19:36,19:39,19:57,18,1. อนาวิน อาจหาญ,รถ : นก-03,FUSE LINK 22 KV. 15 A.EEI-NEMA TYPE K,2,,2026-03-04
664,4 มี.ค. 2569,19:41,20:36,54,กฟส.โพนสวรรค์ (XS),NNA01F-27777,239,ลมแรง,ต้นไม้-กิ่งไม้หักพาดสาย,ศจฟ,19:41,19:43,20:58,75,1. วรัญญู สังรวมใจ,รถ : โพนสวรรค์-03,FUSE LINK 22 KV. 25 A.EEI-NEMA TYPE K,1,,2026-03-04
665,5 มี.ค. 2569,07:45,08:00,15,กฟส.ศรีสงคราม (XS),SSK06VF-005,11,อากาศปกติ,สัตว์-นก/ค้างคาว,ศจฟ,07:45,07:47,08:15,28,1. เชาวลิต หัสรินทร์,รถ : ศรีสงคราม 01,FUSE LINK 22 KV. 20 A.EEI-NEMA TYPE K,2,,2026-03-05
666,5 มี.ค. 2569,09:45,10:24,38,กฟส.นาหว้า (XS),63-034767,22,อากาศปกติ,สัตว์-นก/ค้างคาว,ศจฟ,09:45,09:46,10:27,41,1. อัมรินทร์ วะราวัง,รถ : นาหว้า 02,"CABLE LUG,NEMA 2-HOLE,AL 50 SQ.MM.",4,,2026-03-05
667,5 มี.ค. 2569,10:11,11:05,54,กฟส.ธาตุพนม (S),THA07VF-001,22,อากาศปกติ,สัตว์-นก/ค้างคาว,ศจฟ,10:11,10:13,11:44,91,1. นรากร แสนโสม,รถ : ธพ 03,"CABLE,AERIAL,AL 22 KV. 1X185 SQ.MM.",10,,2026-03-05
668,5 มี.ค. 2569,10:51,11:10,18,กฟส.ธาตุพนม (S),THA07VB-01,0,อากาศปกติ,สัตว์-นก/ค้างคาว,ศจฟ,10:51,11:02,12:08,66,1. นรากร แสนโสม,รถ : ธพ 03,,,,2026-03-05
669,5 มี.ค. 2569,12:15,13:00,45,กฟส.ธาตุพนม (S),40-001385,365,อากาศปกติ,สัตว์-นก/ค้างคาว,ศจฟ,12:15,12:17,13:07,50,1. นรากร แสนโสม,รถ : ธพ 03,"CABLE,AL,750 V,50 SQ.MM. TIS.293",3,,2026-03-05
670,5 มี.ค. 2569,12:17,12:32,15,กฟส.ศรีสงคราม (XS),SSK02VF-020,739,ลมแรง,ภัยธรรมชาติ-พายุฤดูร้อน/พายุดีเปรสชั่น,ศจฟ,12:17,12:18,12:55,37,1. เชาวลิต หัสรินทร์,รถ : ศรีสงคราม 01,FUSE LINK 22 KV. 25 A.EEI-NEMA TYPE K,3,,2026-03-05
671,5 มี.ค. 2569,13:00,15:31,151,กฟจ.นครพนม (L),NNB01VF-024,76,ฝนตก,ต้นไม้-ต้นไม้เลื้อย/โตมาแตะสาย,ศจฟ,13:00,13:01,15:34,153,1. กิติศักดิ์ หาราช  | 2. ประจล ศรีสุราช  | 3. พิพัฒน์ พิมพ์ศรี,รถ : 3ฒภ 2576 กทม (นพ 01),FUSE LINK 22 KV. 15 A.EEI-NEMA TYPE K,3,,2026-03-05
672,5 มี.ค. 2569,13:16,13:50,33,กฟส.ธาตุพนม (S),THA01VF-030,129,ฝนตก,ต้นไม้-ต้นไม้เลื้อย/โตมาแตะสาย,ศจฟ,13:16,13:17,13:56,39,1. นรากร แสนโสม,รถ : ธพ 03,FUSE LINK 22 KV. 20 A.EEI-NEMA TYPE K,2,,2026-03-05
673,5 มี.ค. 2569,13:36,13:43,7,กฟส.ปลาปาก (XS),NNA07F-54,82,ฝนตก,ต้นไม้-ต้นไม้เลื้อย/โตมาแตะสาย,ศจฟ,13:36,13:38,13:48,10,1. สุธรรม จันทะผา,รถ : รถแก้ไฟปลาปาก 01,FUSE HOLDER 22 KV. 100 A. 12 KA.,1,,2026-03-05
674,5 มี.ค. 2569,13:58,14:13,15,กฟส.ปลาปาก (XS),66-008470,9,ฝนตก,ต้นไม้-ต้นไม้เลื้อย/โตมาแตะสาย,ศจฟ,13:58,13:57,14:17,20,1. สุธรรม จันทะผา,รถ : รถแก้ไฟปลาปาก 01,FUSE LINK 22 KV. 3 A.EEI-NEMA TYPE K,1,,2026-03-05
675,5 มี.ค. 2569,14:34,15:23,49,กฟส.ปลาปาก (XS),THA06F-86,395,ฝนตก ลมแรง,วัสดุแปลกปลอม-ว่าว/โคมลอย/ลูกโป่ง/บั้งไฟ,ศจฟ,14:34,14:30,15:29,59,1. สุธรรม จันทะผา,รถ : รถแก้ไฟปลาปาก 01,FUSE LINK 22 KV. 25 A.EEI-NEMA TYPE K,2,,2026-03-05
676,5 มี.ค. 2569,14:47,14:49,2,กฟส.นาหว้า (XS),SSK06F-10/1,53,ฝนตก ลมแรง,วัสดุแปลกปลอม-ว่าว/โคมลอย/ลูกโป่ง/บั้งไฟ,ศจฟ,14:47,14:48,14:51,3,1. อัมรินทร์ วะราวัง,รถ : นาหว้า 02,FUSE HOLDER 22 KV. 100 A. 12 KA.,1,,2026-03-05
677,5 มี.ค. 2569,17:00,16:50,0,กฟจ.นครพนม (L),NNA04F-10,3,ฝนตก,ต้นไม้-ต้นไม้เลื้อย/โตมาแตะสาย,ศจฟ,17:00,16:30,17:00,30,1. วิเชียร สุวอ  | 2. ศักดิ์อนันต์ แสนเมือง  | 3. สันติ อินทิสาร  | 4. หิรัญ พลไกรสร,รถ : 3ฒภ 2576 กทม (นพ 01),FUSE LINK 22 KV. 25 A.EEI-NEMA TYPE K,2,,2026-03-05
678,5 มี.ค. 2569,17:30,17:40,10,กฟจ.นครพนม (L),NNA07F-77-4,0,ฝนตก,ต้นไม้-ต้นไม้เลื้อย/โตมาแตะสาย,ศจฟ,17:30,17:10,18:00,50,1. วิเชียร สุวอ  | 2. ศักดิ์อนันต์ แสนเมือง  | 3. สันติ อินทิสาร  | 4. หิรัญ พลไกรสร,รถ : 3ฒภ 2576 กทม (นพ 01),FUSE LINK 22 KV. 8 A.EEI-NEMA TYPE K,2,,2026-03-05
679,5 มี.ค. 2569,17:45,18:35,49,กฟจ.นครพนม (L),54-011576,76,ฝนตก ลมแรง,ต้นไม้-ต้นไม้ล้มทับสาย,ศจฟ,17:45,16:35,18:10,95,1. วิเชียร สุวอ  | 2. ศักดิ์อนันต์ แสนเมือง  | 3. สันติ อินทิสาร  | 4. หิรัญ พลไกรสร,รถ : 81-1269 นพ (นพ 03),"CABLE,AL,750 V,50 SQ.MM. TIS.293",10,,2026-03-05
680,5 มี.ค. 2569,19:30,21:05,94,กฟส.ธาตุพนม (S),THA06F-10,572,ฝนตก ลมแรง,ต้นไม้-ต้นไม้ล้มทับสาย,ศจฟ,19:30,20:06,21:06,60,1. อุทัย สุมินทร์,รถ : กระเช้าธาตุพนม,,,,2026-03-05
681,5 มี.ค. 2569,20:26,22:21,115,กฟส.โพนสวรรค์ (XS),58-005182,11,อากาศชื้น / หมอก,อุปกรณ์-ชำรุด,ศจฟ,20:26,20:28,22:00,92,1. ทรงกลด มาศศรี,รถ : โพนสวรรค์-03,"CABLE,AL,750 V,50 SQ.MM. TIS.293",10,,2026-03-05
682,5 มี.ค. 2569,20:39,21:20,40,กฟส.ศรีสงคราม (XS),SSK02VF-010,1,อากาศชื้น / หมอก,ต้นไม้-กิ่งไม้หักพาดสาย,ศจฟ,20:39,20:41,21:55,74,1. ปัญจพงษ์ เศรษฐาไชย,รถ : ศรีสงคราม 01,FUSE LINK 22 KV. 8 A.EEI-NEMA TYPE K,3,,2026-03-05
683,5 มี.ค. 2569,21:30,22:32,61,กฟจ.นครพนม (L),NNA05F-01/1,224,ฝนตก,ต้นไม้-กิ่งไม้หักพาดสาย,ศจฟ,21:30,20:00,21:10,70,1. วิเชียร สุวอ  | 2. ศักดิ์อนันต์ แสนเมือง  | 3. สันติ อินทิสาร  | 4. หิรัญ พลไกรสร,รถ : 81-1269 นพ (นพ 03),FUSE LINK 22 KV. 10 A.EEI-NEMA TYPE K,2,,2026-03-05
684,5 มี.ค. 2569,22:00,23:05,64,กฟจ.นครพนม (L),63-033028,65,ฝนตก,อุปกรณ์-ชำรุด,ศจฟ,22:00,22:00,22:35,35,1. วิเชียร สุวอ  | 2. ศักดิ์อนันต์ แสนเมือง  | 3. สันติ อินทิสาร  | 4. หิรัญ พลไกรสร,รถ : 81-1269 นพ (นพ 03),"H.R.C. FUSE, BLADE CONTACT, 160 A",1,,2026-03-05
685,6 มี.ค. 2569,07:30,07:51,20,กฟส.ท่าอุเทน (XS),NNA01VF-217,67,อากาศชื้น / หมอก,อุปกรณ์-ชำรุด,ศจฟ,07:30,07:50,07:54,4,1. อนุสรณ์ ทองประสม,รถ : รถแก้ไฟท่าอุเทน,FUSE LINK 22 KV. 10 A.EEI-NEMA TYPE K,1,,2026-03-06
686,6 มี.ค. 2569,07:31,08:41,70,กฟส.โพนสวรรค์ (XS),26654304,1,อากาศชื้น / หมอก,อุปกรณ์-ชำรุด,ศจฟ,07:30,07:00,08:25,85,1. ทรงกลด มาศศรี,รถ : โพนสวรรค์-03,"CABLE,CU,PVC,INS.&JAC. 600V, 2X10 SQ.MM.",7,,2026-03-06
687,6 มี.ค. 2569,13:46,13:56,10,กฟส.นาหว้า (XS),SSK02F-75236,1,อากาศชื้น / หมอก,อุปกรณ์-ชำรุด,ศจฟ,13:46,13:50,13:58,8,1. อัมรินทร์ วะราวัง,รถ : นาหว้า 02,FUSE HOLDER 22 KV. 100 A. 12 KA.,1,,2026-03-06
688,6 มี.ค. 2569,13:50,13:54,4,กฟส.นาแก (S),THA03VF-233-1,191,อากาศปกติ,อุปกรณ์-ชำรุด,ศจฟ,13:50,10:30,11:15,45,1. อนาวิน อาจหาญ,รถ : นก-07,FUSE LINK 22 KV. 15 A.EEI-NEMA TYPE K,2,,2026-03-06
689,6 มี.ค. 2569,13:51,13:57,6,กฟส.นาแก (S),THA03VF-233-3,1,อากาศปกติ,ต้นไม้-กิ่งไม้หักพาดสาย,ศจฟ,13:51,11:15,11:55,40,1. อนาวิน อาจหาญ,รถ : นก-07,FUSE LINK 22 KV. 8 A.EEI-NEMA TYPE K,3,,2026-03-06
690,6 มี.ค. 2569,14:21,16:16,115,กฟส.โพนสวรรค์ (XS),24439510,1,อากาศปกติ,ต้นไม้-กิ่งไม้หักพาดสาย,ศจฟ,14:21,14:30,16:00,90,1. ทรงกลด มาศศรี,รถ : โพนสวรรค์-03,"CABLE,CU,PVC,INS.&JAC. 600V, 2X10 SQ.MM.",7,,2026-03-06
691,6 มี.ค. 2569,14:46,14:59,13,กฟส.บ้านแพง (S),56-015093,57,อากาศปกติ,อุปกรณ์-ชำรุด,ศจฟ,14:46,14:30,15:07,37,1. รชานนท์ โมธรรม,รถ : กระเช้าบ้านแพง,"H.R.C. FUSE, BLADE CONTACT, 80 A",2,,2026-03-06
692,6 มี.ค. 2569,14:47,14:50,3,กฟส.ธาตุพนม (S),THA06F-10,572,อากาศปกติ,อุปกรณ์-ชำรุด,ศจฟ,14:47,11:27,13:10,103,1. อติชาติ เมืองงาม,รถ : กระเช้าธาตุพนม,FUSE LINK 22 KV. 30 A.EEI-NEMA TYPE K,1,,2026-03-06
693,6 มี.ค. 2569,18:30,20:05,94,กฟส.ธาตุพนม (S),6300253030,1,อากาศปกติ,อุปกรณ์-ชำรุด,ศจฟ,18:30,18:36,20:33,117,1. ปริเยศ หาญพงศ์ศรี  | 2. อุทัย สุมินทร์,รถ : กระเช้าธาตุพนม,,,,2026-03-06
694,6 มี.ค. 2569,19:00,20:00,60,กฟจ.นครพนม (L),NNA04F-04/10,1,อากาศปกติ,อุปกรณ์-ชำรุด,ศจฟ,19:00,19:00,20:30,90,1. กิติศักดิ์ หาราช  | 2. ชัยยา มาตขาว  | 3. ประจล ศรีสุราช  | 4. หฤษฎ์ ถูระวัน,รถ : 3ฒภ 2576 กทม (นพ 01),FUSE HOLDER 22 KV. 100 A. 12 KA.,1,,2026-03-06
695,6 มี.ค. 2569,20:20,20:45,24,กฟส.บ้านแพง (S),SSK08F-59,750,อากาศปกติ,วัสดุแปลกปลอม-ว่าว/โคมลอย/ลูกโป่ง/บั้งไฟ,ศจฟ,20:20,20:00,20:45,45,1. ณัฐดนัย ขันถม,รถ : กระเช้าบ้านแพง,FUSE LINK 22 KV. 30 A.EEI-NEMA TYPE K,2,,2026-03-06
696,6 มี.ค. 2569,20:40,20:56,15,กฟส.นาแก (S),SOA08VF-502-3,36,อากาศปกติ,วัสดุแปลกปลอม-ว่าว/โคมลอย/ลูกโป่ง/บั้งไฟ,ศจฟ,20:40,19:42,20:57,75,1. วรพันธุ์ ตันสมรส,รถ : นก-03,FUSE LINK 22 KV. 25 A.EEI-NEMA TYPE K,2,,2026-03-06
697,6 มี.ค. 2569,23:31,23:45,14,กฟส.ปลาปาก (XS),THA02F-39,426,อากาศชื้น / หมอก,สัตว์-งู,ศจฟ,23:31,23:33,23:56,23,1. นครินทร์ จำปาทิ,รถ : รถแก้ไฟปลาปาก 01,FUSE LINK 22 KV. 15 A.EEI-NEMA TYPE K,2,,2026-03-06
698,7 มี.ค. 2569,09:30,10:17,47,กฟส.นาหว้า (XS),SSK04VF-153,600,อากาศชื้น / หมอก,สัตว์-งู,ศจฟ,09:30,09:42,10:20,38,1. อัมรินทร์ วะราวัง,รถ : นาหว้า 02,FUSE LINK 22 KV. 10 A.EEI-NEMA TYPE K,1,,2026-03-07
699,7 มี.ค. 2569,11:10,11:47,36,กฟส.นาทม (XS),30-002552,194,อากาศปกติ,อุปกรณ์-ชำรุด,ศจฟ,11:10,11:12,11:50,38,1. อิทธิพันธ์ กาวรรณธง,รถ : นาทม 02,"H.R.C. FUSE, BLADE CONTACT, 100 A",2,,2026-03-07
700,7 มี.ค. 2569,13:00,13:43,42,กฟส.ธาตุพนม (S),63-001317,41,อากาศปกติ,อุปกรณ์-ชำรุด,ศจฟ,13:00,13:36,13:55,19,1. เกรียงศักดิ์ สุพรรณคุ้ม,รถ : กระเช้าธาตุพนม,"H.R.C. FUSE, BLADE CONTACT, 100 A",1,,2026-03-07
701,7 มี.ค. 2569,13:00,15:33,153,กฟส.โพนสวรรค์ (XS),62-007355,85,อากาศปกติ,ต้นไม้-ต้นไม้ล้มทับสาย,ศจฟ,13:00,13:34,14:38,64,1. เพชราวุธ โพชราช,รถ : โพนสวรรค์-03,"CABLE,AL,750 V,50 SQ.MM. TIS.293",5,,2026-03-07
702,7 มี.ค. 2569,20:04,20:30,26,กฟส.ท่าอุเทน (XS),BFA09VF-226,24,อากาศปกติ,ต้นไม้-ต้นไม้ล้มทับสาย,ศจฟ,20:04,20:06,21:19,73,1. สุรธวัช วุฒิสาร,รถ : รถแก้ไฟท่าอุเทน,FUSE LINK 22 KV. 15 A.EEI-NEMA TYPE K,1,,2026-03-07
703,8 มี.ค. 2569,07:06,07:09,3,กฟส.โพนสวรรค์ (XS),67-023016,11,อากาศชื้น / หมอก,สภาพสิ่งแวดล้อม-ความชื้น,ศจฟ,07:06,01:00,03:00,120,1. รวิชญ์ พรมน้อย,รถ : โพนสวรรค์-03,FUSE LINK 22 KV. 3 A.EEI-NEMA TYPE K,2,,2026-03-08
704,8 มี.ค. 2569,08:10,08:21,11,กฟส.โพนสวรรค์ (XS),66-018366,33,อากาศชื้น / หมอก,สภาพสิ่งแวดล้อม-ความชื้น,ศจฟ,08:10,06:00,08:00,120,1. รวิชญ์ พรมน้อย,รถ : โพนสวรรค์-03,FUSE LINK 22 KV. 3 A.EEI-NEMA TYPE K,2,,2026-03-08
705,8 มี.ค. 2569,08:10,08:32,22,กฟส.บ้านแพง (S),SSK08F-51-2,11,อากาศปกติ,สัตว์-นก/ค้างคาว,ศจฟ,08:10,08:10,08:45,35,1. ปิยะณัฐ พลเหี้ยมหาญ,รถ : กระเช้าบ้านแพง,FUSE LINK 22 KV. 15 A.EEI-NEMA TYPE K,1,,2026-03-08
706,8 มี.ค. 2569,11:02,12:41,99,กฟส.ธาตุพนม (S),66-016446,46,อากาศปกติ,สัตว์-นก/ค้างคาว,ศจฟ,11:02,11:04,12:42,98,1. อุทัย สุมินทร์,รถ : กระเช้าธาตุพนม,FUSE LINK 22 KV. 3 A.EEI-NEMA TYPE K,2,,2026-03-08
707,8 มี.ค. 2569,12:44,13:59,75,กฟส.ธาตุพนม (S),67-027539,36,อากาศปกติ,ต้นไม้-ต้นไม้ล้มทับสาย,ศจฟ,12:44,12:46,14:02,76,1. อุทัย สุมินทร์,รถ : กระเช้าธาตุพนม,"CABLE,AL,750 V,50 SQ.MM. TIS.293",2,,2026-03-08
708,8 มี.ค. 2569,17:03,18:06,63,กฟส.โพนสวรรค์ (XS),24-011422,301,อากาศปกติ,ต้นไม้-ต้นไม้ล้มทับสาย,ศจฟ,17:03,17:05,18:38,93,1. วรัญญู สังรวมใจ,รถ : โพนสวรรค์-03,"H.R.C. FUSE, BLADE CONTACT, 80 A",1,,2026-03-08
709,8 มี.ค. 2569,20:00,21:15,75,กฟส.โพนสวรรค์ (XS),SSK09F-08,294,อากาศปกติ,สัตว์-นก/ค้างคาว,ศจฟ,20:00,20:02,21:46,104,1. วรัญญู สังรวมใจ,รถ : โพนสวรรค์-03,FUSE LINK 22 KV. 15 A.EEI-NEMA TYPE K,2,,2026-03-08
710,8 มี.ค. 2569,21:30,22:00,29,กฟจ.นครพนม (L),38-019364,190,อากาศปกติ,สัตว์-นก/ค้างคาว,ศจฟ,21:30,21:30,22:23,53,1. ชัยยา มาตขาว  | 2. ธำรงรัตน์ สระแก้ว,รถ : รถกระเช้า (04),FUSE LINK 22 KV. 10 A.EEI-NEMA TYPE K,2,,2026-03-08
711,9 มี.ค. 2569,07:30,08:26,56,กฟส.โพนสวรรค์ (XS),SSK09F-09,310,อากาศชื้น / หมอก,สัตว์-นก/ค้างคาว,ศจฟ,07:30,06:03,08:30,147,1. รวิชญ์ พรมน้อย  | 2. วรัญญู สังรวมใจ,รถ : โพนสวรรค์-03,FUSE LINK 22 KV. 20 A.EEI-NEMA TYPE K,1,,2026-03-09
712,9 มี.ค. 2569,07:30,15:43,493,กฟจ.นครพนม (L),NNA06F-07,177,อากาศชื้น / หมอก,สัตว์-นก/ค้างคาว,ศจฟ,07:30,07:57,15:46,469,1. ชัยยา มาตขาว  | 2. ธำรงรัตน์ สระแก้ว  | 3. วสันต์ชัย ดวงสูงเนิน,รถ : 3ฒภ 2576 กทม (นพ 01),FUSE LINK 22 KV. 40 A.EEI-NEMA TYPE K,1,,2026-03-09
713,9 มี.ค. 2569,10:26,11:28,61,กฟส.โพนสวรรค์ (XS),SSK07F-03,54,อากาศปกติ,วัสดุแปลกปลอม-ว่าว/โคมลอย/ลูกโป่ง/บั้งไฟ,ศจฟ,10:26,10:28,11:47,79,1. ทรงกลด มาศศรี,รถ : โพนสวรรค์-03,FUSE HOLDER 22 KV. 100 A. 12 KA.,1,,2026-03-09
714,9 มี.ค. 2569,11:08,11:50,42,กฟส.ศรีสงคราม (XS),SSK01VF-013,2,อากาศชื้น / หมอก,สัตว์-นก/ค้างคาว,ศจฟ,11:08,11:11,12:00,49,1. เชาวลิต หัสรินทร์,รถ : ศรีสงคราม 02,FUSE LINK 22 KV. 30 A.EEI-NEMA TYPE K,2,,2026-03-09
715,9 มี.ค. 2569,13:00,13:32,31,กฟจ.นครพนม (L),NNB02VF-031,122,อากาศปกติ,สัตว์-กระรอก/กระแต/หนู,ศจฟ,13:00,13:23,13:35,12,1. ณัฏฐศรันย์ อันทระบุตร  | 2. พงษ์สนิจ ศรีวิชัย  | 3. พิพัฒน์ นะระทะ,รถ : 3ฒภ 2576 กทม (นพ 01),FUSE LINK 22 KV. 15 A.EEI-NEMA TYPE K,1,,2026-03-09
716,9 มี.ค. 2569,13:08,14:04,56,กฟส.โพนสวรรค์ (XS),SSK09F-09,310,อากาศปกติ,สัตว์-กระรอก/กระแต/หนู,ศจฟ,13:08,13:00,14:05,65,1. ทรงกลด มาศศรี,รถ : โพนสวรรค์-03,FUSE LINK 22 KV. 15 A.EEI-NEMA TYPE K,2,,2026-03-09
717,9 มี.ค. 2569,14:45,16:04,79,กฟส.โพนสวรรค์ (XS),5900541453,1,อากาศปกติ,อุปกรณ์-ชำรุด,ศจฟ,14:45,14:50,16:06,76,1. ทรงกลด มาศศรี,รถ : โพนสวรรค์-03,"CABLE,CU,PVC,INS.&JAC. 600V, 2X10 SQ.MM.",7,,2026-03-09
718,9 มี.ค. 2569,17:00,19:49,169,กฟจ.นครพนม (L),NNB01VF-039,1,อากาศปกติ,อุปกรณ์-ชำรุด,ศจฟ,17:00,16:30,17:13,43,1. ทศวรรษ มังคละคีรี  | 2. ปรีชา เพ็งคำ  | 3. ภานุวัฒน์ สิงห์ทองไชย  | 4. ศักดิ์อนันต์ แสนเมือง,รถ : 81-1269 นพ (นพ 03),FUSE LINK 22 KV. 25 A.EEI-NEMA TYPE K,2,,2026-03-09
719,9 มี.ค. 2569,18:59,19:52,53,กฟส.ปลาปาก (XS),NNA07F-36/6-01,1,อากาศปกติ,อุปกรณ์-ชำรุด,ศจฟ,18:59,19:05,20:12,67,1. นครินทร์ จำปาทิ,รถ : รถแก้ไฟปลาปาก 01,FUSE LINK 22 KV. 15 A.EEI-NEMA TYPE K,2,,2026-03-09
720,9 มี.ค. 2569,20:15,20:43,27,กฟส.โพนสวรรค์ (XS),5700605021,1,อากาศปกติ,อุปกรณ์-ชำรุด,ศจฟ,20:15,18:00,19:10,70,1. ทรงกลด มาศศรี,รถ : โพนสวรรค์-03,"CABLE,CU,PVC,INS.&JAC. 600V, 2X10 SQ.MM.",7,,2026-03-09
721,9 มี.ค. 2569,20:17,20:54,36,กฟส.ศรีสงคราม (XS),SSK01VF-032,1,ลมแรง,อุปกรณ์-ชำรุด,ศจฟ,20:17,20:19,21:20,61,1. ปัญจพงษ์ เศรษฐาไชย,รถ : ศรีสงคราม 01,FUSE LINK 22 KV. 8 A.EEI-NEMA TYPE K,2,,2026-03-09
722,9 มี.ค. 2569,20:35,21:22,47,กฟจ.นครพนม (L),NNA04F-08,261,ลมแรง,อุปกรณ์-ชำรุด,ศจฟ,20:35,20:20,20:47,27,1. ทศวรรษ มังคละคีรี  | 2. ปรีชา เพ็งคำ  | 3. ภานุวัฒน์ สิงห์ทองไชย  | 4. ศักดิ์อนันต์ แสนเมือง,รถ : 81-1269 นพ (นพ 03),FUSE LINK 22 KV. 25 A.EEI-NEMA TYPE K,1,,2026-03-09
723,9 มี.ค. 2569,21:50,06:00,490,กฟส.โพนสวรรค์ (XS),55-008384,60,อากาศปกติ,อุปกรณ์-ชำรุด,ศจฟ,21:50,23:00,01:10,130,1. ทรงกลด มาศศรี,รถ : โพนสวรรค์-03,"CABLE,AL,750 V,50 SQ.MM. TIS.293",10,,2026-03-09
724,9 มี.ค. 2569,22:30,23:10,40,กฟส.ปลาปาก (XS),54-007007,100,อากาศปกติ,อุปกรณ์-ชำรุด,ศจฟ,22:30,22:44,23:33,49,1. นครินทร์ จำปาทิ,รถ : รถแก้ไฟปลาปาก 01,"CABLE,AL,750 V,50 SQ.MM. TIS.293",10,,2026-03-09
725,10 มี.ค. 2569,06:16,07:28,72,กฟส.โพนสวรรค์ (XS),NNA01F-2333,566,อากาศปกติ,สัตว์-งู,ศจฟ,06:16,06:10,07:30,80,1. ทรงกลด มาศศรี,รถ : โพนสวรรค์-03,FUSE LINK 22 KV. 30 A.EEI-NEMA TYPE K,2,,2026-03-10
726,10 มี.ค. 2569,06:38,07:12,33,กฟส.ศรีสงคราม (XS),59-008150,10,อากาศปกติ,สัตว์-งู,ศจฟ,06:38,06:44,07:25,41,1. ปัญจพงษ์ เศรษฐาไชย,รถ : ศรีสงคราม 01,FUSE LINK 22 KV. 3 A.EEI-NEMA TYPE K,1,,2026-03-10
727,10 มี.ค. 2569,07:33,08:41,67,กฟส.โพนสวรรค์ (XS),SSK07F-10,448,อากาศปกติ,สัตว์-นก/ค้างคาว,ศจฟ,07:33,07:40,08:44,64,1. ทรงกลด มาศศรี,รถ : โพนสวรรค์-03,FUSE LINK 22 KV. 20 A.EEI-NEMA TYPE K,2,,2026-03-10
728,10 มี.ค. 2569,10:29,11:12,42,กฟจ.นครพนม (L),NNA04F-10,3,อากาศปกติ,สัตว์-นก/ค้างคาว,ศจฟ,10:29,10:32,11:18,46,1. จันทะคาด บัวเคน  | 2. นลธวัช ศรีหาเศษ  | 3. พงษ์สนิจ ศรีวิชัย,รถ : 3ฒภ 2576 กทม (นพ 01),FUSE LINK 22 KV. 30 A.EEI-NEMA TYPE K,2,,2026-03-10
729,10 มี.ค. 2569,10:30,11:00,29,กฟจ.นครพนม (L),68-002498,9,อากาศปกติ,สัตว์-นก/ค้างคาว,ศจฟ,10:30,10:20,11:30,70,1. จันทะคาด บัวเคน  | 2. นลธวัช ศรีหาเศษ  | 3. พงษ์สนิจ ศรีวิชัย  | 4. ศักดิ์อนันต์ แสนเมือง,รถ : 81-1269 นพ (นพ 03),"CABLE,AL,750 V,50 SQ.MM. TIS.293",20,,2026-03-10
730,10 มี.ค. 2569,10:45,12:00,75,กฟจ.นครพนม (L),6201124951,1,อากาศปกติ,สัตว์-นก/ค้างคาว,ศจฟ,10:45,11:20,12:14,54,1. จันทะคาด บัวเคน  | 2. นลธวัช ศรีหาเศษ  | 3. พงษ์สนิจ ศรีวิชัย  | 4. ศักดิ์อนันต์ แสนเมือง,รถ : 81-1269 นพ (นพ 03),"CONN.,PG,DOUBLE BOLT,AL 25-95 SQ.MM.",2,,2026-03-10
731,10 มี.ค. 2569,15:53,16:20,27,กฟส.ธาตุพนม (S),61-014931,208,อากาศปกติ,สัตว์-นก/ค้างคาว,ศจฟ,15:53,15:55,16:25,30,1. นรากร แสนโสม,รถ : กระเช้าธาตุพนม,"CABLE,AL,750 V,50 SQ.MM. TIS.293",3,,2026-03-10
732,10 มี.ค. 2569,16:47,17:30,42,กฟส.นาทม (XS),63-018457,15,ลมแรง,วัสดุแปลกปลอม-เศษกิ่งไม้ใบไม้/ฟาง/ทางมะพร้าวปลิวมาแตะ,ศจฟ,16:47,16:48,18:00,72,1. นราธร อินทรายุทธ,รถ : นาทม 02,"CABLE,AL,750 V,50 SQ.MM. TIS.293",10,,2026-03-10
733,10 มี.ค. 2569,17:52,19:30,97,กฟจ.นครพนม (L),27-011157,96,ลมแรง,วัสดุแปลกปลอม-เศษกิ่งไม้ใบไม้/ฟาง/ทางมะพร้าวปลิวมาแตะ,ศจฟ,17:52,17:54,19:30,96,1. ชัยยา มาตขาว  | 2. ณัฏฐศรันย์ อันทระบุตร  | 3. พงษ์สนิจ ศรีวิชัย  | 4. พิพัฒน์ นะระทะ,รถ : 3ฒภ 2576 กทม (นพ 01),,,,2026-03-10
734,10 มี.ค. 2569,18:00,19:16,76,กฟจ.นครพนม (L),NNA06F-602512,1,ลมแรง,วัสดุแปลกปลอม-เศษกิ่งไม้ใบไม้/ฟาง/ทางมะพร้าวปลิวมาแตะ,ศจฟ,18:00,18:24,19:19,55,1. ชัยยา มาตขาว  | 2. ณัฏฐศรันย์ อันทระบุตร  | 3. พงษ์สนิจ ศรีวิชัย  | 4. พิพัฒน์ นะระทะ,รถ : 81-1269 นพ (นพ 03),FUSE LINK 22 KV. 15 A.EEI-NEMA TYPE K,1,,2026-03-10
735,11 มี.ค. 2569,00:58,01:00,2,กฟส.นาแก (S),36-014945,164,อากาศปกติ,อุปกรณ์-ชำรุด,ศจฟ,00:58,00:30,01:04,34,1. ศราวุธ วงศ์พิริยะสมบัติ,รถ : นก-03,"H.R.C. FUSE, BLADE CONTACT, 100 A",2,,2026-03-11
736,11 มี.ค. 2569,06:30,07:10,40,กฟส.ท่าอุเทน (XS),NNA01VF-202,255,อากาศชื้น / หมอก,อุปกรณ์-ชำรุด,ศจฟ,06:30,07:05,07:51,46,1. อนุสรณ์ ทองประสม,รถ : รถแก้ไฟท่าอุเทน,,,,2026-03-11
737,11 มี.ค. 2569,07:15,07:37,22,กฟส.นาแก (S),THA04VF-236,207,อากาศปกติ,สัตว์-งู,ศจฟ,07:15,07:17,07:50,33,1. ศราวุธ วงศ์พิริยะสมบัติ,รถ : นก-03,FUSE LINK 22 KV. 25 A.EEI-NEMA TYPE K,1,,2026-03-11
738,11 มี.ค. 2569,10:08,10:50,42,กฟส.ธาตุพนม (S),52-003063,111,อากาศปกติ,สัตว์-กระรอก/กระแต/หนู,ศจฟ,10:08,10:11,11:05,54,1. นรากร แสนโสม,รถ : กระเช้าธาตุพนม,FUSE LINK 22 KV. 3 A.EEI-NEMA TYPE K,3,,2026-03-11
739,11 มี.ค. 2569,12:03,13:14,70,กฟส.ปลาปาก (XS),57-005652,62,อากาศปกติ,สัตว์-กระรอก/กระแต/หนู,ศจฟ,12:03,12:05,13:56,112,1. ราชันย์ กุลสุทธิ์,รถ : รถแก้ไฟปลาปาก 01,"CABLE,AL,750 V,50 SQ.MM. TIS.293",7,,2026-03-11
740,11 มี.ค. 2569,14:30,15:39,69,กฟจ.นครพนม (L),NNA04F-20/1,15,อากาศปกติ,สัตว์-กระรอก/กระแต/หนู,ศจฟ,14:30,15:10,15:43,33,1. ถวิล เมษาคุณ  | 2. ธำรงรัตน์ สระแก้ว  | 3. พงษ์สนิจ ศรีวิชัย,รถ : 3ฒภ 2576 กทม (นพ 01),FUSE LINK 22 KV. 15 A.EEI-NEMA TYPE K,1,,2026-03-11
741,11 มี.ค. 2569,16:27,16:29,2,กฟส.นาหว้า (XS),SSK06F-21,31,อากาศปกติ,สัตว์-กระรอก/กระแต/หนู,ศจฟ,16:27,16:25,16:30,5,1. อัมรินทร์ วะราวัง,รถ : นาหว้า 02,FUSE LINK 22 KV. 25 A.EEI-NEMA TYPE K,3,,2026-03-11
742,11 มี.ค. 2569,19:32,20:01,29,กฟส.ศรีสงคราม (XS),SSK02VF-034,205,อากาศปกติ,สัตว์-กระรอก/กระแต/หนู,ศจฟ,19:32,19:33,20:45,72,1. วุฒิชัย เหมเมือง,รถ : ศรีสงคราม 02,FUSE LINK 22 KV. 25 A.EEI-NEMA TYPE K,2,,2026-03-11
743,12 มี.ค. 2569,06:26,06:57,31,กฟส.โพนสวรรค์ (XS),NPN07F-20,39,อากาศปกติ,สัตว์-กระรอก/กระแต/หนู,ศจฟ,06:26,06:27,07:11,44,1. เพชราวุธ โพชราช,รถ : โพนสวรรค์-02,FUSE LINK 22 KV. 15 A.EEI-NEMA TYPE K,1,,2026-03-12
744,12 มี.ค. 2569,07:32,08:03,31,กฟส.โพนสวรรค์ (XS),SSK07F-7878747,25,อากาศปกติ,สัตว์-กระรอก/กระแต/หนู,ศจฟ,07:32,07:38,08:29,51,1. เพชราวุธ โพชราช,รถ : โพนสวรรค์-02,FUSE LINK 22 KV. 15 A.EEI-NEMA TYPE K,1,,2026-03-12
745,12 มี.ค. 2569,11:40,12:19,38,กฟส.ศรีสงคราม (XS),SSK02VF-009,220,อากาศปกติ,บุคคลภายนอก-คนตัดต้นไม้,ศจฟ,11:40,11:42,12:50,68,1. ปัญจพงษ์ เศรษฐาไชย,รถ : ศรีสงคราม 03,FUSE LINK 22 KV. 20 A.EEI-NEMA TYPE K,3,,2026-03-12
746,12 มี.ค. 2569,14:18,14:51,33,กฟส.ศรีสงคราม (XS),45-019542,84,อากาศปกติ,สัตว์-งู,ศจฟ,14:18,14:20,15:14,54,1. ปัญจพงษ์ เศรษฐาไชย,รถ : ศรีสงคราม 03,FUSE LINK 22 KV. 3 A.EEI-NEMA TYPE K,1,,2026-03-12
747,12 มี.ค. 2569,20:58,22:00,61,กฟส.ธาตุพนม (S),THA06F-12/1,1757,อากาศปกติ,ต้นไม้-กิ่งไม้หักพาดสาย,ศจฟ,20:58,21:06,22:07,61,1. นรากร แสนโสม,รถ : กระเช้าธาตุพนม,FUSE LINK 22 KV. 30 A.EEI-NEMA TYPE K,3,,2026-03-12
748,12 มี.ค. 2569,21:03,21:25,22,กฟส.นาแก (S),SOA08VF-510,161,ลมแรง,ต้นไม้-กิ่งไม้หักพาดสาย,ศจฟ,21:03,21:04,21:35,31,1. บัญชา ปู่บุตรชา,รถ : นก-03,FUSE LINK 22 KV. 10 A.EEI-NEMA TYPE K,2,,2026-03-12
749,12 มี.ค. 2569,23:44,23:56,12,กฟส.นาแก (S),THA04VF-225-1,167,ลมแรง,ต้นไม้-กิ่งไม้หักพาดสาย,ศจฟ,23:44,23:46,00:29,43,1. บัญชา ปู่บุตรชา,รถ : นก-03,FUSE LINK 22 KV. 15 A.EEI-NEMA TYPE K,3,,2026-03-12
750,13 มี.ค. 2569,00:37,02:01,84,กฟส.โพนสวรรค์ (XS),SSK09F-08,293,ลมแรง,อุปกรณ์-ชำรุด,ศจฟ,00:37,00:35,02:50,135,1. รวิชญ์ พรมน้อย,รถ : โพนสวรรค์-03,FUSE LINK 22 KV. 25 A.EEI-NEMA TYPE K,2,,2026-03-13
751,13 มี.ค. 2569,08:30,08:35,5,กฟจ.นครพนม (L),NNA01F-38-1,919,อากาศชื้น / หมอก,อุปกรณ์-ชำรุด,ศจฟ,08:30,06:00,08:00,120,1. รวิชญ์ พรมน้อย,รถ : โพนสวรรค์-03,FUSE LINK 22 KV. 25 A.EEI-NEMA TYPE K,2,,2026-03-13
752,13 มี.ค. 2569,08:39,09:35,56,กฟส.ธาตุพนม (S),THA06F-29,269,ลมแรง,ต้นไม้-ลมพัดต้นไม้มาแตะสาย,ศจฟ,08:39,08:41,09:48,67,1. นรากร แสนโสม,รถ : กระเช้าธาตุพนม,FUSE LINK 22 KV. 10 A.EEI-NEMA TYPE K,2,,2026-03-13
753,13 มี.ค. 2569,11:42,12:50,67,กฟส.ศรีสงคราม (XS),65-004387,78,อากาศปกติ,สภาพสิ่งแวดล้อม-ความชื้น,ศจฟ,11:42,11:44,13:31,107,1. ปัญจพงษ์ เศรษฐาไชย,รถ : ศรีสงคราม 02,"CABLE,AL,750 V,50 SQ.MM. TIS.293",5,,2026-03-13
754,13 มี.ค. 2569,12:04,12:06,2,กฟส.นาหว้า (XS),67-031886,285,อากาศปกติ,สภาพสิ่งแวดล้อม-ความชื้น,ศจฟ,12:04,11:45,12:11,26,1. อัมรินทร์ วะราวัง,รถ : นาหว้า 02,"CABLE LUG,NEMA 2-HOLE,AL 50 SQ.MM.",3,,2026-03-13
755,13 มี.ค. 2569,12:46,13:20,33,กฟส.ธาตุพนม (S),60-033213,169,ลมแรง,ต้นไม้-กิ่งไม้หักพาดสาย,ศจฟ,12:46,12:48,13:25,37,1. นรากร แสนโสม,รถ : กระเช้าธาตุพนม,"CABLE,AL,750 V,50 SQ.MM. TIS.293",3,,2026-03-13
756,13 มี.ค. 2569,16:28,17:39,70,กฟส.บ้านแพง (S),54-009315,135,อากาศปกติ,อุปกรณ์-ชำรุด,ศจฟ,16:28,14:31,17:40,189,1. จตุรภุช สะท้านอิทธิฤทธิ์,รถ : กระเช้าบ้านแพง,"DROPOUT,FUSE,22 KV.100 A.12 KA",1,,2026-03-13
757,13 มี.ค. 2569,17:50,18:25,35,กฟส.ท่าอุเทน (XS),BFA09VF-200,256,ลมแรง,อุปกรณ์-ชำรุด,ศจฟ,17:50,17:58,18:34,36,1. อนุสรณ์ ทองประสม,รถ : รถแก้ไฟท่าอุเทน,FUSE LINK 22 KV. 25 A.EEI-NEMA TYPE K,1,,2026-03-13
758,14 มี.ค. 2569,07:45,08:12,27,กฟส.ท่าอุเทน (XS),51-000781,28,อากาศชื้น / หมอก,อุปกรณ์-ชำรุด,ศจฟ,07:45,07:49,08:22,33,1. อนุสรณ์ ทองประสม,รถ : รถแก้ไฟท่าอุเทน,"CABLE,AL,750 V,50 SQ.MM. TIS.293",1,,2026-03-14
759,14 มี.ค. 2569,09:57,11:00,63,กฟส.โพนสวรรค์ (XS),6100597720,1,อากาศปกติ,อุปกรณ์-ติดตั้งไม่ได้มาตรฐาน,ศจฟ,09:57,09:59,11:25,86,1. วรัญญู สังรวมใจ,รถ : โพนสวรรค์-03,"CABLE,CU,PVC,INS.&JAC. 600V, 2X10 SQ.MM.",7,,2026-03-14
760,14 มี.ค. 2569,10:05,11:40,94,กฟส.ท่าอุเทน (XS),NNA01VF-230,470,อากาศชื้น / หมอก,อุปกรณ์-ติดตั้งไม่ได้มาตรฐาน,ศจฟ,10:05,10:07,11:52,105,1. อนุสรณ์ ทองประสม,รถ : รถแก้ไฟท่าอุเทน,FUSE LINK 22 KV. 25 A.EEI-NEMA TYPE K,1,,2026-03-14
761,14 มี.ค. 2569,10:18,11:53,94,กฟส.ท่าอุเทน (XS),SSK02VF-232,36,อากาศชื้น / หมอก,อุปกรณ์-ติดตั้งไม่ได้มาตรฐาน,ศจฟ,10:18,10:20,12:26,126,1. อนุสรณ์ ทองประสม,รถ : รถแก้ไฟท่าอุเทน,FUSE LINK 22 KV. 8 A.EEI-NEMA TYPE K,1,,2026-03-14
762,14 มี.ค. 2569,11:30,12:54,84,กฟส.นาแก (S),59-013015,3,อากาศปกติ,อุปกรณ์-ติดตั้งไม่ได้มาตรฐาน,ศจฟ,11:30,11:32,13:03,91,1. พิษณุ คำคนซื่อ,รถ : นก-03,FUSE LINK 22 KV. 3 A.EEI-NEMA TYPE K,3,,2026-03-14
763,15 มี.ค. 2569,07:12,07:18,6,กฟส.โพนสวรรค์ (XS),NPN07F-20,39,อากาศชื้น / หมอก,อุปกรณ์-ติดตั้งไม่ได้มาตรฐาน,ศจฟ,07:12,00:10,01:20,70,1. ทรงกลด มาศศรี,รถ : โพนสวรรค์-03,FUSE LINK 22 KV. 10 A.EEI-NEMA TYPE K,2,,2026-03-15
764,15 มี.ค. 2569,07:13,07:33,20,กฟส.ท่าอุเทน (XS),23449491,1,อากาศชื้น / หมอก,อุปกรณ์-ติดตั้งไม่ได้มาตรฐาน,ศจฟ,07:12,07:14,08:04,50,1. อนุสรณ์ ทองประสม,รถ : รถแก้ไฟท่าอุเทน,,,,2026-03-15
765,15 มี.ค. 2569,07:13,07:23,10,กฟส.โพนสวรรค์ (XS),6000836270,1,อากาศปกติ,อุปกรณ์-ชำรุด,ศจฟ,07:13,05:50,07:00,70,1. ทรงกลด มาศศรี,รถ : โพนสวรรค์-03,"CABLE,CU,PVC,INS.&JAC. 600V, 2X10 SQ.MM.",7,,2026-03-15
766,15 มี.ค. 2569,07:42,08:26,44,กฟส.โพนสวรรค์ (XS),SSK07F-04,36,อากาศปกติ,สัตว์-นก/ค้างคาว,ศจฟ,07:42,07:00,08:30,90,1. ทรงกลด มาศศรี,รถ : โพนสวรรค์-03,FUSE LINK 22 KV. 10 A.EEI-NEMA TYPE K,2,,2026-03-15
767,15 มี.ค. 2569,11:00,09:55,0,กฟจ.นครพนม (L),NNA04F-28,1145,อากาศปกติ,สัตว์-นก/ค้างคาว,ศจฟ,11:00,09:00,10:15,75,1. ทศวรรษ มังคละคีรี  | 2. ปรีชา เพ็งคำ  | 3. ภานุวัฒน์ สิงห์ทองไชย,รถ : 3ฒภ 2576 กทม (นพ 01),FUSE LINK 22 KV. 15 A.EEI-NEMA TYPE K,2,,2026-03-15
768,15 มี.ค. 2569,11:50,14:04,134,กฟจ.นครพนม (L),NNB02VF-033,119,อากาศปกติ,สัตว์-นก/ค้างคาว,ศจฟ,11:50,13:38,14:33,55,1. ทศวรรษ มังคละคีรี  | 2. ปรีชา เพ็งคำ  | 3. ภานุวัฒน์ สิงห์ทองไชย,รถ : 3ฒภ 2576 กทม (นพ 01),FUSE LINK 22 KV. 10 A.EEI-NEMA TYPE K,1,,2026-03-15
769,15 มี.ค. 2569,16:55,18:30,94,กฟจ.นครพนม (L),59-113872,1,อากาศปกติ,อุปกรณ์-ชำรุด,ศจฟ,16:55,16:57,19:00,123,1. ชัยยา มาตขาว  | 2. ธราดล โทพล  | 3. ปิยะวัฒน์ พรพนม  | 4. พงศ์อิสรา ภักดี  | 5. พิพัฒน์ พิมพ์ศรี  | 6. วิเชียร สุวอ  | 7. วีระยุทธ อภิรมยานนท์  | 8. หิรัญ พลไกรสร,รถ : รถกระเช้า (04),"DROPOUT,FUSE,22 KV.100 A.12 KA",2,,2026-03-15
770,15 มี.ค. 2569,17:43,17:45,2,กฟส.นาแก (S),54-013347,3,อากาศปกติ,อุปกรณ์-ชำรุด,ศจฟ,17:43,16:40,17:49,69,1. อนาวิน อาจหาญ,รถ : นก-03,"H.R.C. FUSE, BLADE CONTACT, 100 A",1,,2026-03-15
771,15 มี.ค. 2569,18:10,18:47,36,กฟส.นาทม (XS),SEK03F-50,11,ลมแรง,วัสดุแปลกปลอม-เศษกิ่งไม้ใบไม้/ฟาง/ทางมะพร้าวปลิวมาแตะ,ศจฟ,18:10,18:12,18:51,39,1. นราธร อินทรายุทธ,รถ : นาทม 02,FUSE LINK 22 KV. 8 A.EEI-NEMA TYPE K,2,,2026-03-15
772,15 มี.ค. 2569,18:34,18:35,1,กฟส.ท่าอุเทน (XS),41-001787,186,อากาศปกติ,อุปกรณ์-ชำรุด,ศจฟ,18:34,16:30,18:38,128,1. วีระพงษ์ วงตรี,รถ : -,"H.R.C. FUSE, BLADE CONTACT, 100 A",1,,2026-03-15
773,15 มี.ค. 2569,18:53,19:11,18,กฟจ.นครพนม (L),20922548,1,อากาศปกติ,อุปกรณ์-ชำรุด,ศจฟ,18:53,18:30,19:13,43,1. ชัยยา มาตขาว  | 2. พิพัฒน์ พิมพ์ศรี  | 3. วิเชียร สุวอ  | 4. หิรัญ พลไกรสร,รถ : 3ฒภ 2576 กทม (นพ 01),"CONN.,PG,DOUBLE BOLT,AL 25-95 SQ.MM.",2,,2026-03-15
774,15 มี.ค. 2569,19:02,19:04,2,กฟส.ท่าอุเทน (XS),SSK02VF-265,120,อากาศปกติ,ต้นไม้-กิ่งไม้หักพาดสาย,ศจฟ,19:02,18:40,19:05,25,1. วีระพงษ์ วงตรี,รถ : -,FUSE LINK 22 KV. 15 A.EEI-NEMA TYPE K,1,,2026-03-15
775,15 มี.ค. 2569,19:48,19:30,0,กฟจ.นครพนม (L),NNB02VF-040,303,อากาศปกติ,ต้นไม้-กิ่งไม้หักพาดสาย,ศจฟ,19:48,19:10,20:00,50,1. ชัยยา มาตขาว  | 2. พิพัฒน์ พิมพ์ศรี  | 3. วิเชียร สุวอ  | 4. หิรัญ พลไกรสร,รถ : 81-1269 นพ (นพ 03),FUSE LINK 22 KV. 25 A.EEI-NEMA TYPE K,1,,2026-03-15
776,15 มี.ค. 2569,20:41,21:27,45,กฟจ.นครพนม (L),NNA02F-123,17,อากาศปกติ,สัตว์-นก/ค้างคาว,ศจฟ,20:41,20:43,21:28,45,1. ชัยยา มาตขาว  | 2. พิพัฒน์ พิมพ์ศรี  | 3. วิเชียร สุวอ  | 4. หิรัญ พลไกรสร,รถ : 3ฒภ 2576 กทม (นพ 01),FUSE LINK 22 KV. 15 A.EEI-NEMA TYPE K,2,,2026-03-15
777,15 มี.ค. 2569,20:42,21:00,18,กฟจ.นครพนม (L),5801432685,1,อากาศปกติ,สัตว์-นก/ค้างคาว,ศจฟ,20:42,20:44,22:00,76,1. ชัยยา มาตขาว  | 2. พิพัฒน์ พิมพ์ศรี  | 3. วิเชียร สุวอ  | 4. หิรัญ พลไกรสร,รถ : 81-1269 นพ (นพ 03),FUSE LINK 22 KV. 25 A.EEI-NEMA TYPE K,1,,2026-03-15
778,16 มี.ค. 2569,07:01,07:35,33,กฟส.โพนสวรรค์ (XS),SSK07F-05,334,อากาศปกติ,สัตว์-นก/ค้างคาว,ศจฟ,07:01,06:03,07:29,86,1. เพชราวุธ โพชราช,รถ : โพนสวรรค์-03,FUSE LINK 22 KV. 25 A.EEI-NEMA TYPE K,2,,2026-03-16
779,16 มี.ค. 2569,11:00,11:52,51,กฟส.ท่าอุเทน (XS),SSK02VF-265,120,อากาศชื้น / หมอก,สัตว์-นก/ค้างคาว,ศจฟ,11:00,11:11,11:59,48,1. อนุสรณ์ ทองประสม,รถ : รถแก้ไฟท่าอุเทน,FUSE LINK 22 KV. 15 A.EEI-NEMA TYPE K,1,,2026-03-16
780,16 มี.ค. 2569,11:46,12:02,15,กฟส.นาหว้า (XS),SSK04VF-130,2,อากาศชื้น / หมอก,สัตว์-นก/ค้างคาว,ศจฟ,11:46,11:48,12:06,18,1. อัมรินทร์ วะราวัง,รถ : นาหว้า 02,"COND.,ACSR 50/8 SQ.MM.TIS.86",3,,2026-03-16
781,16 มี.ค. 2569,11:51,11:25,0,กฟส.โพนสวรรค์ (XS),30028980,1,อากาศปกติ,อุปกรณ์-ชำรุด,ศจฟ,11:51,10:00,11:10,70,1. สุทธิเกียรติ บุญรังษี,รถ : โพนสวรรค์-03,"CABLE,CU,PVC,INS.&JAC. 600V, 2X10 SQ.MM.",7,,2026-03-16
782,16 มี.ค. 2569,12:00,09:07,1267,กฟจ.นครพนม (L),NNA06F-07/1,1,อากาศปกติ,อุปกรณ์-ชำรุด,ศจฟ,12:00,12:37,09:10,1233,1. กิติศักดิ์ หาราช  | 2. ประจล ศรีสุราช  | 3. เกริกฤทธิ์ จันทรโพธิ์ศรี,รถ : 3ฒภ 2576 กทม (นพ 01),FUSE LINK 22 KV. 25 A.EEI-NEMA TYPE K,2,,2026-03-16
783,16 มี.ค. 2569,14:00,13:30,0,กฟส.โพนสวรรค์ (XS),5901348594,1,อากาศปกติ,อุปกรณ์-ชำรุด,ศจฟ,14:00,12:30,14:05,95,1. สุทธิเกียรติ บุญรังษี,รถ : โพนสวรรค์-03,"CABLE,CU,PVC,INS.&JAC. 600V, 2X10 SQ.MM.",7,,2026-03-16
784,16 มี.ค. 2569,16:10,16:49,38,กฟส.ธาตุพนม (S),THA04VB-01,15516,อากาศปกติ,อุปกรณ์-ชำรุด,ศจฟ,16:10,16:35,16:56,21,1. เกรียงศักดิ์ สุพรรณคุ้ม,รถ : กระเช้าธาตุพนม,,,,2026-03-16
785,16 มี.ค. 2569,17:38,18:00,22,กฟส.นาหว้า (XS),SSK06F-12,786,อากาศปกติ,ต้นไม้-กิ่งไม้หักพาดสาย,ศจฟ,17:38,17:40,18:20,40,1. สุรธรรม แพงเหนือ,รถ : นาหว้า 02,FUSE LINK 22 KV. 30 A.EEI-NEMA TYPE K,1,,2026-03-16
786,17 มี.ค. 2569,10:12,11:00,47,กฟส.ธาตุพนม (S),49-004814,180,อากาศปกติ,ต้นไม้-กิ่งไม้หักพาดสาย,ศจฟ,10:12,10:15,11:11,56,1. นรากร แสนโสม,รถ : กระเช้าธาตุพนม,"H.R.C. FUSE, BLADE CONTACT, 160 A",2,,2026-03-17
787,17 มี.ค. 2569,11:01,10:06,0,กฟส.โพนสวรรค์ (XS),6300448945,1,อากาศปกติ,อุปกรณ์-ชำรุด,ศจฟ,11:01,09:30,11:00,90,1. สุทธิเกียรติ บุญรังษี,รถ : โพนสวรรค์-03,"CABLE,CU,PVC,INS.&JAC. 600V, 2X10 SQ.MM.",7,,2026-03-17
788,17 มี.ค. 2569,12:29,12:41,12,กฟส.ศรีสงคราม (XS),SSK08VF-003,222,อากาศปกติ,สัตว์-นก/ค้างคาว,ศจฟ,12:29,12:31,12:51,20,1. ปัญจพงษ์ เศรษฐาไชย,รถ : ศรีสงคราม 02,FUSE LINK 22 KV. 25 A.EEI-NEMA TYPE K,2,,2026-03-17
789,17 มี.ค. 2569,13:30,14:16,45,กฟจ.นครพนม (L),38-019364,192,อากาศปกติ,สัตว์-นก/ค้างคาว,ศจฟ,13:30,13:32,15:30,118,1. ชัยยา มาตขาว  | 2. ธำรงรัตน์ สระแก้ว  | 3. สุรวุฒิ สุขแสงดาว,รถ : 3ฒภ 2576 กทม (นพ 01),FUSE LINK 22 KV. 20 A.EEI-NEMA TYPE K,2,,2026-03-17
790,17 มี.ค. 2569,13:32,14:30,58,กฟส.ธาตุพนม (S),THA05F-14,1,อากาศปกติ,สัตว์-นก/ค้างคาว,ศจฟ,13:32,13:37,14:38,61,1. นรากร แสนโสม,รถ : กระเช้าธาตุพนม,"HOTLINE CLAMP,MAIN35-185,TAP50-185SQ.MM.",2,,2026-03-17
791,17 มี.ค. 2569,14:04,14:11,7,กฟส.บ้านแพง (S),60-012522,34,อากาศปกติ,สัตว์-นก/ค้างคาว,ศจฟ,14:04,14:05,14:12,7,1. รชานนท์ โมธรรม,รถ : กระเช้าบ้านแพง,FUSE LINK 22 KV. 25 A.EEI-NEMA TYPE K,2,,2026-03-17
792,17 มี.ค. 2569,14:32,13:20,0,กฟส.โพนสวรรค์ (XS),6100502836,1,อากาศปกติ,อุปกรณ์-ชำรุด,ศจฟ,14:32,13:30,14:30,60,1. สุทธิเกียรติ บุญรังษี,รถ : โพนสวรรค์-03,"CABLE,CU,PVC,INS.&JAC. 600V, 2X10 SQ.MM.",7,,2026-03-17
793,17 มี.ค. 2569,14:54,15:14,20,กฟส.บ้านแพง (S),6000833161,1,อากาศปกติ,อุปกรณ์-ชำรุด,ศจฟ,14:54,14:14,15:15,61,1. รชานนท์ โมธรรม,รถ : กระเช้าบ้านแพง,"CONN.,PG,DOUBLE BOLT,AL 16-70 SQ.MM.",2,,2026-03-17
794,17 มี.ค. 2569,16:08,16:35,27,กฟส.ศรีสงคราม (XS),SSK01VF-026,39,อากาศปกติ,สัตว์-งู,ศจฟ,16:08,16:11,16:58,47,1. ปัญจพงษ์ เศรษฐาไชย,รถ : ศรีสงคราม 02,FUSE HOLDER 22 KV. 100 A. 12 KA.,1,,2026-03-17
795,17 มี.ค. 2569,22:00,22:38,38,กฟส.นาทม (XS),60-007935,54,อากาศปกติ,ยานพาหนะ-รถบรรทุก,ศจฟ,22:00,22:34,22:41,7,1. นราธร อินทรายุทธ,รถ : นาทม 02,"CABLE,AL,750 V,50 SQ.MM. TIS.293",10,,2026-03-17
796,17 มี.ค. 2569,22:30,23:10,40,กฟส.นาแก (S),THA03VF-233-4,94,อากาศปกติ,สัตว์-งู,ศจฟ,22:30,22:35,23:16,41,1. บัญชา ปู่บุตรชา,รถ : นก-03,FUSE LINK 22 KV. 10 A.EEI-NEMA TYPE K,2,,2026-03-17
797,18 มี.ค. 2569,00:44,02:20,96,กฟส.ศรีสงคราม (XS),SSK01VF-028,231,อากาศปกติ,สัตว์-งู,ศจฟ,00:44,00:46,01:50,64,1. วุฒิชัย เหมเมือง,รถ : ศรีสงคราม 02,FUSE LINK 22 KV. 25 A.EEI-NEMA TYPE K,2,,2026-03-18
798,18 มี.ค. 2569,09:52,10:26,33,กฟจ.นครพนม (L),51-007559,92,อากาศปกติ,สภาพสิ่งแวดล้อม-สภาพสิ่งแวดล้อมอื่นๆ,ศจฟ,09:52,09:55,10:28,33,1. ถวิล เมษาคุณ  | 2. ปรีชา เพ็งคำ  | 3. หฤษฎ์ ถูระวัน,รถ : 3ฒภ 2576 กทม (นพ 01),"H.R.C. FUSE, BLADE CONTACT, 80 A",2,,2026-03-18
799,18 มี.ค. 2569,10:32,10:54,22,กฟจ.นครพนม (L),NNB02VF-033,119,อากาศปกติ,สัตว์-งู,ศจฟ,10:32,10:35,10:57,22,1. ถวิล เมษาคุณ  | 2. ปรีชา เพ็งคำ  | 3. หฤษฎ์ ถูระวัน,รถ : 3ฒภ 2576 กทม (นพ 01),FUSE LINK 22 KV. 10 A.EEI-NEMA TYPE K,2,,2026-03-18
800,18 มี.ค. 2569,10:49,11:18,29,กฟส.ท่าอุเทน (XS),SSK02VF-201,626,อากาศชื้น / หมอก,สัตว์-งู,ศจฟ,10:49,10:56,11:54,58,1. อนุสรณ์ ทองประสม,รถ : รถแก้ไฟท่าอุเทน,FUSE LINK 22 KV. 40 A.EEI-NEMA TYPE K,3,,2026-03-18
801,18 มี.ค. 2569,10:53,11:25,31,กฟส.ธาตุพนม (S),THA02VF-012,206,อากาศปกติ,ต้นไม้-กิ่งไม้หักพาดสาย,ศจฟ,10:53,10:56,11:31,35,1. นรากร แสนโสม,รถ : กระเช้าธาตุพนม,FUSE LINK 22 KV. 10 A.EEI-NEMA TYPE K,3,,2026-03-18
802,18 มี.ค. 2569,10:58,11:23,24,กฟจ.นครพนม (L),NNB01VF-039,79,ลมแรง,ต้นไม้-กิ่งไม้หักพาดสาย,ศจฟ,10:58,11:00,11:26,26,1. ถวิล เมษาคุณ  | 2. ปรีชา เพ็งคำ  | 3. หฤษฎ์ ถูระวัน,รถ : 3ฒภ 2576 กทม (นพ 01),FUSE LINK 22 KV. 10 A.EEI-NEMA TYPE K,2,,2026-03-18
803,18 มี.ค. 2569,11:26,11:49,22,กฟจ.นครพนม (L),38-018751,37,อากาศปกติ,สัตว์-แมว,ศจฟ,11:26,11:29,11:54,25,1. ถวิล เมษาคุณ  | 2. ปรีชา เพ็งคำ  | 3. หฤษฎ์ ถูระวัน,รถ : 3ฒภ 2576 กทม (นพ 01),FUSE LINK 22 KV. 10 A.EEI-NEMA TYPE K,3,,2026-03-18
804,18 มี.ค. 2569,11:38,12:19,40,กฟส.ศรีสงคราม (XS),SSK08VF-032,16,อากาศปกติ,สัตว์-กระรอก/กระแต/หนู,ศจฟ,11:38,11:41,12:32,51,1. ปัญจพงษ์ เศรษฐาไชย,รถ : ศรีสงคราม 01,FUSE LINK 22 KV. 8 A.EEI-NEMA TYPE K,1,,2026-03-18
805,18 มี.ค. 2569,13:52,14:05,13,กฟส.นาหว้า (XS),40-003917,442,อากาศปกติ,สัตว์-กระรอก/กระแต/หนู,ศจฟ,13:52,13:56,14:07,12,1. อัมรินทร์ วะราวัง,รถ : นาหว้า 02,FUSE LINK 22 KV. 8 A.EEI-NEMA TYPE K,3,,2026-03-18
806,18 มี.ค. 2569,15:03,15:30,27,กฟส.ศรีสงคราม (XS),SSK02VF-020,739,อากาศปกติ,สัตว์-นก/ค้างคาว,ศจฟ,15:03,15:06,15:39,34,1. ปัญจพงษ์ เศรษฐาไชย  | 2. เชาวลิต หัสรินทร์,รถ : ศรีสงคราม 02,FUSE LINK 22 KV. 15 A.EEI-NEMA TYPE K,2,,2026-03-18
807,18 มี.ค. 2569,18:10,18:47,36,กฟส.นาทม (XS),36-014972,285,อากาศปกติ,สัตว์-ตุ๊กแก/ตะกวด/กิ้งก่า/ตัวเงินตัวทอง,ศจฟ,18:10,18:19,18:51,32,1. นราธร อินทรายุทธ,รถ : นาทม 02,FUSE LINK 22 KV. 5-6 A.EEI-NEMA TYPE K,1,,2026-03-18
808,18 มี.ค. 2569,18:10,20:05,115,กฟส.ธาตุพนม (S),67-031881,211,อากาศปกติ,สัตว์-ตุ๊กแก/ตะกวด/กิ้งก่า/ตัวเงินตัวทอง,ศจฟ,18:10,18:18,20:13,115,1. นรากร แสนโสม,รถ : กระเช้าธาตุพนม,"CABLE,AL,750 V,50 SQ.MM. TIS.293",4,,2026-03-18
809,18 มี.ค. 2569,18:20,18:28,8,กฟส.ปลาปาก (XS),47-000821,11,อากาศปกติ,สัตว์-ตุ๊กแก/ตะกวด/กิ้งก่า/ตัวเงินตัวทอง,ศจฟ,18:20,18:22,18:37,15,1. สุธรรม จันทะผา,รถ : รถแก้ไฟปลาปาก 01,"H.R.C. FUSE, BLADE CONTACT, 80 A",1,,2026-03-18
810,18 มี.ค. 2569,18:30,19:24,54,กฟส.นาแก (S),THA03VF-242-1,86,อากาศปกติ,สัตว์-ตุ๊กแก/ตะกวด/กิ้งก่า/ตัวเงินตัวทอง,ศจฟ,18:30,18:47,19:25,38,1. วรพันธุ์ ตันสมรส,รถ : นก-03,FUSE LINK 22 KV. 10 A.EEI-NEMA TYPE K,2,,2026-03-18
811,18 มี.ค. 2569,19:34,19:42,8,กฟส.นาแก (S),58-018663,293,อากาศปกติ,อุปกรณ์-ชำรุด,ศจฟ,19:34,19:38,19:44,6,1. วรพันธุ์ ตันสมรส,รถ : นก-03,"CABLE,AL,750 V,50 SQ.MM. TIS.293",2,,2026-03-18
812,18 มี.ค. 2569,20:20,21:23,63,กฟส.โพนสวรรค์ (XS),28987773,1,อากาศปกติ,อุปกรณ์-ชำรุด,ศจฟ,20:20,20:37,22:15,99,1. ทรงกลด มาศศรี,รถ : โพนสวรรค์-03,"CABLE,CU,PVC,INS.&JAC. 600V, 2X10 SQ.MM.",7,,2026-03-18
813,18 มี.ค. 2569,22:00,01:29,209,กฟจ.นครพนม (L),68-014332,476,อากาศปกติ,อุปกรณ์-ชำรุด,ศจฟ,22:00,22:30,23:17,47,1. ทศวรรษ มังคละคีรี  | 2. สุรวุฒิ สุขแสงดาว,รถ : 3ฒภ 2576 กทม (นพ 01),"CABLE,AL,750 V,50 SQ.MM. TIS.293",5,,2026-03-18
814,19 มี.ค. 2569,07:00,07:47,47,กฟส.ศรีสงคราม (XS),SSK08VF-049,47,อากาศปกติ,อุปกรณ์-ชำรุด,ศจฟ,07:00,07:00,08:22,82,1. ปัญจพงษ์ เศรษฐาไชย,รถ : ศรีสงคราม 02,FUSE LINK 22 KV. 15 A.EEI-NEMA TYPE K,2,,2026-03-19
815,19 มี.ค. 2569,07:00,08:30,90,กฟส.โพนสวรรค์ (XS),61-004032,20,อากาศปกติ,อุปกรณ์-ชำรุด,ศจฟ,07:00,06:30,08:30,120,1. ทรงกลด มาศศรี,รถ : โพนสวรรค์-03,"CABLE,AL,750 V,50 SQ.MM. TIS.293",10,,2026-03-19
816,19 มี.ค. 2569,07:50,08:20,29,กฟส.ธาตุพนม (S),THA07VF-007,825,อากาศปกติ,อุปกรณ์-ชำรุด,ศจฟ,07:50,07:57,08:39,42,1. นรากร แสนโสม  | 2. นฤสรธ์ น้อยนารถ,รถ : กระเช้าธาตุพนม,FUSE LINK 22 KV. 15 A.EEI-NEMA TYPE K,2,,2026-03-19
817,19 มี.ค. 2569,08:00,08:28,27,กฟส.นาหว้า (XS),SSK04VF-115,140,อากาศปกติ,อุปกรณ์-ชำรุด,ศจฟ,08:00,08:07,08:29,22,1. อัมรินทร์ วะราวัง,รถ : นาหว้า 02,FUSE LINK 22 KV. 15 A.EEI-NEMA TYPE K,3,,2026-03-19
818,19 มี.ค. 2569,12:30,14:38,128,กฟจ.นครพนม (L),NNA02VF-008,344,อากาศปกติ,สัตว์-กระรอก/กระแต/หนู,ศจฟ,12:30,12:42,14:39,117,1. ปรีชา เพ็งคำ  | 2. พิพัฒน์ พิมพ์ศรี  | 3. ภานุวัฒน์ สิงห์ทองไชย,รถ : 3ฒภ 2576 กทม (นพ 01),FUSE LINK 22 KV. 40 A.EEI-NEMA TYPE K,2,,2026-03-19
819,19 มี.ค. 2569,13:41,13:57,15,กฟส.นาแก (S),44-000926,37,อากาศปกติ,สัตว์-กระรอก/กระแต/หนู,ศจฟ,13:41,13:43,13:59,16,1. วรพันธุ์ ตันสมรส,รถ : นก-03,"CABLE,AL,750 V,50 SQ.MM. TIS.293",3,,2026-03-19
820,19 มี.ค. 2569,18:44,18:40,0,กฟจ.นครพนม (L),59-008152,9,อากาศปกติ,สัตว์-กระรอก/กระแต/หนู,ศจฟ,18:44,17:40,19:30,110,1. นลธวัช ศรีหาเศษ  | 2. ศักดิ์อนันต์ แสนเมือง,รถ : 3ฒภ 2576 กทม (นพ 01),"CABLE,AL,750 V,50 SQ.MM. TIS.293",5,,2026-03-19
821,19 มี.ค. 2569,21:23,21:30,7,กฟจ.นครพนม (L),NNA07F-40,398,อากาศปกติ,สัตว์-กระรอก/กระแต/หนู,ศจฟ,21:23,20:50,22:00,70,1. นลธวัช ศรีหาเศษ  | 2. ศักดิ์อนันต์ แสนเมือง,รถ : 3ฒภ 2576 กทม (นพ 01),FUSE LINK 22 KV. 25 A.EEI-NEMA TYPE K,2,,2026-03-19
822,19 มี.ค. 2569,21:27,21:43,15,กฟส.นาแก (S),THA04VF-221-5,576,ลมแรง,อุปกรณ์-ชำรุด,ศจฟ,21:27,21:28,21:46,18,1. ศักดินันต์ ศรีพุทโธ,รถ : นก-03,FUSE LINK 22 KV. 15 A.EEI-NEMA TYPE K,1,,2026-03-19
823,20 มี.ค. 2569,07:08,08:36,88,กฟส.โพนสวรรค์ (XS),SSK07F-01,383,อากาศปกติ,สัตว์-งู,ศจฟ,07:08,07:00,08:30,90,1. ทรงกลด มาศศรี,รถ : โพนสวรรค์-03,FUSE LINK 22 KV. 30 A.EEI-NEMA TYPE K,2,,2026-03-20
824,20 มี.ค. 2569,07:41,08:00,18,กฟส.ธาตุพนม (S),THA02VF-06,60,อากาศปกติ,สัตว์-งู,ศจฟ,07:41,07:42,08:00,18,1. ปริเยศ หาญพงศ์ศรี,รถ : กระเช้าธาตุพนม,FUSE LINK 22 KV. 25 A.EEI-NEMA TYPE K,1,,2026-03-20
825,20 มี.ค. 2569,08:56,09:11,15,กฟส.ปลาปาก (XS),66-004581,116,อากาศปกติ,สัตว์-งู,ศจฟ,08:56,08:59,09:14,15,1. สุธรรม จันทะผา,รถ : รถแก้ไฟปลาปาก 01,"H.R.C. FUSE, BLADE CONTACT, 160 A",1,,2026-03-20
826,20 มี.ค. 2569,09:57,10:33,36,กฟส.ศรีสงคราม (XS),SSK01VF-032,1,อากาศปกติ,สัตว์-งู,ศจฟ,09:57,09:59,10:56,57,1. ปัญจพงษ์ เศรษฐาไชย,รถ : ศรีสงคราม 02,FUSE HOLDER 22 KV. 100 A. 12 KA.,1,,2026-03-20
827,20 มี.ค. 2569,10:16,11:30,73,กฟส.ท่าอุเทน (XS),NNA01VF-070,1,อากาศปกติ,สัตว์-งู,ศจฟ,10:16,10:26,12:00,94,1. เกรียงไกร ลาหมัน,รถ : 81-1269 นพ (นพ 03),FUSE LINK 22 KV. 8 A.EEI-NEMA TYPE K,2,,2026-03-20
828,20 มี.ค. 2569,10:39,11:25,45,กฟส.ธาตุพนม (S),59-026166,116,อากาศปกติ,สัตว์-งู,ศจฟ,10:39,10:40,11:33,53,1. ศรายุทธ์ ญาติสมบูรณ์,รถ : กระเช้าธาตุพนม,"CABLE,AL,750 V,50 SQ.MM. TIS.293",4,,2026-03-20
829,20 มี.ค. 2569,11:21,11:27,6,กฟส.บ้านแพง (S),58-011889,109,อากาศปกติ,สัตว์-งู,ศจฟ,11:21,11:25,11:30,5,1. รชานนท์ โมธรรม,รถ : กระเช้าบ้านแพง,FUSE LINK 22 KV. 3 A.EEI-NEMA TYPE K,2,,2026-03-20
830,20 มี.ค. 2569,11:36,12:03,27,กฟส.นาแก (S),THA04VF-204-4,257,อากาศปกติ,ต้นไม้-กิ่งไม้หักพาดสาย,ศจฟ,11:36,11:00,12:05,65,1. อนาวิน อาจหาญ,รถ : นก-03,FUSE LINK 22 KV. 15 A.EEI-NEMA TYPE K,3,,2026-03-20
831,20 มี.ค. 2569,14:20,15:08,47,กฟส.นาทม (XS),SEK03F-87,445,อากาศปกติ,ต้นไม้-กิ่งไม้หักพาดสาย,ศจฟ,14:20,14:21,15:08,47,1. วราวุธ นาขมิ้น,รถ : นาทม 02,FUSE LINK 22 KV. 25 A.EEI-NEMA TYPE K,2,,2026-03-20
832,20 มี.ค. 2569,15:36,15:41,5,กฟส.นาแก (S),THA04VF-204-4,257,ฝนตก ลมแรง,ภัยธรรมชาติ-พายุโซนร้อน/ใต้ฝุ่น,ศจฟ,15:36,15:37,15:43,6,1. อนาวิน อาจหาญ,รถ : นก-03,FUSE LINK 22 KV. 10 A.EEI-NEMA TYPE K,1,,2026-03-20
833,20 มี.ค. 2569,19:10,19:16,6,กฟส.นาแก (S),THA03VF-217,25,ฝนตก ลมแรง,ภัยธรรมชาติ-พายุโซนร้อน/ใต้ฝุ่น,ศจฟ,19:10,19:11,19:16,5,1. วรพันธุ์ ตันสมรส,รถ : นก-03,FUSE LINK 22 KV. 10 A.EEI-NEMA TYPE K,2,,2026-03-20
834,20 มี.ค. 2569,19:11,19:17,6,กฟส.นาแก (S),51-001149,25,อากาศปกติ,ภัยธรรมชาติ-พายุโซนร้อน/ใต้ฝุ่น,ศจฟ,19:11,19:12,19:19,7,1. วรพันธุ์ ตันสมรส,รถ : นก-03,"CABLE,AL,750 V,50 SQ.MM. TIS.293",5,,2026-03-20
835,20 มี.ค. 2569,19:14,19:46,31,กฟจ.นครพนม (L),NNA05F-01/1,225,อากาศปกติ,ต้นไม้-ลมพัดต้นไม้มาแตะสาย,ศจฟ,19:14,19:00,19:47,1487,1. ประจล ศรีสุราช  | 2. ปรีชา เพ็งคำ  | 3. พิพัฒน์ พิมพ์ศรี  | 4. เกริกฤทธิ์ จันทรโพธิ์ศรี,รถ : 81-1269 นพ (นพ 03),FUSE LINK 22 KV. 25 A.EEI-NEMA TYPE K,3,,2026-03-20
836,20 มี.ค. 2569,19:54,20:25,31,กฟส.นาทม (XS),SEK03F-83,9,อากาศปกติ,ต้นไม้-ลมพัดต้นไม้มาแตะสาย,ศจฟ,19:54,19:55,20:33,38,1. วราวุธ นาขมิ้น,รถ : นาทม 02,FUSE LINK 22 KV. 3 A.EEI-NEMA TYPE K,1,,2026-03-20
837,20 มี.ค. 2569,20:14,20:23,9,กฟจ.นครพนม (L),NNB01VF-026,1,อากาศปกติ,ต้นไม้-กิ่งไม้หักพาดสาย,ศจฟ,20:14,19:31,20:24,53,1. ประจล ศรีสุราช  | 2. ปรีชา เพ็งคำ  | 3. พิพัฒน์ พิมพ์ศรี  | 4. เกริกฤทธิ์ จันทรโพธิ์ศรี,รถ : 81-1269 นพ (นพ 03),FUSE LINK 22 KV. 10 A.EEI-NEMA TYPE K,2,,2026-03-20
838,20 มี.ค. 2569,22:52,23:22,29,กฟส.ท่าอุเทน (XS),NNA01VF-070,1,อากาศปกติ,ต้นไม้-ลมพัดต้นไม้มาแตะสาย,ศจฟ,22:52,22:30,23:23,53,1. พิพัฒน์ พิมพ์ศรี  | 2. สุรธวัช วุฒิสาร,รถ : 81-1269 นพ (นพ 03),FUSE LINK 22 KV. 15 A.EEI-NEMA TYPE K,2,,2026-03-20
839,20 มี.ค. 2569,23:18,00:00,42,กฟส.ธาตุพนม (S),THA06VF-016,1757,อากาศปกติ,ต้นไม้-ลมพัดต้นไม้มาแตะสาย,ศจฟ,23:18,23:19,00:49,90,1. อุทัย สุมินทร์,รถ : กระเช้าธาตุพนม,FUSE LINK 22 KV. 25 A.EEI-NEMA TYPE K,2,,2026-03-20
840,21 มี.ค. 2569,18:10,19:30,79,กฟส.บ้านแพง (S),SSK08F-56,5,ลมแรง,ต้นไม้-กิ่งไม้หักพาดสาย,ศจฟ,18:10,18:14,19:32,78,1. เอกพล เวกสูงเนิน,รถ : กระเช้าบ้านแพง,FUSE LINK 22 KV. 15 A.EEI-NEMA TYPE K,3,,2026-03-21
841,21 มี.ค. 2569,19:25,20:01,36,กฟส.ปลาปาก (XS),NNA07F-36/5,660,อากาศปกติ,สัตว์-งู,ศจฟ,19:25,19:29,20:10,41,1. นครินทร์ จำปาทิ,รถ : รถแก้ไฟปลาปาก 01,FUSE HOLDER 22 KV. 100 A. 12 KA.,1,,2026-03-21
842,21 มี.ค. 2569,19:30,19:45,15,กฟส.ธาตุพนม (S),THA06VF-011,564,อากาศปกติ,สัตว์-งู,ศจฟ,19:30,19:36,20:07,31,1. เกรียงศักดิ์ สุพรรณคุ้ม,รถ : กระเช้าธาตุพนม,FUSE LINK 22 KV. 30 A.EEI-NEMA TYPE K,2,,2026-03-21
843,21 มี.ค. 2569,20:14,20:48,33,กฟส.ศรีสงคราม (XS),SSK08VF-020,122,ฝนตก ลมแรง,ภัยธรรมชาติ-พายุฤดูร้อน/พายุดีเปรสชั่น,ศจฟ,20:14,20:15,21:02,47,1. ปัญจพงษ์ เศรษฐาไชย,รถ : ศรีสงคราม 02,FUSE LINK 22 KV. 25 A.EEI-NEMA TYPE K,3,,2026-03-21
844,21 มี.ค. 2569,20:30,20:34,4,กฟส.ท่าอุเทน (XS),56-011690,58,ฝนตก ฟ้าคะนอง,ต้นไม้-ต้นไม้ล้มทับสาย,ศจฟ,20:30,18:31,19:30,59,1. วีระพงษ์ วงตรี,รถ : -,"CABLE,AL,750 V,50 SQ.MM. TIS.293",6,,2026-03-21
845,21 มี.ค. 2569,20:44,20:00,0,กฟส.ท่าอุเทน (XS),SSK02VF-215,400,ฝนตก ฟ้าคะนอง,อุปกรณ์-ชำรุด,ศจฟ,20:44,20:00,20:35,35,1. วีระพงษ์ วงตรี,รถ : -,FUSE LINK 22 KV. 15 A.EEI-NEMA TYPE K,1,,2026-03-21
846,21 มี.ค. 2569,23:10,00:05,54,กฟส.ศรีสงคราม (XS),SSK07VF-004,1586,ฝนตก ลมแรง,วัสดุแปลกปลอม-เศษวัสดุ/ผ้า/เชือก/ถุง/ลวด/ร่ม/รังนก,ศจฟ,23:10,23:15,00:10,55,1. ปัญจพงษ์ เศรษฐาไชย,รถ : ศรีสงคราม 02,FUSE LINK 22 KV. 25 A.EEI-NEMA TYPE K,3,,2026-03-21
847,21 มี.ค. 2569,23:15,00:23,67,กฟส.นาแก (S),THA04VF-202,396,อากาศปกติ,วัสดุแปลกปลอม-เศษวัสดุ/ผ้า/เชือก/ถุง/ลวด/ร่ม/รังนก,ศจฟ,23:15,22:55,00:25,90,1. อนาวิน อาจหาญ,รถ : นก-03,FUSE LINK 22 KV. 20 A.EEI-NEMA TYPE K,2,,2026-03-21
848,21 มี.ค. 2569,23:15,00:49,94,กฟส.ศรีสงคราม (XS),SSK07VF-006,93,ฝนตก ลมแรง,สภาพสิ่งแวดล้อม-ฟ้าผ่า,ศจฟ,23:15,00:06,01:10,65,1. ปัญจพงษ์ เศรษฐาไชย,รถ : ศรีสงคราม 02,FUSE LINK 22 KV. 10 A.EEI-NEMA TYPE K,2,,2026-03-21
849,22 มี.ค. 2569,00:30,02:30,120,กฟส.โพนสวรรค์ (XS),SSK09F-07,1879,ฝนตก ลมแรง,ต้นไม้-ต้นไม้ล้มทับสาย,ศจฟ,00:30,00:30,03:30,180,1. รวิชญ์ พรมน้อย,รถ : โพนสวรรค์-03,FUSE LINK 22 KV. 40 A.EEI-NEMA TYPE K,3,,2026-03-22
850,22 มี.ค. 2569,07:30,08:17,47,กฟส.ศรีสงคราม (XS),SSK08VF-004,99,อากาศปกติ,สัตว์-กระรอก/กระแต/หนู,ศจฟ,07:30,07:35,08:28,53,1. ปัญจพงษ์ เศรษฐาไชย,รถ : ศรีสงคราม 02,FUSE LINK 22 KV. 10 A.EEI-NEMA TYPE K,2,,2026-03-22
851,22 มี.ค. 2569,07:50,08:00,10,กฟส.โพนสวรรค์ (XS),SSK07F-08,2202,ฝนตก ลมแรง,ภัยธรรมชาติ-พายุโซนร้อน/ใต้ฝุ่น,ศจฟ,07:50,06:00,08:30,150,1. รวิชญ์ พรมน้อย,รถ : โพนสวรรค์-03,FUSE LINK 22 KV. 25 A.EEI-NEMA TYPE K,3,,2026-03-22
852,22 มี.ค. 2569,08:15,20:44,749,กฟส.ท่าอุเทน (XS),SSK02VF-244.,734,ฝนตก ฟ้าคะนอง,ต้นไม้-ลมพัดต้นไม้มาแตะสาย,ศจฟ,08:15,07:00,08:30,90,1. วีระพงษ์ วงตรี  | 2. สุรธวัช วุฒิสาร,รถ : -,FUSE LINK 22 KV. 15 A.EEI-NEMA TYPE K,2,,2026-03-22
853,22 มี.ค. 2569,10:39,11:28,49,กฟจ.นครพนม (L),NNA08VF-013,1,ฝนตก ฟ้าคะนอง,ต้นไม้-ลมพัดต้นไม้มาแตะสาย,ศจฟ,10:39,10:40,11:31,51,1. กิติศักดิ์ หาราช  | 2. ถวิล เมษาคุณ  | 3. พงษ์สนิจ ศรีวิชัย,รถ : 81-1269 นพ (นพ 03),FUSE LINK 22 KV. 15 A.EEI-NEMA TYPE K,1,,2026-03-22
854,22 มี.ค. 2569,14:23,15:25,61,กฟส.เรณูนคร (XS),52-004109,243,ฝนตก ฟ้าคะนอง,ต้นไม้-ลมพัดต้นไม้มาแตะสาย,ศจฟ,14:23,14:37,15:37,60,1. พงศวัชร์ ธัญภัทร์อนันต์,รถ : 80-7964 นพ รณ.01,FUSE LINK 22 KV. 5-6 A.EEI-NEMA TYPE K,3,,2026-03-22
855,22 มี.ค. 2569,17:40,18:24,44,กฟส.โพนสวรรค์ (XS),NNA01F-244,538,อากาศปกติ,ต้นไม้-ลมพัดต้นไม้มาแตะสาย,ศจฟ,17:40,17:43,18:46,63,1. วรัญญู สังรวมใจ,รถ : โพนสวรรค์-03,FUSE LINK 22 KV. 25 A.EEI-NEMA TYPE K,1,,2026-03-22
856,22 มี.ค. 2569,17:50,18:50,60,กฟส.ท่าอุเทน (XS),NNA08VF-214,1,ฝนตก ลมแรง,อุปกรณ์-ชำรุด,ศจฟ,17:50,17:54,19:10,76,1. สุรธวัช วุฒิสาร,รถ : รถแก้ไฟท่าอุเทน,"DROPOUT,FUSE,22 KV.100 A.12 KA",1,,2026-03-22
857,22 มี.ค. 2569,19:47,22:00,133,กฟส.ท่าอุเทน (XS),BFA09VF-212,1871,ฝนตก ลมแรง,อุปกรณ์-ชำรุด,ศจฟ,19:47,19:48,23:48,240,1. สุรธวัช วุฒิสาร,รถ : รถแก้ไฟท่าอุเทน,"DROPOUT,FUSE,22 KV.100 A.12 KA",1,,2026-03-22
858,22 มี.ค. 2569,21:00,21:40,40,กฟส.บ้านแพง (S),SSK08F-51-2,11,ฝนตก ลมแรง,ต้นไม้-ลมพัดต้นไม้มาแตะสาย,ศจฟ,21:00,21:00,21:48,48,1. ปิยะณัฐ พลเหี้ยมหาญ,รถ : กระเช้าบ้านแพง,FUSE LINK 22 KV. 15 A.EEI-NEMA TYPE K,1,,2026-03-22
859,22 มี.ค. 2569,21:15,22:00,45,กฟส.ธาตุพนม (S),THA02VF-012,206,ลมแรง,ต้นไม้-กิ่งไม้หักพาดสาย,ศจฟ,21:15,21:00,22:00,60,1. ธีรพิชญ์ มิ่งขวัญ,รถ : กระเช้าธาตุพนม,FUSE LINK 22 KV. 10 A.EEI-NEMA TYPE K,2,,2026-03-22
860,22 มี.ค. 2569,21:30,22:37,67,กฟส.บ้านแพง (S),SSK08F-51-3,57,ฝนตก ลมแรง,ภัยธรรมชาติ-พายุฤดูร้อน/พายุดีเปรสชั่น,ศจฟ,21:30,21:30,22:10,40,1. ปิยะณัฐ พลเหี้ยมหาญ,รถ : กระเช้าบ้านแพง,FUSE LINK 22 KV. 20 A.EEI-NEMA TYPE K,2,,2026-03-22
861,22 มี.ค. 2569,23:00,23:30,29,กฟส.ธาตุพนม (S),67-006189,331,อากาศปกติ,อุปกรณ์-ชำรุด,ศจฟ,23:00,22:10,23:30,80,1. ธีรพิชญ์ มิ่งขวัญ,รถ : กระเช้าธาตุพนม,"CABLE LUG,NEMA 2-HOLE,AL 95 SQ.MM.",1,,2026-03-22
862,22 มี.ค. 2569,23:00,23:51,51,กฟส.นาแก (S),THA04VF-225-1,167,ฝนตก ลมแรง,อุปกรณ์-ชำรุด,ศจฟ,23:00,23:47,23:52,5,1. วรพันธุ์ ตันสมรส,รถ : นก-03,FUSE HOLDER 22 KV. 100 A. 12 KA.,2,,2026-03-22
863,22 มี.ค. 2569,23:01,23:55,54,กฟส.บ้านแพง (S),SSK08F-58,190,ฝนตก ลมแรง,ภัยธรรมชาติ-พายุฤดูร้อน/พายุดีเปรสชั่น,ศจฟ,23:00,23:00,23:45,45,1. ปิยะณัฐ พลเหี้ยมหาญ,รถ : กระเช้าบ้านแพง,FUSE LINK 22 KV. 30 A.EEI-NEMA TYPE K,2,,2026-03-22
864,22 มี.ค. 2569,23:30,00:22,51,กฟจ.นครพนม (L),NNB02VF-033,119,ฝนตก ลมแรง,ภัยธรรมชาติ-พายุฤดูร้อน/พายุดีเปรสชั่น,ศจฟ,23:30,22:30,23:25,55,1. วิเชียร สุวอ  | 2. สันติ อินทิสาร,รถ : 3ฒภ 2576 กทม (นพ 01),FUSE LINK 22 KV. 10 A.EEI-NEMA TYPE K,1,,2026-03-22
865,22 มี.ค. 2569,23:30,00:26,56,กฟจ.นครพนม (L),THA06VF-028,344,ฝนตก ลมแรง,ภัยธรรมชาติ-พายุฤดูร้อน/พายุดีเปรสชั่น,ศจฟ,23:30,23:30,00:25,55,1. วิเชียร สุวอ  | 2. สันติ อินทิสาร,รถ : 3ฒภ 2576 กทม (นพ 01),FUSE LINK 22 KV. 30 A.EEI-NEMA TYPE K,1,,2026-03-22
866,23 มี.ค. 2569,00:41,00:30,0,กฟส.ธาตุพนม (S),57-000762,39,ฝนตก ลมแรง,ภัยธรรมชาติ-พายุฤดูร้อน/พายุดีเปรสชั่น,ศจฟ,00:41,23:40,00:26,46,1. ธีรพิชญ์ มิ่งขวัญ,รถ : กระเช้าธาตุพนม,"CONN.,PG,DOUBLE BOLT,AL 25-95 SQ.MM.",2,,2026-03-23
867,23 มี.ค. 2569,00:44,01:55,70,กฟส.โพนสวรรค์ (XS),56-008231,3,อากาศชื้น / หมอก,อุปกรณ์-ชำรุด,ศจฟ,00:44,00:05,02:36,151,1. รวิชญ์ พรมน้อย  | 2. วรัญญู สังรวมใจ,รถ : โพนสวรรค์-03,"CABLE,AL,750 V,50 SQ.MM. TIS.293",3,,2026-03-23
868,23 มี.ค. 2569,01:42,02:16,33,กฟส.ศรีสงคราม (XS),SSK02VF-020,739,ฝนตก ลมแรง,ภัยธรรมชาติ-พายุฤดูร้อน/พายุดีเปรสชั่น,ศจฟ,01:42,01:43,02:45,62,1. ปัญจพงษ์ เศรษฐาไชย,รถ : ศรีสงคราม 02,FUSE LINK 22 KV. 20 A.EEI-NEMA TYPE K,3,,2026-03-23
869,23 มี.ค. 2569,07:13,08:27,73,กฟส.โพนสวรรค์ (XS),SSK09F-09,310,อากาศชื้น / หมอก,ต้นไม้-กิ่งไม้หักพาดสาย,ศจฟ,07:13,06:05,08:30,145,1. รวิชญ์ พรมน้อย  | 2. วรัญญู สังรวมใจ,รถ : โพนสวรรค์-03,FUSE LINK 22 KV. 25 A.EEI-NEMA TYPE K,1,,2026-03-23
870,23 มี.ค. 2569,07:14,08:04,49,กฟส.ศรีสงคราม (XS),SSK04VF-001,648,ฝนตก ลมแรง,ภัยธรรมชาติ-พายุฤดูร้อน/พายุดีเปรสชั่น,ศจฟ,07:14,07:15,08:30,75,1. ปัญจพงษ์ เศรษฐาไชย,รถ : ศรีสงคราม 02,FUSE LINK 22 KV. 15 A.EEI-NEMA TYPE K,3,,2026-03-23
871,23 มี.ค. 2569,07:27,10:16,169,กฟจ.นครพนม (L),NNA04F-1617,1,ฝนตก ลมแรง,ภัยธรรมชาติ-พายุฤดูร้อน/พายุดีเปรสชั่น,ศจฟ,07:27,07:28,08:30,62,1. กิติศักดิ์ หาราช  | 2. ประจล ศรีสุราช  | 3. วิเชียร สุวอ  | 4. สันติ อินทิสาร,รถ : 3ฒภ 2576 กทม (นพ 01),FUSE LINK 22 KV. 20 A.EEI-NEMA TYPE K,1,,2026-03-23
872,23 มี.ค. 2569,08:40,09:05,24,กฟส.นาหว้า (XS),64-123456,6,ฝนตก ลมแรง,ภัยธรรมชาติ-พายุฤดูร้อน/พายุดีเปรสชั่น,ศจฟ,08:40,08:48,09:07,19,1. อัมรินทร์ วะราวัง,รถ : นาหว้า 02,"CABLE,AL,750 V,50 SQ.MM. TIS.293",5,,2026-03-23
873,23 มี.ค. 2569,08:54,09:29,35,กฟส.ปลาปาก (XS),NNA07F-38/1,1346,ฝนตก ลมแรง,วัสดุแปลกปลอม-วัสดุก่อสร้าง/สังกะสี/แผ่นโลหะ,ศจฟ,08:54,08:54,09:31,37,1. สุธรรม จันทะผา,รถ : รถแก้ไฟปลาปาก 01,FUSE LINK 22 KV. 30 A.EEI-NEMA TYPE K,3,,2026-03-23
874,23 มี.ค. 2569,09:30,10:30,60,กฟส.ศรีสงคราม (XS),SSK08VF-031,276,ฝนตก ลมแรง,ต้นไม้-ต้นไม้ล้มทับสาย,ศจฟ,09:30,09:42,11:00,78,1. วุฒิชัย เหมเมือง  | 2. เชาวลิต หัสรินทร์,รถ : ศรีสงคราม 02,FUSE LINK 22 KV. 20 A.EEI-NEMA TYPE K,3,,2026-03-23
875,23 มี.ค. 2569,09:40,09:55,15,กฟส.ปลาปาก (XS),NNA07F-38,1520,ฝนตก ลมแรง,ต้นไม้-ต้นไม้ล้มทับสาย,ศจฟ,09:40,09:45,09:54,9,1. นครินทร์ จำปาทิ  | 2. สุธรรม จันทะผา,รถ : รถแก้ไฟปลาปาก 01,FUSE LINK 22 KV. 65 A.EEI-NEMA TYPE K,1,,2026-03-23
876,23 มี.ค. 2569,09:45,09:53,8,กฟส.นาแก (S),SOA07VF-507-1,1,อากาศชื้น / หมอก,สัตว์-กระรอก/กระแต/หนู,ศจฟ,09:45,09:49,09:55,6,1. อนาวิน อาจหาญ,รถ : นก-03,FUSE LINK 22 KV. 5-6 A.EEI-NEMA TYPE K,2,,2026-03-23
877,23 มี.ค. 2569,09:50,10:18,27,กฟส.ปลาปาก (XS),NNA07F-56,1189,ฝนตก ฟ้าคะนอง,ภัยธรรมชาติ-พายุฤดูร้อน/พายุดีเปรสชั่น,ศจฟ,09:50,10:00,10:16,16,1. นครินทร์ จำปาทิ  | 2. สุธรรม จันทะผา,รถ : รถแก้ไฟปลาปาก 01,FUSE LINK 22 KV. 40 A.EEI-NEMA TYPE K,3,,2026-03-23
878,23 มี.ค. 2569,10:10,10:48,38,กฟส.นาหว้า (XS),43-002144,27,ฝนตก ฟ้าคะนอง,ภัยธรรมชาติ-พายุฤดูร้อน/พายุดีเปรสชั่น,ศจฟ,10:10,10:27,10:50,23,1. อัมรินทร์ วะราวัง,รถ : นาหว้า 02,"CABLE,AL,750 V,50 SQ.MM. TIS.293",5,,2026-03-23
879,23 มี.ค. 2569,10:35,10:48,13,กฟส.ปลาปาก (XS),NNA07F-36/6,886,ฝนตก ฟ้าคะนอง,สภาพสิ่งแวดล้อม-ฟ้าผ่า,ศจฟ,10:35,10:43,10:55,12,1. นครินทร์ จำปาทิ  | 2. สุธรรม จันทะผา,รถ : รถแก้ไฟปลาปาก 01,FUSE LINK 22 KV. 15 A.EEI-NEMA TYPE K,2,,2026-03-23
880,23 มี.ค. 2569,11:00,12:00,60,กฟส.ปลาปาก (XS),NNA07F-48/1,475,ฝนตก ฟ้าคะนอง,ภัยธรรมชาติ-พายุฤดูร้อน/พายุดีเปรสชั่น,ศจฟ,11:00,11:59,12:04,6,1. นครินทร์ จำปาทิ  | 2. สุธรรม จันทะผา,รถ : รถแก้ไฟปลาปาก 01,FUSE LINK 22 KV. 20 A.EEI-NEMA TYPE K,2,,2026-03-23
881,23 มี.ค. 2569,13:10,13:20,10,กฟส.ปลาปาก (XS),NNA07F-48/4,181,ฝนตก ฟ้าคะนอง,ภัยธรรมชาติ-พายุฤดูร้อน/พายุดีเปรสชั่น,ศจฟ,13:10,13:39,14:02,23,1. นครินทร์ จำปาทิ  | 2. สุธรรม จันทะผา,รถ : รถแก้ไฟปลาปาก 01,FUSE LINK 22 KV. 25 A.EEI-NEMA TYPE K,3,,2026-03-23
882,23 มี.ค. 2569,13:20,13:43,22,กฟส.นาหว้า (XS),37-004513,449,ฝนตก ฟ้าคะนอง,ภัยธรรมชาติ-พายุฤดูร้อน/พายุดีเปรสชั่น,ศจฟ,13:20,13:40,13:45,5,1. อัมรินทร์ วะราวัง,รถ : นาหว้า 02,"CABLE,AL,750 V,50 SQ.MM. TIS.293",4,,2026-03-23
883,23 มี.ค. 2569,13:50,14:06,15,กฟส.นาหว้า (XS),SSK10F-10/1,67,ฝนตก ฟ้าคะนอง,ภัยธรรมชาติ-พายุฤดูร้อน/พายุดีเปรสชั่น,ศจฟ,13:50,13:58,14:09,11,1. อัมรินทร์ วะราวัง,รถ : นาหว้า 02,FUSE LINK 22 KV. 10 A.EEI-NEMA TYPE K,2,,2026-03-23
884,23 มี.ค. 2569,14:20,14:29,9,กฟส.นาหว้า (XS),SSK06F-16,1737,ฝนตก ฟ้าคะนอง,ภัยธรรมชาติ-พายุฤดูร้อน/พายุดีเปรสชั่น,ศจฟ,14:20,14:23,14:33,10,1. อัมรินทร์ วะราวัง,รถ : นาหว้า 02,"COND.,ACSR 50/8 SQ.MM.TIS.86",4,,2026-03-23
885,23 มี.ค. 2569,14:25,14:54,29,กฟส.ปลาปาก (XS),NNA07F-36/1,1002,ฝนตก ฟ้าคะนอง,ภัยธรรมชาติ-พายุฤดูร้อน/พายุดีเปรสชั่น,ศจฟ,14:25,14:27,14:58,31,1. นครินทร์ จำปาทิ  | 2. สุธรรม จันทะผา,รถ : รถแก้ไฟปลาปาก 01,FUSE LINK 22 KV. 25 A.EEI-NEMA TYPE K,3,,2026-03-23
886,23 มี.ค. 2569,15:00,15:40,40,กฟจ.นครพนม (L),NNB01VF-039,79,อากาศปกติ,ต้นไม้-ต้นไม้เลื้อย/โตมาแตะสาย,ศจฟ,15:00,15:00,16:20,80,1. ณัฏฐศรันย์ อันทระบุตร  | 2. พงษ์สนิจ ศรีวิชัย  | 3. พิพัฒน์ นะระทะ  | 4. ศักดิ์อนันต์ แสนเมือง,รถ : 81-1269 นพ (นพ 03),FUSE LINK 22 KV. 25 A.EEI-NEMA TYPE K,3,,2026-03-23
887,23 มี.ค. 2569,15:01,16:02,61,กฟจ.นครพนม (L),NNA07F-0310,3,อากาศปกติ,สัตว์-กระรอก/กระแต/หนู,ศจฟ,15:00,15:26,16:05,39,1. ณัฏฐศรันย์ อันทระบุตร  | 2. พงษ์สนิจ ศรีวิชัย  | 3. พิพัฒน์ นะระทะ  | 4. ศักดิ์อนันต์ แสนเมือง,รถ : 3ฒภ 2576 กทม (นพ 01),"DROPOUT,FUSE,22 KV.100 A.12 KA",1,,2026-03-23
888,23 มี.ค. 2569,15:04,15:15,11,กฟส.ปลาปาก (XS),NNA07F-47,560,ฝนตก ฟ้าคะนอง,ภัยธรรมชาติ-พายุฤดูร้อน/พายุดีเปรสชั่น,ศจฟ,15:04,15:05,15:18,13,1. นครินทร์ จำปาทิ  | 2. สุธรรม จันทะผา,รถ : รถแก้ไฟปลาปาก 01,FUSE LINK 22 KV. 25 A.EEI-NEMA TYPE K,3,,2026-03-23
889,23 มี.ค. 2569,15:15,15:20,5,กฟส.นาหว้า (XS),SSK06F-12,786,ฝนตก ฟ้าคะนอง,ภัยธรรมชาติ-พายุฤดูร้อน/พายุดีเปรสชั่น,ศจฟ,15:15,15:19,15:23,4,1. อัมรินทร์ วะราวัง,รถ : นาหว้า 02,"COND.,ACSR 50/8 SQ.MM.TIS.86",4,,2026-03-23
890,23 มี.ค. 2569,15:20,15:35,15,กฟส.ปลาปาก (XS),NNA07F-0991,17,ฝนตก ฟ้าคะนอง,ภัยธรรมชาติ-พายุฤดูร้อน/พายุดีเปรสชั่น,ศจฟ,15:20,15:23,15:40,17,1. นครินทร์ จำปาทิ  | 2. สุธรรม จันทะผา,รถ : รถแก้ไฟปลาปาก 01,FUSE LINK 22 KV. 10 A.EEI-NEMA TYPE K,2,,2026-03-23
891,23 มี.ค. 2569,15:21,16:31,70,กฟส.โพนสวรรค์ (XS),58-017413,30,อากาศปกติ,สัตว์-งู,ศจฟ,15:20,15:30,16:30,60,1. ทรงกลด มาศศรี,รถ : โพนสวรรค์-03,FUSE LINK 22 KV. 3 A.EEI-NEMA TYPE K,1,,2026-03-23
892,23 มี.ค. 2569,15:30,13:40,0,กฟจ.นครพนม (L),65-023664,66,อากาศปกติ,ต้นไม้-ต้นไม้ล้มทับสาย,ศจฟ,15:30,13:00,14:00,60,1. ณัฏฐศรันย์ อันทระบุตร  | 2. พงษ์สนิจ ศรีวิชัย  | 3. พิพัฒน์ นะระทะ  | 4. ศักดิ์อนันต์ แสนเมือง,รถ : 81-1269 นพ (นพ 03),"CABLE,AL,750 V,50 SQ.MM. TIS.293",10,,2026-03-23
893,23 มี.ค. 2569,15:31,15:51,20,กฟส.ปลาปาก (XS),45-019193,58,ฝนตก ฟ้าคะนอง,ภัยธรรมชาติ-พายุฤดูร้อน/พายุดีเปรสชั่น,ศจฟ,15:30,15:44,15:55,11,1. นครินทร์ จำปาทิ  | 2. สุธรรม จันทะผา,รถ : รถแก้ไฟปลาปาก 01,"CABLE,AL,750 V,95 SQ.MM. TIS.293",4,,2026-03-23
894,23 มี.ค. 2569,15:35,14:30,0,กฟจ.นครพนม (L),63-034835,152,อากาศปกติ,ต้นไม้-กิ่งไม้หักพาดสาย,ศจฟ,15:35,14:00,15:00,60,1. ณัฏฐศรันย์ อันทระบุตร  | 2. พงษ์สนิจ ศรีวิชัย  | 3. พิพัฒน์ นะระทะ  | 4. ศักดิ์อนันต์ แสนเมือง,รถ : 81-1269 นพ (นพ 03),"CABLE,AL,750 V,50 SQ.MM. TIS.293",10,,2026-03-23
895,23 มี.ค. 2569,17:29,18:03,33,กฟส.นาทม (XS),SSK08F-85-2,44,อากาศปกติ,ต้นไม้-กิ่งไม้หักพาดสาย,ศจฟ,17:29,17:33,18:09,36,1. วราวุธ นาขมิ้น,รถ : นาทม 02,FUSE LINK 22 KV. 8 A.EEI-NEMA TYPE K,3,,2026-03-23
896,23 มี.ค. 2569,19:37,19:47,10,กฟจ.นครพนม (L),63-006581,355,อากาศปกติ,ต้นไม้-กิ่งไม้หักพาดสาย,ศจฟ,19:37,19:45,20:04,19,1. ถวิล เมษาคุณ  | 2. พงษ์สนิจ ศรีวิชัย  | 3. วสันต์ชัย ดวงสูงเนิน,รถ : 3ฒภ 2576 กทม (นพ 01),"CONN.,PG,DOUBLE BOLT,AL 25-95 SQ.MM.",1,,2026-03-23
897,23 มี.ค. 2569,19:47,20:15,27,กฟส.ธาตุพนม (S),6000123189,1,อากาศปกติ,ต้นไม้-กิ่งไม้หักพาดสาย,ศจฟ,19:47,19:30,20:45,75,1. ปริเยศ หาญพงศ์ศรี,รถ : กระเช้าธาตุพนม,"TAPE,PVC,O/D,0.18X19X10,000 MM. TIS.386",1,,2026-03-23
898,23 มี.ค. 2569,20:09,20:34,24,กฟจ.นครพนม (L),NNB02VF-013,274,อากาศปกติ,ต้นไม้-กิ่งไม้หักพาดสาย,ศจฟ,20:09,20:09,20:40,31,1. ถวิล เมษาคุณ  | 2. พงษ์สนิจ ศรีวิชัย  | 3. วสันต์ชัย ดวงสูงเนิน,รถ : 81-1269 นพ (นพ 03),FUSE LINK 22 KV. 10 A.EEI-NEMA TYPE K,1,,2026-03-23
899,23 มี.ค. 2569,21:00,22:04,64,กฟส.โพนสวรรค์ (XS),6000121658,1,อากาศปกติ,อุปกรณ์-ชำรุด,ศจฟ,21:00,21:01,22:37,96,1. ทรงกลด มาศศรี,รถ : โพนสวรรค์-03,"CABLE,CU,PVC,INS.&JAC. 600V, 2X10 SQ.MM.",7,,2026-03-23
900,23 มี.ค. 2569,22:06,23:00,54,กฟส.ธาตุพนม (S),THA06VF-046,52,อากาศปกติ,อุปกรณ์-ชำรุด,ศจฟ,22:06,22:06,23:02,56,1. ปริเยศ หาญพงศ์ศรี  | 2. อุทัย สุมินทร์,รถ : ธพ - 01,FUSE LINK 22 KV. 15 A.EEI-NEMA TYPE K,2,,2026-03-23
901,23 มี.ค. 2569,22:12,22:40,27,กฟส.นาหว้า (XS),FAX35F-02546258,1,อากาศปกติ,อุปกรณ์-ชำรุด,ศจฟ,22:12,22:13,23:00,47,1. สุรธรรม แพงเหนือ,รถ : นาหว้า 02,FUSE LINK 22 KV. 15 A.EEI-NEMA TYPE K,1,,2026-03-23
902,23 มี.ค. 2569,22:45,00:31,106,กฟจ.นครพนม (L),NNB02VF-038,251,อากาศปกติ,อุปกรณ์-ชำรุด,ศจฟ,22:45,22:54,00:38,104,1. ถวิล เมษาคุณ  | 2. พงษ์สนิจ ศรีวิชัย  | 3. วสันต์ชัย ดวงสูงเนิน,รถ : 81-1269 นพ (นพ 03),FUSE LINK 22 KV. 15 A.EEI-NEMA TYPE K,2,,2026-03-23
903,24 มี.ค. 2569,06:44,08:39,115,กฟส.โพนสวรรค์ (XS),66-022416,151,อากาศปกติ,อุปกรณ์-ชำรุด,ศจฟ,06:44,06:30,08:30,120,1. ทรงกลด มาศศรี,รถ : โพนสวรรค์-03,"CABLE,AL,750 V,50 SQ.MM. TIS.293",12,,2026-03-24
904,24 มี.ค. 2569,07:32,08:25,53,กฟส.ศรีสงคราม (XS),63-023315,311,อากาศปกติ,อุปกรณ์-ชำรุด,ศจฟ,07:32,07:33,08:50,77,1. ปัญจพงษ์ เศรษฐาไชย  | 2. วุฒิชัย เหมเมือง,รถ : ศรีสงคราม 02,"CABLE LUG,NEMA 2-HOLE,AL 95 SQ.MM.",2,,2026-03-24
905,24 มี.ค. 2569,08:20,09:13,53,กฟส.ศรีสงคราม (XS),SSK01VF-034,6472,ฝนตก ลมแรง,ภัยธรรมชาติ-พายุฤดูร้อน/พายุดีเปรสชั่น,ศจฟ,08:20,08:25,09:35,70,1. ปัญจพงษ์ เศรษฐาไชย  | 2. วุฒิชัย เหมเมือง,รถ : ศรีสงคราม 03,FUSE LINK 22 KV. 10 A.EEI-NEMA TYPE K,3,,2026-03-24
906,24 มี.ค. 2569,08:40,09:40,60,กฟส.ธาตุพนม (S),THA06VF-028,344,อากาศปกติ,ภัยธรรมชาติ-พายุฤดูร้อน/พายุดีเปรสชั่น,ศจฟ,08:40,08:50,09:53,63,1. นรากร แสนโสม,รถ : กระเช้าธาตุพนม,FUSE LINK 22 KV. 10 A.EEI-NEMA TYPE K,3,,2026-03-24
907,24 มี.ค. 2569,08:45,09:29,44,กฟส.นาหว้า (XS),SSK04VF-115,140,อากาศปกติ,ภัยธรรมชาติ-พายุฤดูร้อน/พายุดีเปรสชั่น,ศจฟ,08:45,08:52,09:32,40,1. อัมรินทร์ วะราวัง,รถ : นาหว้า 02,FUSE LINK 22 KV. 20 A.EEI-NEMA TYPE K,2,,2026-03-24
908,24 มี.ค. 2569,09:10,09:43,33,กฟส.ศรีสงคราม (XS),SSK08VF-049,47,ฝนตก ลมแรง,ต้นไม้-กิ่งไม้หักพาดสาย,ศจฟ,09:10,09:17,10:15,58,1. ปัญจพงษ์ เศรษฐาไชย  | 2. วุฒิชัย เหมเมือง,รถ : ศรีสงคราม 02,FUSE LINK 22 KV. 25 A.EEI-NEMA TYPE K,2,,2026-03-24
909,24 มี.ค. 2569,09:20,09:42,22,กฟส.นาแก (S),THA03VF-204-1,26,อากาศปกติ,สัตว์-งู,ศจฟ,09:20,09:27,09:43,16,1. อนาวิน อาจหาญ,รถ : นก-03,FUSE LINK 22 KV. 10 A.EEI-NEMA TYPE K,1,,2026-03-24
910,24 มี.ค. 2569,11:08,11:36,27,กฟส.ศรีสงคราม (XS),SSK02VF-004,878,ลมแรง,ต้นไม้-ต้นไม้ล้มทับสาย,ศจฟ,11:08,11:25,11:46,21,1. ปัญจพงษ์ เศรษฐาไชย  | 2. วุฒิชัย เหมเมือง  | 3. เชาวลิต หัสรินทร์,รถ : ศรีสงคราม 02,FUSE LINK 22 KV. 30 A.EEI-NEMA TYPE K,3,,2026-03-24
911,24 มี.ค. 2569,11:53,12:17,24,กฟส.ศรีสงคราม (XS),SSK02VF-024,72,ฝนตก ลมแรง,ภัยธรรมชาติ-พายุฤดูร้อน/พายุดีเปรสชั่น,ศจฟ,11:53,11:54,12:30,36,1. เชาวลิต หัสรินทร์,รถ : ศรีสงคราม 01,FUSE LINK 22 KV. 20 A.EEI-NEMA TYPE K,3,,2026-03-24
912,24 มี.ค. 2569,11:57,12:47,49,กฟส.ศรีสงคราม (XS),60-013659,264,อากาศปกติ,ต้นไม้-ต้นไม้ล้มทับสาย,ศจฟ,11:57,11:58,13:14,76,1. ปัญจพงษ์ เศรษฐาไชย  | 2. วุฒิชัย เหมเมือง  | 3. เชาวลิต หัสรินทร์,รถ : ศรีสงคราม 02,"CABLE,AL,750 V,50 SQ.MM. TIS.293",6,,2026-03-24
913,24 มี.ค. 2569,12:01,12:53,51,กฟส.ศรีสงคราม (XS),59-008150,10,ฝนตก ลมแรง,ภัยธรรมชาติ-พายุฤดูร้อน/พายุดีเปรสชั่น,ศจฟ,12:01,12:02,13:11,69,1. ปัญจพงษ์ เศรษฐาไชย  | 2. วุฒิชัย เหมเมือง  | 3. เชาวลิต หัสรินทร์,รถ : ศรีสงคราม 03,"BOLT,MACHINE M.16X170 MM.",2,,2026-03-24
914,24 มี.ค. 2569,12:05,12:45,40,กฟส.ธาตุพนม (S),63-024192,70,อากาศปกติ,ภัยธรรมชาติ-พายุฤดูร้อน/พายุดีเปรสชั่น,ศจฟ,12:05,12:05,12:55,50,1. นรากร แสนโสม,รถ : กระเช้าธาตุพนม,"CABLE,AL,750 V,50 SQ.MM. TIS.293",4,,2026-03-24
915,24 มี.ค. 2569,13:08,13:11,3,กฟส.บ้านแพง (S),SEK01F-61-2,17,อากาศปกติ,ภัยธรรมชาติ-พายุฤดูร้อน/พายุดีเปรสชั่น,ศจฟ,13:08,12:55,13:21,26,1. ชินดนัย คงชะสิงห์  | 2. รชานนท์ โมธรรม,รถ : กระเช้าบ้านแพง,FUSE LINK 22 KV. 25 A.EEI-NEMA TYPE K,2,,2026-03-24
916,24 มี.ค. 2569,13:09,13:19,10,กฟส.นาหว้า (XS),SSK04VF-107,870,อากาศปกติ,ภัยธรรมชาติ-พายุฤดูร้อน/พายุดีเปรสชั่น,ศจฟ,13:09,13:10,13:20,10,1. อัมรินทร์ วะราวัง,รถ : นาหว้า 02,FUSE LINK 22 KV. 10 A.EEI-NEMA TYPE K,2,,2026-03-24
917,24 มี.ค. 2569,13:30,14:20,49,กฟส.เรณูนคร (XS),THA06VF-0039,1,อากาศปกติ,ภัยธรรมชาติ-พายุฤดูร้อน/พายุดีเปรสชั่น,ศจฟ,13:30,13:32,14:29,57,1. นรากร แสนโสม,รถ : กระเช้าธาตุพนม,FUSE LINK 22 KV. 15 A.EEI-NEMA TYPE K,2,,2026-03-24
918,24 มี.ค. 2569,13:32,14:25,53,กฟส.ศรีสงคราม (XS),35-001492,208,อากาศปกติ,ภัยธรรมชาติ-พายุฤดูร้อน/พายุดีเปรสชั่น,ศจฟ,13:32,13:33,14:53,80,1. ปัญจพงษ์ เศรษฐาไชย  | 2. วุฒิชัย เหมเมือง  | 3. เชาวลิต หัสรินทร์,รถ : ศรีสงคราม 03,"BOLT,MACHINE M.16X170 MM.",1,,2026-03-24
919,24 มี.ค. 2569,13:34,14:07,33,กฟส.ศรีสงคราม (XS),65-016397,45,ลมแรง,ภัยธรรมชาติ-พายุฤดูร้อน/พายุดีเปรสชั่น,ศจฟ,13:34,13:34,14:20,46,1. เชาวลิต หัสรินทร์,รถ : ศรีสงคราม 01,"CABLE,AL,750 V,50 SQ.MM. TIS.293",1,,2026-03-24
920,24 มี.ค. 2569,13:57,14:13,15,กฟส.ปลาปาก (XS),NNA07F-56,1189,ฝนตก,ภัยธรรมชาติ-พายุฤดูร้อน/พายุดีเปรสชั่น,ศจฟ,13:57,13:58,14:16,18,1. สุธรรม จันทะผา,รถ : รถแก้ไฟปลาปาก 01,FUSE LINK 22 KV. 40 A.EEI-NEMA TYPE K,2,,2026-03-24
921,24 มี.ค. 2569,14:10,15:20,70,กฟส.โพนสวรรค์ (XS),24360754,1,อากาศปกติ,อุปกรณ์-ชำรุด,ศจฟ,14:10,14:11,15:53,102,1. ทรงกลด มาศศรี  | 2. รวิชญ์ พรมน้อย,รถ : โพนสวรรค์-03,"CABLE,CU,PVC,INS.&JAC. 600V, 2X10 SQ.MM.",7,,2026-03-24
922,24 มี.ค. 2569,14:48,14:56,8,กฟส.ท่าอุเทน (XS),22-005697,307,ฝนตก,อุปกรณ์-ชำรุด,ศจฟ,14:48,14:50,14:59,9,1. อนุสรณ์ ทองประสม,รถ : -,,,,2026-03-24
923,24 มี.ค. 2569,14:59,15:07,8,กฟส.ปลาปาก (XS),67-033939,6,อากาศปกติ,อุปกรณ์-ชำรุด,ศจฟ,14:59,15:00,15:20,20,1. สุธรรม จันทะผา,รถ : รถแก้ไฟปลาปาก 01,FUSE LINK 22 KV. 3 A.EEI-NEMA TYPE K,1,,2026-03-24
924,24 มี.ค. 2569,15:08,15:11,3,กฟส.นาหว้า (XS),SSK04VF-153,600,อากาศปกติ,อุปกรณ์-ชำรุด,ศจฟ,15:08,15:10,15:30,20,1. อัมรินทร์ วะราวัง,รถ : นาหว้า 02,FUSE LINK 22 KV. 15 A.EEI-NEMA TYPE K,1,,2026-03-24
925,24 มี.ค. 2569,15:11,16:10,58,กฟส.ศรีสงคราม (XS),54-005368,33,ฝนตก ลมแรง,ภัยธรรมชาติ-พายุฤดูร้อน/พายุดีเปรสชั่น,ศจฟ,15:11,15:12,16:30,78,1. ปัญจพงษ์ เศรษฐาไชย,รถ : ศรีสงคราม 03,"CABLE,AL,750 V,50 SQ.MM. TIS.293",5,,2026-03-24
926,24 มี.ค. 2569,15:38,15:51,13,กฟส.ปลาปาก (XS),57-005751,52,อากาศปกติ,ภัยธรรมชาติ-พายุฤดูร้อน/พายุดีเปรสชั่น,ศจฟ,15:38,15:40,15:55,15,1. สุธรรม จันทะผา,รถ : รถแก้ไฟปลาปาก 01,FUSE LINK 22 KV. 3 A.EEI-NEMA TYPE K,2,,2026-03-24
927,24 มี.ค. 2569,15:43,16:30,47,กฟส.ศรีสงคราม (XS),SSK02VF-033,420,ฝนตก ลมแรง,ภัยธรรมชาติ-พายุฤดูร้อน/พายุดีเปรสชั่น,ศจฟ,15:43,15:44,16:40,56,1. เชาวลิต หัสรินทร์,รถ : ศรีสงคราม 01,FUSE LINK 22 KV. 15 A.EEI-NEMA TYPE K,2,,2026-03-24
928,24 มี.ค. 2569,17:11,19:26,135,กฟส.ศรีสงคราม (XS),60-018935,49,ฝนตก ลมแรง,ต้นไม้-ต้นไม้ล้มทับสาย,ศจฟ,17:11,17:15,18:45,90,1. ปัญจพงษ์ เศรษฐาไชย  | 2. วุฒิชัย เหมเมือง,รถ : ศรีสงคราม 02,"CONN.,PG,DOUBLE BOLT,AL 25-95 SQ.MM.",2,,2026-03-24
929,24 มี.ค. 2569,17:54,17:30,0,กฟจ.นครพนม (L),NNA02F-51,24,อากาศปกติ,สัตว์-กระรอก/กระแต/หนู,ศจฟ,17:54,17:00,17:50,50,1. ศักดิ์อนันต์ แสนเมือง  | 2. หิรัญ พลไกรสร,รถ : 3ฒภ 2576 กทม (นพ 01),FUSE LINK 22 KV. 15 A.EEI-NEMA TYPE K,3,,2026-03-24
930,24 มี.ค. 2569,17:57,18:25,27,กฟส.นาทม (XS),6600511059,1,อากาศปกติ,สภาพสิ่งแวดล้อม-การผุกร่อน/สนิม,ศจฟ,17:57,18:00,18:27,27,1. นราธร อินทรายุทธ,รถ : นาทม 02,IPC MAIN 16-95 SQ.MM. TAP 6-35 SQ.MM.,2,,2026-03-24
931,24 มี.ค. 2569,19:45,20:02,17,กฟส.นาหว้า (XS),68-007617,21,ลมแรง,ต้นไม้-ลมพัดต้นไม้มาแตะสาย,ศจฟ,19:45,19:45,20:08,23,1. กิตติศักดิ์ คำชนะ,รถ : นาหว้า 02,"CABLE,AL,750 V,95 SQ.MM. TIS.293",2,,2026-03-24
932,24 มี.ค. 2569,20:35,21:29,54,กฟส.นาหว้า (XS),SSK04VF-124,148,ลมแรง,อุปกรณ์-ชำรุด,ศจฟ,20:35,20:36,21:36,60,1. กิตติศักดิ์ คำชนะ,รถ : นาหว้า 02,FUSE LINK 22 KV. 10 A.EEI-NEMA TYPE K,1,,2026-03-24
933,24 มี.ค. 2569,20:51,21:42,51,กฟส.ท่าอุเทน (XS),56-011690,58,ฝนตก ลมแรง,อุปกรณ์-ชำรุด,ศจฟ,20:51,20:52,21:44,52,1. อนุสรณ์ ทองประสม,รถ : รถแก้ไฟท่าอุเทน,"CABLE,AL,750 V,50 SQ.MM. TIS.293",5,,2026-03-24
934,24 มี.ค. 2569,21:16,21:30,14,กฟส.ปลาปาก (XS),THA06F-86,413,อากาศปกติ,วัสดุแปลกปลอม-ว่าว/โคมลอย/ลูกโป่ง/บั้งไฟ,ศจฟ,21:16,21:21,21:34,13,1. บิณฑ์ นารินทร์รักษ์,รถ : รถแก้ไฟปลาปาก 01,FUSE LINK 22 KV. 20 A.EEI-NEMA TYPE K,3,,2026-03-24
935,24 มี.ค. 2569,22:10,22:00,0,กฟส.โพนสวรรค์ (XS),NNA01F-38,12658,ลมแรง,ภัยธรรมชาติ-พายุฤดูร้อน/พายุดีเปรสชั่น,ศจฟ,22:10,21:20,22:30,70,1. วสุธา หล้าพรหม,รถ : โพนสวรรค์-03,FUSE LINK 22 KV. 40 A.EEI-NEMA TYPE K,1,,2026-03-24
936,24 มี.ค. 2569,22:27,23:33,66,กฟส.ศรีสงคราม (XS),SSK02VF-018,50,ฝนตก,สภาพสิ่งแวดล้อม-ฟ้าผ่า,ศจฟ,22:27,22:27,23:55,88,1. ปัญจพงษ์ เศรษฐาไชย,รถ : ศรีสงคราม 02,FUSE LINK 22 KV. 10 A.EEI-NEMA TYPE K,2,,2026-03-24
937,25 มี.ค. 2569,07:30,08:10,40,กฟส.ศรีสงคราม (XS),54-002126,28,ฝนตก,ภัยธรรมชาติ-พายุฤดูร้อน/พายุดีเปรสชั่น,ศจฟ,07:30,07:30,08:40,70,1. ปัญจพงษ์ เศรษฐาไชย,รถ : ศรีสงคราม 02,FUSE LINK 22 KV. 3 A.EEI-NEMA TYPE K,2,,2026-03-25
938,25 มี.ค. 2569,07:31,08:41,70,กฟส.ท่าอุเทน (XS),23566151,1,ฝนตก ฟ้าคะนอง,ภัยธรรมชาติ-พายุฤดูร้อน/พายุดีเปรสชั่น,ศจฟ,07:30,07:38,08:43,65,1. อนุสรณ์ ทองประสม,รถ : รถแก้ไฟท่าอุเทน,,,,2026-03-25
939,25 มี.ค. 2569,07:48,10:36,168,กฟจ.นครพนม (L),NNA06VB-01,1427,ฝนตก ฟ้าคะนอง,สัตว์-นก/ค้างคาว,ศจฟ,07:48,07:54,10:00,126,1. คณิศร์ อริยชาติ  | 2. ศักดิ์อนันต์ แสนเมือง  | 3. สันติ อินทิสาร  | 4. หิรัญ พลไกรสร,รถ : 81-1269 นพ (นพ 03),"CABLE SPACER,POLY,SAC 22-33 KV. 50-185",3,,2026-03-25
940,25 มี.ค. 2569,08:44,08:45,1,กฟส.ท่าอุเทน (XS),BFA01VF-203,475,ฝนตก ลมแรง,สัตว์-นก/ค้างคาว,ศจฟ,08:44,08:45,08:47,2,1. อนุสรณ์ ทองประสม,รถ : รถแก้ไฟท่าอุเทน,FUSE LINK 22 KV. 30 A.EEI-NEMA TYPE K,1,,2026-03-25
941,25 มี.ค. 2569,09:28,10:33,64,กฟส.ท่าอุเทน (XS),BFA09VF-223,105,ฝนตก ฟ้าคะนอง,สัตว์-นก/ค้างคาว,ศจฟ,09:28,09:29,10:37,68,1. อนุสรณ์ ทองประสม,รถ : รถแก้ไฟท่าอุเทน,FUSE LINK 22 KV. 10 A.EEI-NEMA TYPE K,1,,2026-03-25
942,25 มี.ค. 2569,09:57,10:25,27,กฟส.ศรีสงคราม (XS),SSK02VF-004,878,อากาศปกติ,ต้นไม้-ต้นไม้ล้มทับสาย,ศจฟ,09:57,09:58,11:20,82,1. วุฒิชัย เหมเมือง,รถ : ศรีสงคราม 01,FUSE LINK 22 KV. 15 A.EEI-NEMA TYPE K,2,,2026-03-25
943,25 มี.ค. 2569,10:01,10:34,33,กฟส.ปลาปาก (XS),31-004556,125,ลมแรง,ต้นไม้-ต้นไม้ล้มทับสาย,ศจฟ,10:01,10:02,10:40,38,1. นครินทร์ จำปาทิ,รถ : รถแก้ไฟปลาปาก 01,FUSE LINK 22 KV. 3 A.EEI-NEMA TYPE K,3,,2026-03-25
944,25 มี.ค. 2569,10:44,10:01,0,กฟส.ธาตุพนม (S),67-006189,331,ลมแรง,ต้นไม้-ต้นไม้ล้มทับสาย,ศจฟ,10:44,09:32,10:48,76,1. อติชาติ เมืองงาม,รถ : กระเช้าธาตุพนม,"CABLE LUG,NEMA 2-HOLE,AL 95 SQ.MM.",1,,2026-03-25
945,25 มี.ค. 2569,11:11,11:39,27,กฟส.ปลาปาก (XS),65-030912,30,ลมแรง,ต้นไม้-ต้นไม้ล้มทับสาย,ศจฟ,11:11,11:16,11:47,31,1. สุธรรม จันทะผา,รถ : รถแก้ไฟปลาปาก 01,"H.R.C. FUSE, BLADE CONTACT, 80 A",2,,2026-03-25
946,25 มี.ค. 2569,11:28,11:37,9,กฟส.ท่าอุเทน (XS),34-005371,186,ลมแรง,ต้นไม้-ต้นไม้ล้มทับสาย,ศจฟ,11:28,10:00,11:40,100,1. สุรธวัช วุฒิสาร  | 2. อนุสรณ์ ทองประสม,รถ : -,FUSE LINK 22 KV. 3 A.EEI-NEMA TYPE K,1,,2026-03-25
947,25 มี.ค. 2569,12:07,12:19,12,กฟส.บ้านแพง (S),BFA01VF-112,750,อากาศปกติ,ต้นไม้-กิ่งไม้หักพาดสาย,ศจฟ,12:07,09:40,10:40,60,1. รชานนท์ โมธรรม,รถ : บ้านแพง01,FUSE LINK 22 KV. 15 A.EEI-NEMA TYPE K,2,,2026-03-25
948,25 มี.ค. 2569,12:12,12:28,15,กฟส.ปลาปาก (XS),NNA77F640237,1,อากาศปกติ,สัตว์-งู,ศจฟ,12:12,12:14,12:36,22,1. สุธรรม จันทะผา,รถ : รถแก้ไฟปลาปาก 01,FUSE LINK 22 KV. 30 A.EEI-NEMA TYPE K,2,,2026-03-25
949,25 มี.ค. 2569,13:05,13:41,36,กฟส.ปลาปาก (XS),35-010355,162,อากาศปกติ,สัตว์-งู,ศจฟ,13:05,13:06,14:07,61,1. สุธรรม จันทะผา,รถ : รถแก้ไฟปลาปาก 01,"H.R.C. FUSE, BLADE CONTACT, 100 A",2,,2026-03-25
950,25 มี.ค. 2569,14:29,15:36,67,กฟส.ท่าอุเทน (XS),BFA09VF-222,15,ฝนตก ฟ้าคะนอง,สัตว์-งู,ศจฟ,14:29,14:35,15:41,66,1. สุรธวัช วุฒิสาร  | 2. อนุสรณ์ ทองประสม,รถ : รถแก้ไฟท่าอุเทน,FUSE LINK 22 KV. 15 A.EEI-NEMA TYPE K,1,,2026-03-25
951,25 มี.ค. 2569,15:45,15:58,13,กฟส.ปลาปาก (XS),49-003030,306,ฝนตก,สัตว์-งู,ศจฟ,15:45,15:46,16:08,22,1. สุธรรม จันทะผา,รถ : รถแก้ไฟปลาปาก 01,"H.R.C. FUSE, BLADE CONTACT, 160 A",1,,2026-03-25
952,25 มี.ค. 2569,15:48,16:00,12,กฟส.ศรีสงคราม (XS),39-000564,196,ลมแรง,ต้นไม้-ต้นไม้ล้มทับสาย,ศจฟ,15:48,15:49,16:25,36,1. วุฒิชัย เหมเมือง,รถ : ศรีสงคราม 01,FUSE LINK 22 KV. 5-6 A.EEI-NEMA TYPE K,2,,2026-03-25
953,25 มี.ค. 2569,15:50,15:00,0,กฟส.ธาตุพนม (S),66-016446,46,ลมแรง,ต้นไม้-ต้นไม้ล้มทับสาย,ศจฟ,15:50,14:50,16:29,99,1. อติชาติ เมืองงาม,รถ : กระเช้าธาตุพนม,FUSE LINK 22 KV. 3 A.EEI-NEMA TYPE K,2,,2026-03-25
954,25 มี.ค. 2569,17:00,19:45,165,กฟส.ปลาปาก (XS),NNA07F-38/1,1346,ลมแรง,ต้นไม้-ต้นไม้ล้มทับสาย,ศจฟ,17:00,18:14,19:15,61,1. นครินทร์ จำปาทิ,รถ : รถแก้ไฟปลาปาก 01,"CONN.,SPLICE,TENSION AL 185 SQ.MM.",4,,2026-03-25
955,25 มี.ค. 2569,19:30,21:25,115,กฟส.ปลาปาก (XS),NNA07F-47,560,ฝนตก ฟ้าคะนอง,สภาพสิ่งแวดล้อม-ฟ้าผ่า,ศจฟ,19:30,20:21,21:29,68,1. นครินทร์ จำปาทิ,รถ : รถแก้ไฟปลาปาก 01,FUSE LINK 22 KV. 20 A.EEI-NEMA TYPE K,2,,2026-03-25
956,25 มี.ค. 2569,20:00,21:22,82,กฟส.ปลาปาก (XS),NNA07F-55,609,ลมแรง,สัตว์-งู,ศจฟ,20:00,20:27,21:00,33,1. นครินทร์ จำปาทิ,รถ : รถแก้ไฟปลาปาก 01,FUSE LINK 22 KV. 10 A.EEI-NEMA TYPE K,3,,2026-03-25
957,25 มี.ค. 2569,20:00,21:31,91,กฟส.ปลาปาก (XS),39-000581,262,ลมแรง,อุปกรณ์-ชำรุด,ศจฟ,20:00,20:23,21:33,70,1. นครินทร์ จำปาทิ,รถ : รถแก้ไฟปลาปาก 01,COVERED TIE WIRE.AL.4.0 MM.,1,,2026-03-25
958,25 มี.ค. 2569,20:15,21:01,45,กฟจ.นครพนม (L),NNA08VF-035,1,อากาศปกติ,ต้นไม้-ลมพัดต้นไม้มาแตะสาย,ศจฟ,20:15,20:10,21:02,52,1. ชัยยา มาตขาว  | 2. ธำรงรัตน์ สระแก้ว  | 3. พิพัฒน์ พิมพ์ศรี  | 4. สุรวุฒิ สุขแสงดาว,รถ : 81-1269 นพ (นพ 03),FUSE LINK 22 KV. 15 A.EEI-NEMA TYPE K,2,,2026-03-25
959,25 มี.ค. 2569,20:42,20:45,3,กฟส.นาแก (S),THA03VF-202-4,40,ลมแรง,ต้นไม้-ลมพัดต้นไม้มาแตะสาย,ศจฟ,20:42,20:42,20:47,5,1. วรพันธุ์ ตันสมรส,รถ : นก-03,FUSE HOLDER 22 KV. 100 A. 12 KA.,1,,2026-03-25
960,25 มี.ค. 2569,20:50,21:10,20,กฟจ.นครพนม (L),62-000333,111,ลมแรง,ต้นไม้-ลมพัดต้นไม้มาแตะสาย,ศจฟ,20:50,20:54,21:35,41,1. ชัยยา มาตขาว  | 2. ธำรงรัตน์ สระแก้ว  | 3. พิพัฒน์ พิมพ์ศรี  | 4. สุรวุฒิ สุขแสงดาว,รถ : 3ฒภ 2576 กทม (นพ 01),"H.R.C. FUSE, BLADE CONTACT, 160 A",1,,2026-03-25
961,25 มี.ค. 2569,21:00,22:00,60,กฟส.ธาตุพนม (S),65-030898,68,อากาศปกติ,ต้นไม้-ต้นไม้ล้มทับสาย,ศจฟ,21:00,21:00,22:00,60,1. ธีรพิชญ์ มิ่งขวัญ  | 2. พงศวัชร์ ธัญภัทร์อนันต์  | 3. อุทัย สุมินทร์,รถ : กระเช้าธาตุพนม,"CONN.,PG,DOUBLE BOLT,AL 25-95 SQ.MM.",2,,2026-03-25
962,25 มี.ค. 2569,21:55,20:30,0,กฟส.ท่าอุเทน (XS),64-018301,0,อากาศปกติ,ต้นไม้-ต้นไม้ล้มทับสาย,ศจฟ,21:55,20:00,21:20,80,1. สุรธวัช วุฒิสาร,รถ : รถแก้ไฟท่าอุเทน,"H.R.C. FUSE, BLADE CONTACT, 80 A",1,,2026-03-25
963,25 มี.ค. 2569,22:14,22:40,26,กฟส.ธาตุพนม (S),THA01VF-31,452,อากาศปกติ,ต้นไม้-ต้นไม้ล้มทับสาย,ศจฟ,22:14,22:05,22:50,45,1. ธีรพิชญ์ มิ่งขวัญ  | 2. พงศวัชร์ ธัญภัทร์อนันต์  | 3. อุทัย สุมินทร์,รถ : กระเช้าธาตุพนม,FUSE LINK 22 KV. 40 A.EEI-NEMA TYPE K,1,,2026-03-25
964,25 มี.ค. 2569,22:47,23:20,33,กฟส.ศรีสงคราม (XS),SSK02VF-018,50,ฝนตก ลมแรง,ภัยธรรมชาติ-พายุฤดูร้อน/พายุดีเปรสชั่น,ศจฟ,22:47,22:47,23:30,43,1. เชาวลิต หัสรินทร์,รถ : ศรีสงคราม 01,FUSE LINK 22 KV. 20 A.EEI-NEMA TYPE K,3,,2026-03-25
965,25 มี.ค. 2569,23:05,23:50,45,กฟส.ธาตุพนม (S),60-011909,89,อากาศปกติ,ต้นไม้-ต้นไม้ล้มทับสาย,ศจฟ,23:05,23:00,23:55,55,1. ธีรพิชญ์ มิ่งขวัญ  | 2. พงศวัชร์ ธัญภัทร์อนันต์  | 3. อุทัย สุมินทร์,รถ : กระเช้าธาตุพนม,"CABLE,AL,750 V,50 SQ.MM. TIS.293",5,,2026-03-25
966,26 มี.ค. 2569,03:54,05:28,94,กฟส.เรณูนคร (XS),47-012129,56,อากาศปกติ,ต้นไม้-ต้นไม้ล้มทับสาย,ศจฟ,03:54,04:05,05:43,98,1. พงศวัชร์ ธัญภัทร์อนันต์,รถ : 80-7964 นพ รณ.01,FUSE LINK 22 KV. 8 A.EEI-NEMA TYPE K,1,,2026-03-26
967,26 มี.ค. 2569,08:32,08:48,15,กฟส.โพนสวรรค์ (XS),SSK09F-09,310,ฝนตก ลมแรง,ภัยธรรมชาติ-พายุฤดูร้อน/พายุดีเปรสชั่น,ศจฟ,08:32,05:41,07:20,99,1. เพชราวุธ โพชราช,รถ : โพนสวรรค์-02,FUSE LINK 22 KV. 15 A.EEI-NEMA TYPE K,2,,2026-03-26
968,26 มี.ค. 2569,08:40,09:16,36,กฟส.โพนสวรรค์ (XS),60-008913,32,อากาศปกติ,สัตว์-งู,ศจฟ,08:40,07:35,08:22,47,1. เพชราวุธ โพชราช,รถ : โพนสวรรค์-02,FUSE LINK 22 KV. 3 A.EEI-NEMA TYPE K,1,,2026-03-26
969,26 มี.ค. 2569,09:25,10:05,40,กฟจ.นครพนม (L),NNA06F-10,1,อากาศปกติ,สัตว์-กระรอก/กระแต/หนู,ศจฟ,09:25,09:27,10:15,48,1. กิติศักดิ์ หาราช  | 2. คณิศร์ อริยชาติ  | 3. ประจล ศรีสุราช  | 4. พงศ์อิสรา ภักดี  | 5. เกริกฤทธิ์ จันทรโพธิ์ศรี,รถ : รถกระเช้า (04),"DROPOUT,FUSE,22 KV.100 A.12 KA",3,,2026-03-26
970,26 มี.ค. 2569,09:29,09:35,6,กฟจ.นครพนม (L),NNB01VF-026,1,อากาศปกติ,สัตว์-กระรอก/กระแต/หนู,ศจฟ,09:29,09:33,09:51,18,1. กิติศักดิ์ หาราช  | 2. ประจล ศรีสุราช  | 3. พงศ์อิสรา ภักดี  | 4. เกริกฤทธิ์ จันทรโพธิ์ศรี,รถ : 3ฒภ 2576 กทม (นพ 01),FUSE LINK 22 KV. 8 A.EEI-NEMA TYPE K,1,,2026-03-26
971,26 มี.ค. 2569,09:54,09:59,5,กฟจ.นครพนม (L),34-000653,37,อากาศชื้น / หมอก,อุปกรณ์-ชำรุด,ศจฟ,09:54,09:55,10:01,6,1. กิติศักดิ์ หาราช  | 2. คณิศร์ อริยชาติ  | 3. ประจล ศรีสุราช  | 4. พงศ์อิสรา ภักดี  | 5. เกริกฤทธิ์ จันทรโพธิ์ศรี,รถ : 81-1269 นพ (นพ 03),"CABLE,AL,750 V,50 SQ.MM. TIS.293",15,,2026-03-26
972,26 มี.ค. 2569,10:02,10:14,12,กฟจ.นครพนม (L),66-015652,164,อากาศชื้น / หมอก,อุปกรณ์-ชำรุด,ศจฟ,10:02,10:04,10:20,16,1. กิติศักดิ์ หาราช  | 2. คณิศร์ อริยชาติ  | 3. ประจล ศรีสุราช  | 4. พงศ์อิสรา ภักดี  | 5. เกริกฤทธิ์ จันทรโพธิ์ศรี,รถ : 81-1269 นพ (นพ 03),"CABLE,AL,750 V,95 SQ.MM. TIS.293",15,,2026-03-26
973,26 มี.ค. 2569,10:11,10:40,29,กฟส.ปลาปาก (XS),54-011268,8,อากาศปกติ,ต้นไม้-กิ่งไม้หักพาดสาย,ศจฟ,10:11,10:12,10:47,35,1. สุธรรม จันทะผา,รถ : รถแก้ไฟปลาปาก 01,"CABLE,AL,750 V,50 SQ.MM. TIS.293",5,,2026-03-26
974,26 มี.ค. 2569,10:23,10:34,11,กฟจ.นครพนม (L),60-011452,400,อากาศปกติ,อุปกรณ์-ชำรุด,ศจฟ,10:23,10:26,10:40,14,1. กิติศักดิ์ หาราช  | 2. คณิศร์ อริยชาติ  | 3. ประจล ศรีสุราช  | 4. พงศ์อิสรา ภักดี  | 5. เกริกฤทธิ์ จันทรโพธิ์ศรี,รถ : 81-1269 นพ (นพ 03),"CABLE,AL,750 V,50 SQ.MM. TIS.293",10,,2026-03-26
975,26 มี.ค. 2569,10:27,10:32,5,กฟส.นาแก (S),THA03VF-204,212,อากาศปกติ,สัตว์-งู,ศจฟ,10:27,10:28,10:56,28,1. อนาวิน อาจหาญ,รถ : นก-03,FUSE LINK 22 KV. 10 A.EEI-NEMA TYPE K,2,,2026-03-26
976,26 มี.ค. 2569,11:45,11:45,0,กฟส.ศรีสงคราม (XS),SSK02VF-018,50,ฝนตก ลมแรง,ต้นไม้-ต้นไม้ล้มทับสาย,ศจฟ,11:45,11:46,12:02,16,1. วุฒิชัย เหมเมือง,รถ : ศรีสงคราม 01,"CONN.,PG,DOUBLE BOLT,AL 25-95 SQ.MM.",2,,2026-03-26
977,26 มี.ค. 2569,12:01,12:14,13,กฟส.ธาตุพนม (S),THA06VF-016,1757,อากาศปกติ,ต้นไม้-ต้นไม้ล้มทับสาย,ศจฟ,12:01,12:03,12:35,32,1. เกรียงศักดิ์ สุพรรณคุ้ม,รถ : กระเช้าธาตุพนม,FUSE LINK 22 KV. 40 A.EEI-NEMA TYPE K,2,,2026-03-26
978,26 มี.ค. 2569,13:33,13:38,5,กฟจ.นครพนม (L),NNB02VF-002,83,อากาศปกติ,ต้นไม้-ต้นไม้ล้มทับสาย,ศจฟ,13:33,13:35,13:40,5,1. กิติศักดิ์ หาราช  | 2. คณิศร์ อริยชาติ  | 3. ประจล ศรีสุราช  | 4. พงศ์อิสรา ภักดี  | 5. เกริกฤทธิ์ จันทรโพธิ์ศรี,รถ : 3ฒภ 2576 กทม (นพ 01),FUSE LINK 22 KV. 15 A.EEI-NEMA TYPE K,1,,2026-03-26
979,26 มี.ค. 2569,13:47,14:24,36,กฟส.ปลาปาก (XS),38-013482,38,อากาศปกติ,ต้นไม้-ต้นไม้ล้มทับสาย,ศจฟ,13:47,13:53,14:39,46,1. สุธรรม จันทะผา,รถ : รถแก้ไฟปลาปาก 01,"CABLE,AL,750 V,50 SQ.MM. TIS.293",3,,2026-03-26
980,26 มี.ค. 2569,13:54,14:17,22,กฟจ.นครพนม (L),NNA01VF-015,1,อากาศปกติ,ต้นไม้-ต้นไม้ล้มทับสาย,ศจฟ,13:54,13:58,14:19,21,1. กิติศักดิ์ หาราช  | 2. คณิศร์ อริยชาติ  | 3. ประจล ศรีสุราช  | 4. พงศ์อิสรา ภักดี  | 5. เกริกฤทธิ์ จันทรโพธิ์ศรี,รถ : 3ฒภ 2576 กทม (นพ 01),FUSE LINK 22 KV. 20 A.EEI-NEMA TYPE K,1,,2026-03-26
981,26 มี.ค. 2569,14:47,15:34,47,กฟส.ศรีสงคราม (XS),SSK02VF-021,1,ฝนตก ลมแรง,ภัยธรรมชาติ-พายุฤดูร้อน/พายุดีเปรสชั่น,ศจฟ,14:47,14:48,16:00,72,1. ปัญจพงษ์ เศรษฐาไชย,รถ : ศรีสงคราม 03,,,,2026-03-26
982,26 มี.ค. 2569,15:27,15:42,15,กฟส.ศรีสงคราม (XS),45-022322,298,อากาศปกติ,สัตว์-กระรอก/กระแต/หนู,ศจฟ,15:27,15:32,16:25,53,1. ปัญจพงษ์ เศรษฐาไชย  | 2. วุฒิชัย เหมเมือง  | 3. เชาวลิต หัสรินทร์,รถ : ศรีสงคราม 01,,,,2026-03-26
983,26 มี.ค. 2569,15:51,16:29,38,กฟส.ศรีสงคราม (XS),BFA09VF-211,12,ลมแรง,ภัยธรรมชาติ-พายุฤดูร้อน/พายุดีเปรสชั่น,ศจฟ,15:51,15:52,16:40,48,1. เชาวลิต หัสรินทร์,รถ : ศรีสงคราม 02,,,,2026-03-26
984,26 มี.ค. 2569,19:50,21:17,87,กฟส.ปลาปาก (XS),THA06F-86,413,อากาศปกติ,ต้นไม้-กิ่งไม้หักพาดสาย,ศจฟ,19:50,20:57,21:29,32,1. สุธรรม จันทะผา,รถ : รถแก้ไฟปลาปาก 01,FUSE HOLDER 22 KV. 100 A. 12 KA.,1,,2026-03-26
985,26 มี.ค. 2569,21:07,21:35,27,กฟส.นาทม (XS),63-033247,167,อากาศปกติ,ต้นไม้-กิ่งไม้หักพาดสาย,ศจฟ,21:07,21:08,21:53,45,1. วราวุธ นาขมิ้น,รถ : นาทม 01,"CABLE,AL,750 V,50 SQ.MM. TIS.293",5,,2026-03-26
986,26 มี.ค. 2569,21:20,01:01,221,กฟจ.นครพนม (L),NNA05F-01/1,225,อากาศปกติ,ต้นไม้-กิ่งไม้หักพาดสาย,ศจฟ,21:20,21:20,22:10,50,1. วิเชียร สุวอ  | 2. หฤษฎ์ ถูระวัน,รถ : 81-1269 นพ (นพ 03),"DROPOUT,FUSE,22 KV.100 A.12 KA",2,,2026-03-26
987,26 มี.ค. 2569,22:00,23:35,94,กฟจ.นครพนม (L),55-002966,183,อากาศปกติ,ต้นไม้-กิ่งไม้หักพาดสาย,ศจฟ,22:00,22:27,23:41,74,1. พงษ์สนิจ ศรีวิชัย  | 2. วิเชียร สุวอ  | 3. หฤษฎ์ ถูระวัน  | 4. หิรัญ พลไกรสร,รถ : 3ฒภ 2576 กทม (นพ 01),"H.R.C. FUSE, BLADE CONTACT, 160 A",1,,2026-03-26
988,26 มี.ค. 2569,23:30,23:55,24,กฟจ.นครพนม (L),NNA07F-40,398,อากาศปกติ,สัตว์-นก/ค้างคาว,ศจฟ,23:30,23:42,00:01,20,1. พงษ์สนิจ ศรีวิชัย  | 2. วิเชียร สุวอ  | 3. หฤษฎ์ ถูระวัน  | 4. หิรัญ พลไกรสร,รถ : 3ฒภ 2576 กทม (นพ 01),FUSE LINK 22 KV. 25 A.EEI-NEMA TYPE K,1,,2026-03-26
989,27 มี.ค. 2569,06:00,05:13,0,กฟส.ธาตุพนม (S),THA01VF-016,705,อากาศปกติ,สัตว์-นก/ค้างคาว,ศจฟ,06:00,05:05,06:15,70,1. ณวุฒิ กลางประพันธ์  | 2. อติชาติ เมืองงาม,รถ : กระเช้าธาตุพนม,FUSE LINK 22 KV. 40 A.EEI-NEMA TYPE K,1,,2026-03-27
990,27 มี.ค. 2569,06:00,06:12,12,กฟส.นาหว้า (XS),SSK04VF-103,1,อากาศปกติ,สัตว์-นก/ค้างคาว,ศจฟ,06:00,06:05,06:13,8,1. อัมรินทร์ วะราวัง,รถ : นาหว้า 02,FUSE LINK 22 KV. 15 A.EEI-NEMA TYPE K,1,,2026-03-27
991,27 มี.ค. 2569,06:01,06:16,15,กฟส.โพนสวรรค์ (XS),60-008913,32,อากาศชื้น / หมอก,อุปกรณ์-ชำรุด,ศจฟ,06:00,04:00,05:00,60,1. รวิชญ์ พรมน้อย,รถ : โพนสวรรค์-03,FUSE LINK 22 KV. 3 A.EEI-NEMA TYPE K,1,,2026-03-27
992,27 มี.ค. 2569,06:40,08:01,81,กฟจ.นครพนม (L),NNA07F-41,267,อากาศชื้น / หมอก,อุปกรณ์-ชำรุด,ศจฟ,06:40,06:20,06:47,27,1. ทศวรรษ มังคละคีรี  | 2. ธำรงรัตน์ สระแก้ว  | 3. สุรวุฒิ สุขแสงดาว,รถ : 3ฒภ 2576 กทม (นพ 01),FUSE LINK 22 KV. 10 A.EEI-NEMA TYPE K,2,,2026-03-27
993,27 มี.ค. 2569,07:00,07:11,11,กฟส.ท่าอุเทน (XS),NNA08VF-216,38,อากาศชื้น / หมอก,อุปกรณ์-ชำรุด,ศจฟ,07:00,07:08,07:13,5,1. อนุสรณ์ ทองประสม,รถ : รถแก้ไฟท่าอุเทน,FUSE HOLDER 22 KV. 100 A. 12 KA.,1,,2026-03-27
994,27 มี.ค. 2569,07:26,07:49,22,กฟส.บ้านแพง (S),66-002040,48,อากาศปกติ,สัตว์-กระรอก/กระแต/หนู,ศจฟ,07:26,06:30,07:20,50,1. รชานนท์ โมธรรม,รถ : กระเช้าบ้านแพง,FUSE LINK 22 KV. 3 A.EEI-NEMA TYPE K,1,,2026-03-27
995,27 มี.ค. 2569,08:55,09:31,36,กฟส.ธาตุพนม (S),THA01VF-003,268,อากาศปกติ,สัตว์-งู,ศจฟ,08:55,08:56,09:32,36,1. นรากร แสนโสม,รถ : กระเช้าธาตุพนม,FUSE LINK 22 KV. 25 A.EEI-NEMA TYPE K,1,,2026-03-27
996,27 มี.ค. 2569,09:02,09:47,45,กฟส.นาหว้า (XS),SSK06F-15/3,172,อากาศปกติ,สัตว์-งู,ศจฟ,09:02,09:02,09:48,46,1. อัมรินทร์ วะราวัง,รถ : นาหว้า 02,FUSE LINK 22 KV. 20 A.EEI-NEMA TYPE K,1,,2026-03-27
997,27 มี.ค. 2569,09:58,11:13,75,กฟส.ธาตุพนม (S),THA06VF-035,1,อากาศปกติ,สัตว์-งู,ศจฟ,09:58,10:03,11:15,72,1. นรากร แสนโสม,รถ : กระเช้าธาตุพนม,FUSE LINK 22 KV. 5-6 A.EEI-NEMA TYPE K,3,,2026-03-27
998,27 มี.ค. 2569,10:06,10:17,11,กฟส.ท่าอุเทน (XS),NNA08VF-211,24,อากาศชื้น / หมอก,สัตว์-งู,ศจฟ,10:06,10:07,10:34,27,1. อนุสรณ์ ทองประสม,รถ : รถแก้ไฟท่าอุเทน,FUSE LINK 22 KV. 15 A.EEI-NEMA TYPE K,1,,2026-03-27
999,27 มี.ค. 2569,10:41,11:22,40,กฟส.ศรีสงคราม (XS),59-007836,197,ฝนตก ลมแรง,ภัยธรรมชาติ-พายุฤดูร้อน/พายุดีเปรสชั่น,ศจฟ,10:41,10:42,11:50,68,1. ปัญจพงษ์ เศรษฐาไชย,รถ : ศรีสงคราม 03,"BOLT,MACHINE M.16X170 MM.",1,,2026-03-27
1000,27 มี.ค. 2569,10:43,10:59,15,กฟส.นาหว้า (XS),62-002182,17,ฝนตก ลมแรง,ภัยธรรมชาติ-พายุฤดูร้อน/พายุดีเปรสชั่น,ศจฟ,10:43,10:44,11:02,18,1. อัมรินทร์ วะราวัง,รถ : นาหว้า 02,"CABLE,AL,750 V,50 SQ.MM. TIS.293",5,,2026-03-27
1001,27 มี.ค. 2569,19:57,20:43,45,กฟจ.นครพนม (L),DDE08F-62,30,ฝนตก ลมแรง,ภัยธรรมชาติ-พายุฤดูร้อน/พายุดีเปรสชั่น,ศจฟ,19:57,19:57,20:45,48,1. ประจล ศรีสุราช  | 2. ภานุวัฒน์ สิงห์ทองไชย  | 3. วสันต์ชัย ดวงสูงเนิน  | 4. เกริกฤทธิ์ จันทรโพธิ์ศรี,รถ : 81-1269 นพ (นพ 03),FUSE LINK 22 KV. 8 A.EEI-NEMA TYPE K,1,,2026-03-27
1002,27 มี.ค. 2569,20:38,20:40,2,กฟจ.นครพนม (L),25-000555,123,ฝนตก ลมแรง,ภัยธรรมชาติ-พายุฤดูร้อน/พายุดีเปรสชั่น,ศจฟ,20:38,20:39,20:46,7,1. ประจล ศรีสุราช  | 2. ภานุวัฒน์ สิงห์ทองไชย  | 3. วสันต์ชัย ดวงสูงเนิน  | 4. เกริกฤทธิ์ จันทรโพธิ์ศรี,รถ : 81-1269 นพ (นพ 03),"H.R.C. FUSE, BLADE CONTACT, 100 A",1,,2026-03-27
1003,27 มี.ค. 2569,22:12,18:33,1221,กฟจ.นครพนม (L),25-000555,123,ฝนตก ลมแรง,ภัยธรรมชาติ-พายุฤดูร้อน/พายุดีเปรสชั่น,ศจฟ,22:12,22:13,18:39,1226,1. ประจล ศรีสุราช  | 2. วสันต์ชัย ดวงสูงเนิน  | 3. เกริกฤทธิ์ จันทรโพธิ์ศรี,รถ : 81-1269 นพ (นพ 03),"H.R.C. FUSE, BLADE CONTACT, 160 A",1,,2026-03-27
1004,27 มี.ค. 2569,22:48,19:00,0,กฟส.โพนสวรรค์ (XS),18015931,1,อากาศปกติ,สภาพสิ่งแวดล้อม-สภาพสิ่งแวดล้อมอื่นๆ,ศจฟ,22:48,18:20,19:25,65,1. สุทธิเกียรติ บุญรังษี,รถ : โพนสวรรค์-03,"CABLE,CU,PVC,INS.&JAC. 600V, 2X10 SQ.MM.",7,,2026-03-27
1005,27 มี.ค. 2569,22:49,21:00,0,กฟส.โพนสวรรค์ (XS),NNA01F-39,529,อากาศปกติ,สภาพสิ่งแวดล้อม-สภาพสิ่งแวดล้อมอื่นๆ,ศจฟ,22:49,20:00,21:00,60,1. สุทธิเกียรติ บุญรังษี,รถ : โพนสวรรค์-03,FUSE LINK 22 KV. 25 A.EEI-NEMA TYPE K,2,,2026-03-27
1006,27 มี.ค. 2569,23:54,00:00,6,กฟส.ปลาปาก (XS),NNA07F-70,285,อากาศปกติ,อุปกรณ์-ชำรุด,ศจฟ,23:54,23:57,00:29,32,1. ราชันย์ กุลสุทธิ์,รถ : รถแก้ไฟปลาปาก 01,"DROPOUT,FUSE,22 KV.100 A.12 KA",1,,2026-03-27
1007,27 มี.ค. 2569,23:57,00:01,4,กฟส.ปลาปาก (XS),67-031888,285,อากาศปกติ,อุปกรณ์-ชำรุด,ศจฟ,23:57,23:58,00:32,34,1. ราชันย์ กุลสุทธิ์,รถ : รถแก้ไฟปลาปาก 01,"H.R.C. FUSE, BLADE CONTACT, 160 A",1,,2026-03-27
1008,28 มี.ค. 2569,07:44,07:57,13,กฟส.ท่าอุเทน (XS),67-011953,97,ฝนตก,ต้นไม้-ต้นไม้ล้มทับสาย,ศจฟ,07:44,06:00,08:01,121,1. วีระพงษ์ วงตรี,รถ : -,"CABLE,AL,750 V,50 SQ.MM. TIS.293",5,,2026-03-28
1009,28 มี.ค. 2569,09:00,09:00,0,กฟจ.นครพนม (L),NNB01VF-023,1240,ฝนตก,ต้นไม้-ต้นไม้ล้มทับสาย,ศจฟ,09:00,08:30,09:00,30,1. จันทะคาด บัวเคน  | 2. ทศวรรษ มังคละคีรี  | 3. สุรวุฒิ สุขแสงดาว,รถ : 3ฒภ 2576 กทม (นพ 01),FUSE LINK 22 KV. 25 A.EEI-NEMA TYPE K,2,,2026-03-28
1010,28 มี.ค. 2569,09:00,09:15,15,กฟจ.นครพนม (L),NNA02F-03/1,78,ฝนตก,ต้นไม้-ต้นไม้ล้มทับสาย,ศจฟ,09:00,09:00,09:30,30,1. จันทะคาด บัวเคน  | 2. ทศวรรษ มังคละคีรี  | 3. สุรวุฒิ สุขแสงดาว,รถ : 3ฒภ 2576 กทม (นพ 01),FUSE LINK 22 KV. 10 A.EEI-NEMA TYPE K,2,,2026-03-28
1011,28 มี.ค. 2569,10:00,10:30,29,กฟจ.นครพนม (L),NNA02VF-013,958,ฝนตก,ต้นไม้-ต้นไม้ล้มทับสาย,ศจฟ,10:00,10:00,10:25,25,1. จันทะคาด บัวเคน  | 2. ทศวรรษ มังคละคีรี  | 3. สุรวุฒิ สุขแสงดาว,รถ : 3ฒภ 2576 กทม (นพ 01),FUSE LINK 22 KV. 40 A.EEI-NEMA TYPE K,2,,2026-03-28
1012,28 มี.ค. 2569,12:08,14:17,129,กฟส.นาแก (S),63-020645,181,อากาศปกติ,อุปกรณ์-ชำรุด,ศจฟ,12:08,13:33,14:20,47,1. พิษณุ คำคนซื่อ,รถ : นก-03,"H.R.C. FUSE, BLADE CONTACT, 160 A",1,,2026-03-28
1013,28 มี.ค. 2569,13:00,14:30,90,กฟส.โพนสวรรค์ (XS),6600511117,1,อากาศปกติ,อุปกรณ์-ติดตั้งไม่ได้มาตรฐาน,ศจฟ,13:00,13:10,15:09,119,1. วรัญญู สังรวมใจ,รถ : โพนสวรรค์-03,"CABLE,CU,PVC,INS.&JAC. 600V, 2X10 SQ.MM.",7,,2026-03-28
1014,28 มี.ค. 2569,18:24,18:34,10,กฟจ.นครพนม (L),NNA01VF-069,437,อากาศปกติ,อุปกรณ์-ติดตั้งไม่ได้มาตรฐาน,ศจฟ,18:24,18:27,18:38,11,1. จันทะคาด บัวเคน  | 2. ชัยยา มาตขาว  | 3. นลธวัช ศรีหาเศษ  | 4. วสันต์ชัย ดวงสูงเนิน,รถ : 81-1269 นพ (นพ 03),FUSE LINK 22 KV. 25 A.EEI-NEMA TYPE K,2,,2026-03-28
1015,28 มี.ค. 2569,18:28,19:10,42,กฟจ.นครพนม (L),NNB02VF-033,119,อากาศปกติ,อุปกรณ์-ติดตั้งไม่ได้มาตรฐาน,ศจฟ,18:28,18:31,19:23,52,1. จันทะคาด บัวเคน  | 2. ชัยยา มาตขาว  | 3. นลธวัช ศรีหาเศษ  | 4. วสันต์ชัย ดวงสูงเนิน,รถ : 3ฒภ 2576 กทม (นพ 01),FUSE LINK 22 KV. 15 A.EEI-NEMA TYPE K,1,,2026-03-28
1016,28 มี.ค. 2569,21:50,21:56,6,กฟส.บ้านแพง (S),28-016920,32,ลมแรง,ต้นไม้-ลมพัดต้นไม้มาแตะสาย,ศจฟ,21:50,21:50,22:20,30,1. ปิยะณัฐ พลเหี้ยมหาญ,รถ : กระเช้าบ้านแพง,FUSE LINK 22 KV. 3 A.EEI-NEMA TYPE K,1,,2026-03-28
1017,28 มี.ค. 2569,22:15,22:35,20,กฟส.ธาตุพนม (S),65-028137,9,ลมแรง,ต้นไม้-ลมพัดต้นไม้มาแตะสาย,ศจฟ,22:15,22:16,22:50,34,1. พงศวัชร์ ธัญภัทร์อนันต์  | 2. เกรียงศักดิ์ สุพรรณคุ้ม,รถ : กระเช้าธาตุพนม,"H.R.C. FUSE, BLADE CONTACT, 80 A",2,,2026-03-28
1018,28 มี.ค. 2569,22:25,22:30,5,กฟจ.นครพนม (L),61-014930,85,ลมแรง,ต้นไม้-ลมพัดต้นไม้มาแตะสาย,ศจฟ,22:25,22:26,23:17,51,1. จันทะคาด บัวเคน  | 2. ชัยยา มาตขาว  | 3. นลธวัช ศรีหาเศษ  | 4. วสันต์ชัย ดวงสูงเนิน,รถ : 3ฒภ 2576 กทม (นพ 01),"H.R.C. FUSE, BLADE CONTACT, 160 A",1,,2026-03-28
1019,29 มี.ค. 2569,05:39,08:00,141,กฟส.เรณูนคร (XS),66-016026,116,ลมแรง,ต้นไม้-ลมพัดต้นไม้มาแตะสาย,ศจฟ,05:39,05:42,08:06,144,1. พงศวัชร์ ธัญภัทร์อนันต์,รถ : 80-7964 นพ รณ.01,"CONN.,PG,DOUBLE BOLT,AL 25-95 SQ.MM.",1,,2026-03-29
1020,29 มี.ค. 2569,06:20,07:11,51,กฟส.โพนสวรรค์ (XS),61-012684,103,อากาศปกติ,อุปกรณ์-ชำรุด,ศจฟ,06:20,06:21,07:21,60,1. ทรงกลด มาศศรี,รถ : โพนสวรรค์-03,"H.R.C. FUSE, BLADE CONTACT, 100 A",1,,2026-03-29
1021,29 มี.ค. 2569,06:41,07:07,26,กฟส.ท่าอุเทน (XS),SSK02VF-201,626,อากาศชื้น / หมอก,อุปกรณ์-ชำรุด,ศจฟ,06:41,06:42,07:14,32,1. วีระพงษ์ วงตรี  | 2. อนุสรณ์ ทองประสม,รถ : รถแก้ไฟท่าอุเทน,FUSE LINK 22 KV. 30 A.EEI-NEMA TYPE K,1,,2026-03-29
1022,29 มี.ค. 2569,06:46,06:40,0,กฟจ.นครพนม (L),NNA04F-01,1,อากาศชื้น / หมอก,อุปกรณ์-ชำรุด,ศจฟ,06:46,06:10,06:40,30,1. ณัฏฐศรันย์ อันทระบุตร  | 2. พิพัฒน์ นะระทะ  | 3. ศักดิ์อนันต์ แสนเมือง,รถ : 3ฒภ 2576 กทม (นพ 01),FUSE LINK 22 KV. 15 A.EEI-NEMA TYPE K,2,,2026-03-29
1023,29 มี.ค. 2569,06:47,08:00,73,กฟจ.นครพนม (L),NNA04F-26/1,138,อากาศชื้น / หมอก,อุปกรณ์-ชำรุด,ศจฟ,06:47,07:30,08:30,60,1. ณัฏฐศรันย์ อันทระบุตร  | 2. พิพัฒน์ นะระทะ  | 3. ศักดิ์อนันต์ แสนเมือง,รถ : 3ฒภ 2576 กทม (นพ 01),FUSE LINK 22 KV. 3 A.EEI-NEMA TYPE K,2,,2026-03-29
1024,29 มี.ค. 2569,07:30,08:22,51,กฟส.โพนสวรรค์ (XS),64-013322,9,อากาศปกติ,สัตว์-งู,ศจฟ,07:30,07:30,08:30,60,1. ทรงกลด มาศศรี,รถ : โพนสวรรค์-03,FUSE LINK 22 KV. 3 A.EEI-NEMA TYPE K,1,,2026-03-29
1025,29 มี.ค. 2569,08:16,08:19,3,กฟส.ท่าอุเทน (XS),58-017410,36,อากาศชื้น / หมอก,สัตว์-งู,ศจฟ,08:16,08:17,08:22,5,1. วีระพงษ์ วงตรี  | 2. อนุสรณ์ ทองประสม,รถ : รถแก้ไฟท่าอุเทน,"CABLE,AL,750 V,50 SQ.MM. TIS.293",3,,2026-03-29
1026,29 มี.ค. 2569,10:26,10:58,31,กฟส.ศรีสงคราม (XS),64-013532,15,อากาศปกติ,สัตว์-งู,ศจฟ,10:26,10:27,11:24,57,1. ปัญจพงษ์ เศรษฐาไชย,รถ : ศรีสงคราม 02,FUSE LINK 22 KV. 3 A.EEI-NEMA TYPE K,1,,2026-03-29
1027,29 มี.ค. 2569,11:33,12:45,72,กฟส.ธาตุพนม (S),THA06VF-042,70,อากาศปกติ,สัตว์-งู,ศจฟ,11:33,11:34,12:53,79,1. ธิติ เรณู  | 2. นรากร แสนโสม,รถ : กระเช้าธาตุพนม,FUSE LINK 22 KV. 10 A.EEI-NEMA TYPE K,2,,2026-03-29
1028,29 มี.ค. 2569,13:46,14:41,54,กฟจ.นครพนม (L),65-014382,106,อากาศปกติ,สัตว์-งู,ศจฟ,13:46,13:00,13:25,25,1. กิติศักดิ์ หาราช  | 2. ทศวรรษ มังคละคีรี  | 3. นลธวัช ศรีหาเศษ,รถ : 3ฒภ 2576 กทม (นพ 01),"CONN.,PG,DOUBLE BOLT,AL 25-95 SQ.MM.",2,,2026-03-29
1029,29 มี.ค. 2569,13:49,13:43,0,กฟจ.นครพนม (L),NNA02VF-020,63,อากาศปกติ,สัตว์-งู,ศจฟ,13:49,13:25,13:55,30,1. กิติศักดิ์ หาราช  | 2. ทศวรรษ มังคละคีรี  | 3. นลธวัช ศรีหาเศษ,รถ : 3ฒภ 2576 กทม (นพ 01),FUSE LINK 22 KV. 10 A.EEI-NEMA TYPE K,2,,2026-03-29
1030,29 มี.ค. 2569,15:05,16:03,58,กฟส.ศรีสงคราม (XS),SSK02VF-009,219,ลมแรง,บุคคลภายนอก-คนตัดต้นไม้,ศจฟ,15:05,15:06,16:30,84,1. ปัญจพงษ์ เศรษฐาไชย,รถ : ศรีสงคราม 02,FUSE LINK 22 KV. 20 A.EEI-NEMA TYPE K,2,,2026-03-29
1031,29 มี.ค. 2569,18:45,18:30,0,กฟส.ท่าอุเทน (XS),,2263,ลมแรง,ภัยธรรมชาติ-พายุฤดูร้อน/พายุดีเปรสชั่น,ศจฟ,18:45,17:50,19:20,90,1. สุรธวัช วุฒิสาร,รถ : รถแก้ไฟท่าอุเทน,,,,2026-03-29
1032,29 มี.ค. 2569,21:00,20:00,0,กฟจ.นครพนม (L),NNA04F-03,277,ลมแรง,ภัยธรรมชาติ-พายุฤดูร้อน/พายุดีเปรสชั่น,ศจฟ,21:00,19:45,20:18,33,1. ทศวรรษ มังคละคีรี  | 2. สุรวุฒิ สุขแสงดาว,รถ : 3ฒภ 2576 กทม (นพ 01),"CABLE,AL,750 V,50 SQ.MM. TIS.293",4,,2026-03-29
1033,29 มี.ค. 2569,21:10,21:55,45,กฟส.บ้านแพง (S),57-005802,12,ฝนตก ลมแรง,ภัยธรรมชาติ-พายุฤดูร้อน/พายุดีเปรสชั่น,ศจฟ,21:10,17:10,17:55,45,1. ทศพร เจริญสว่าง,รถ : กระเช้าบ้านแพง,"H.R.C. FUSE, BLADE CONTACT, 80 A",2,,2026-03-29
1034,30 มี.ค. 2569,07:00,08:03,63,กฟจ.นครพนม (L),NNA06F-07,177,ฝนตก ลมแรง,ภัยธรรมชาติ-พายุฤดูร้อน/พายุดีเปรสชั่น,ศจฟ,07:00,08:01,08:05,4,1. จันทะคาด บัวเคน  | 2. นลธวัช ศรีหาเศษ  | 3. วสันต์ชัย ดวงสูงเนิน,รถ : 3ฒภ 2576 กทม (นพ 01),FUSE LINK 22 KV. 40 A.EEI-NEMA TYPE K,2,,2026-03-30
1035,30 มี.ค. 2569,07:01,08:35,94,กฟส.โพนสวรรค์ (XS),35-011440,215,อากาศปกติ,อุปกรณ์-ชำรุด,ศจฟ,07:00,06:37,08:06,89,1. เพชราวุธ โพชราช,รถ : โพนสวรรค์-02,FUSE HOLDER 22 KV. 100 A. 12 KA.,1,,2026-03-30
1036,30 มี.ค. 2569,07:15,08:02,47,กฟจ.นครพนม (L),NNA05F-17,2,อากาศปกติ,อุปกรณ์-ชำรุด,ศจฟ,07:15,08:01,08:06,5,1. จันทะคาด บัวเคน  | 2. นลธวัช ศรีหาเศษ  | 3. วสันต์ชัย ดวงสูงเนิน,รถ : 3ฒภ 2576 กทม (นพ 01),FUSE LINK 22 KV. 25 A.EEI-NEMA TYPE K,1,,2026-03-30
1037,30 มี.ค. 2569,07:30,08:04,33,กฟจ.นครพนม (L),38-015470,1,อากาศปกติ,อุปกรณ์-ชำรุด,ศจฟ,07:30,08:01,08:07,6,1. จันทะคาด บัวเคน  | 2. นลธวัช ศรีหาเศษ  | 3. วสันต์ชัย ดวงสูงเนิน,รถ : 3ฒภ 2576 กทม (นพ 01),FUSE LINK 22 KV. 3 A.EEI-NEMA TYPE K,2,,2026-03-30
1038,30 มี.ค. 2569,08:00,22:43,883,กฟจ.นครพนม (L),NNA02F-10,154,อากาศปกติ,อุปกรณ์-ชำรุด,ศจฟ,08:00,08:21,22:46,865,1. จันทะคาด บัวเคน  | 2. นลธวัช ศรีหาเศษ  | 3. วสันต์ชัย ดวงสูงเนิน,รถ : 3ฒภ 2576 กทม (นพ 01),FUSE HOLDER 22 KV. 100 A. 12 KA.,1,,2026-03-30
1039,30 มี.ค. 2569,08:53,09:39,45,กฟส.ธาตุพนม (S),THA05VF-028,2,อากาศปกติ,สัตว์-นก/ค้างคาว,ศจฟ,08:53,08:54,09:40,46,1. นรากร แสนโสม,รถ : กระเช้าธาตุพนม,FUSE LINK 22 KV. 20 A.EEI-NEMA TYPE K,2,,2026-03-30
1040,30 มี.ค. 2569,12:27,13:06,38,กฟส.นาหว้า (XS),29-005513,187,อากาศปกติ,สัตว์-นก/ค้างคาว,ศจฟ,12:27,12:28,13:08,40,1. อัมรินทร์ วะราวัง,รถ : นาหว้า 02,"CABLE LUG,NEMA 2-HOLE,AL 95 SQ.MM.",2,,2026-03-30
1041,30 มี.ค. 2569,12:27,13:31,64,กฟส.ศรีสงคราม (XS),SSK02VF-021,1,อากาศปกติ,บุคคลภายนอก-คนตัดต้นไม้,ศจฟ,12:27,12:28,13:50,83,1. ปัญจพงษ์ เศรษฐาไชย,รถ : ศรีสงคราม 03,"COND.,ACSR 50/8 SQ.MM.TIS.86",5,,2026-03-30
1042,30 มี.ค. 2569,13:16,13:40,24,กฟจ.นครพนม (L),61-004045,37,อากาศปกติ,บุคคลภายนอก-คนตัดต้นไม้,ศจฟ,13:16,12:00,14:10,130,1. ณัฏฐศรันย์ อันทระบุตร  | 2. พงศ์อิสรา ภักดี  | 3. พิพัฒน์ นะระทะ  | 4. ศักดิ์อนันต์ แสนเมือง,รถ : 3ฒภ 2576 กทม (นพ 01),"CONN.,PG,TRIPLE BOLT,AL70-18S SQ.MM.",1,,2026-03-30
1043,30 มี.ค. 2569,14:47,14:50,3,กฟจ.นครพนม (L),65-014382,106,อากาศปกติ,สภาพสิ่งแวดล้อม-การผุกร่อน/สนิม,ศจฟ,14:47,14:10,15:10,60,1. ณัฏฐศรันย์ อันทระบุตร  | 2. พงศ์อิสรา ภักดี  | 3. พิพัฒน์ นะระทะ  | 4. ศักดิ์อนันต์ แสนเมือง,รถ : 3ฒภ 2576 กทม (นพ 01),"CONN.,PG,DOUBLE BOLT,AL 25-95 SQ.MM.",2,,2026-03-30
1044,30 มี.ค. 2569,15:09,15:50,40,กฟจ.นครพนม (L),NNA02F-10,154,อากาศปกติ,สัตว์-งู,ศจฟ,15:09,15:10,16:17,67,1. ณัฏฐศรันย์ อันทระบุตร  | 2. พงศ์อิสรา ภักดี  | 3. พิพัฒน์ นะระทะ  | 4. ศักดิ์อนันต์ แสนเมือง,รถ : รถกระเช้า (04),"CONN.,PG,DOUBLE BOLT,AL 25-95 SQ.MM.",2,,2026-03-30
1045,30 มี.ค. 2569,17:20,22:39,319,กฟจ.นครพนม (L),44-114596,1,อากาศปกติ,สัตว์-งู,ศจฟ,17:20,18:04,22:42,278,1. ภานุวัฒน์ สิงห์ทองไชย  | 2. เกรียงไกร ลาหมัน,รถ : 3ฒภ 2576 กทม (นพ 01),FUSE LINK 22 KV. 3 A.EEI-NEMA TYPE K,1,,2026-03-30
1046,30 มี.ค. 2569,18:00,18:20,20,กฟส.นาแก (S),49-001189,39,อากาศปกติ,อุปกรณ์-ชำรุด,ศจฟ,18:00,18:16,18:23,7,1. พิษณุ คำคนซื่อ,รถ : นก-03,"H.R.C. FUSE, BLADE CONTACT, 80 A",2,,2026-03-30
1047,30 มี.ค. 2569,21:00,21:45,45,กฟส.ศรีสงคราม (XS),46-002433,169,ลมแรง,สภาพสิ่งแวดล้อม-ดินทรุด,ศจฟ,21:00,21:05,21:50,45,1. ปัญจพงษ์ เศรษฐาไชย,รถ : ศรีสงคราม 03,"CABLE,AL,750 V,50 SQ.MM. TIS.293",5,,2026-03-30
1048,30 มี.ค. 2569,22:49,22:52,3,กฟส.นาแก (S),53-002625,96,อากาศปกติ,อุปกรณ์-ชำรุด,ศจฟ,22:49,22:50,22:55,5,1. พิษณุ คำคนซื่อ,รถ : นก-03,"CONN.,PG,DOUBLE BOLT,AL 25-95 SQ.MM.",6,,2026-03-30
1049,30 มี.ค. 2569,23:00,23:19,18,กฟส.นาแก (S),51-011664,74,อากาศปกติ,อุปกรณ์-ชำรุด,ศจฟ,23:00,23:11,23:25,14,1. พิษณุ คำคนซื่อ,รถ : นก-03,"H.R.C. FUSE, BLADE CONTACT, 160 A",2,,2026-03-30
1050,30 มี.ค. 2569,23:15,00:34,79,กฟจ.นครพนม (L),NNA01VF-075,19,อากาศปกติ,อุปกรณ์-ชำรุด,ศจฟ,23:15,23:16,00:40,84,1. ภานุวัฒน์ สิงห์ทองไชย  | 2. เกรียงไกร ลาหมัน,รถ : 3ฒภ 2576 กทม (นพ 01),FUSE LINK 22 KV. 10 A.EEI-NEMA TYPE K,2,,2026-03-30
1051,31 มี.ค. 2569,07:15,08:30,75,กฟจ.นครพนม (L),NNB02VF-039,304,อากาศปกติ,อุปกรณ์-ชำรุด,ศจฟ,07:15,07:16,08:38,82,1. ถวิล เมษาคุณ  | 2. พงษ์สนิจ ศรีวิชัย  | 3. ภานุวัฒน์ สิงห์ทองไชย  | 4. เกรียงไกร ลาหมัน,รถ : 81-1269 นพ (นพ 03),FUSE LINK 22 KV. 15 A.EEI-NEMA TYPE K,1,,2026-03-31
1052,31 มี.ค. 2569,07:33,08:10,36,กฟส.โพนสวรรค์ (XS),46-002628,268,อากาศปกติ,ต้นไม้-ต้นไม้ล้มทับสาย,ศจฟ,07:33,07:00,08:18,78,1. รวิชญ์ พรมน้อย,รถ : โพนสวรรค์-03,"CABLE,AL,750 V,50 SQ.MM. TIS.293",5,,2026-03-31
1053,31 มี.ค. 2569,07:34,07:50,15,กฟส.ท่าอุเทน (XS),66-004306,8,อากาศปกติ,ต้นไม้-ต้นไม้ล้มทับสาย,ศจฟ,07:34,06:00,07:40,100,1. วีระพงษ์ วงตรี  | 2. สุรธวัช วุฒิสาร,รถ : -,"CABLE,AL,750 V,50 SQ.MM. TIS.293",10,,2026-03-31
1054,31 มี.ค. 2569,08:40,09:55,75,กฟส.ธาตุพนม (S),67-031881,211,อากาศปกติ,ต้นไม้-ต้นไม้ล้มทับสาย,ศจฟ,08:40,08:48,09:58,70,1. นรากร แสนโสม,รถ : กระเช้าธาตุพนม,"CABLE,AL,750 V,50 SQ.MM. TIS.293",4,,2026-03-31
1055,31 มี.ค. 2569,08:50,09:27,36,กฟจ.นครพนม (L),NNB01VF-021,19,อากาศปกติ,อุปกรณ์-ชำรุด,ศจฟ,08:50,08:52,09:38,46,1. พงศ์อิสรา ภักดี,รถ : รถกระเช้า (04),"HOTLINE CLAMP,MAIN35-185,TAP50-185SQ.MM.",3,,2026-03-31
1056,31 มี.ค. 2569,08:55,10:30,94,กฟจ.นครพนม (L),NNB02VF-018,17,อากาศปกติ,อุปกรณ์-ชำรุด,ศจฟ,08:55,08:56,10:47,111,1. จันทะคาด บัวเคน  | 2. นลธวัช ศรีหาเศษ  | 3. พงศ์อิสรา ภักดี  | 4. เกรียงไกร ลาหมัน,รถ : รถกระเช้า (04),"HOTLINE CLAMP,MAIN35-185,TAP50-185SQ.MM.",3,,2026-03-31
1057,31 มี.ค. 2569,10:00,11:45,105,กฟส.ธาตุพนม (S),THA06VF-017,269,อากาศปกติ,สัตว์-งู,ศจฟ,10:00,10:19,11:54,95,1. นรากร แสนโสม,รถ : กระเช้าธาตุพนม,FUSE HOLDER 22 KV. 100 A. 12 KA.,1,,2026-03-31
1058,31 มี.ค. 2569,13:35,16:20,165,กฟจ.นครพนม (L),66-004308,15,อากาศปกติ,สัตว์-งู,ศจฟ,13:35,13:36,16:22,166,1. จันทะคาด บัวเคน  | 2. นลธวัช ศรีหาเศษ  | 3. พงศ์อิสรา ภักดี  | 4. เกรียงไกร ลาหมัน,รถ : 3ฒภ 2576 กทม (นพ 01),"H.R.C. FUSE, BLADE CONTACT, 100 A",2,,2026-03-31
1059,31 มี.ค. 2569,16:58,17:40,42,กฟจ.นครพนม (L),NNA01VF-047,283,อากาศปกติ,สัตว์-งู,ศจฟ,16:58,17:09,18:00,51,1. พิพัฒน์ นะระทะ  | 2. ศักดิ์อนันต์ แสนเมือง,รถ : 3ฒภ 2576 กทม (นพ 01),FUSE LINK 22 KV. 10 A.EEI-NEMA TYPE K,3,,2026-03-31
1060,31 มี.ค. 2569,19:29,20:00,31,กฟส.ธาตุพนม (S),55-000507,17,อากาศปกติ,สัตว์-งู,ศจฟ,19:29,19:29,20:15,46,1. ปริเยศ หาญพงศ์ศรี,รถ : กระเช้าธาตุพนม,"CABLE,AL,750 V,50 SQ.MM. TIS.293",3,,2026-03-31
1061,31 มี.ค. 2569,20:18,20:10,0,กฟส.ท่าอุเทน (XS),5600081348,1,อากาศปกติ,อุปกรณ์-ชำรุด,ศจฟ,20:18,19:30,20:26,56,1. สุรธวัช วุฒิสาร,รถ : รถแก้ไฟท่าอุเทน,"TAPE,PVC,O/D,0.18X19X10,000 MM. TIS.386",1,,2026-03-31
1062,31 มี.ค. 2569,20:37,20:30,0,กฟจ.นครพนม (L),NNA02VF-017,4,อากาศปกติ,สัตว์-งู,ศจฟ,20:37,19:50,21:00,70,1. ณัฏฐศรันย์ อันทระบุตร  | 2. พิพัฒน์ นะระทะ  | 3. ศักดิ์อนันต์ แสนเมือง  | 4. หฤษฎ์ ถูระวัน,รถ : 3ฒภ 2576 กทม (นพ 01),FUSE LINK 22 KV. 10 A.EEI-NEMA TYPE K,3,,2026-03-31
1063,31 มี.ค. 2569,21:36,21:30,0,กฟจ.นครพนม (L),NNA01VF-006,1,อากาศปกติ,สัตว์-งู,ศจฟ,21:36,21:00,21:50,50,1. ณัฏฐศรันย์ อันทระบุตร  | 2. พิพัฒน์ นะระทะ  | 3. ศักดิ์อนันต์ แสนเมือง  | 4. หฤษฎ์ ถูระวัน,รถ : 3ฒภ 2576 กทม (นพ 01),FUSE LINK 22 KV. 10 A.EEI-NEMA TYPE K,3,,2026-03-31
1064,31 มี.ค. 2569,21:45,22:34,49,กฟจ.นครพนม (L),63-005649,307,อากาศปกติ,โหลดเกินพิกัด-โหลดเกินพิกัด,ศจฟ,21:45,21:55,22:38,43,1. ณัฏฐศรันย์ อันทระบุตร  | 2. พิพัฒน์ นะระทะ  | 3. ศักดิ์อนันต์ แสนเมือง  | 4. หฤษฎ์ ถูระวัน,รถ : 81-1269 นพ (นพ 03),,,,2026-03-31
1065,31 มี.ค. 2569,22:09,22:20,11,กฟจ.นครพนม (L),NNB02VF-024,1,อากาศปกติ,โหลดเกินพิกัด-โหลดเกินพิกัด,ศจฟ,22:09,21:40,22:40,60,1. ณัฏฐศรันย์ อันทระบุตร  | 2. พิพัฒน์ นะระทะ  | 3. ศักดิ์อนันต์ แสนเมือง  | 4. หฤษฎ์ ถูระวัน,รถ : 3ฒภ 2576 กทม (นพ 01),FUSE LINK 22 KV. 10 A.EEI-NEMA TYPE K,3,,2026-03-31
1066,31 มี.ค. 2569,22:44,22:45,1,กฟส.บ้านแพง (S),45-015666,273,อากาศปกติ,สัตว์-งู,ศจฟ,22:44,22:47,23:16,29,1. จตุรภุช สะท้านอิทธิฤทธิ์,รถ : กระเช้าบ้านแพง,FUSE LINK 22 KV. 8 A.EEI-NEMA TYPE K,1,,2026-03-31
1067,1 เม.ย. 2569,11:10,11:55,45,กฟส.ศรีสงคราม (XS),SSK08VF-049,47,อากาศปกติ,อุปกรณ์-ชำรุด,ศจฟ,11:10,11:11,12:00,49,1. วุฒิชัย เหมเมือง,รถ : ศรีสงคราม 03,"DROPOUT,FUSE,22 KV.100 A.12 KA",2,,2026-04-01
1068,1 เม.ย. 2569,20:00,22:28,148,กฟจ.นครพนม (L),24196096,1,อากาศปกติ,อุปกรณ์-ชำรุด,ศจฟ,20:00,20:05,21:05,60,1. กิติศักดิ์ หาราช  | 2. ทศวรรษ มังคละคีรี  | 3. นลธวัช ศรีหาเศษ  | 4. สันติ อินทิสาร,รถ : 81-1269 นพ (นพ 03),"CONN.,PG,DOUBLE BOLT,AL 25-95 SQ.MM.",2,,2026-04-01
1069,1 เม.ย. 2569,20:54,21:05,11,กฟจ.นครพนม (L),65-024426,211,อากาศปกติ,อุปกรณ์-ชำรุด,ศจฟ,20:54,20:35,21:26,51,1. กิติศักดิ์ หาราช  | 2. ทศวรรษ มังคละคีรี,รถ : 3ฒภ 2576 กทม (นพ 01),"CABLE,AL,750 V,95 SQ.MM. TIS.293",5,,2026-04-01
1070,1 เม.ย. 2569,21:26,22:31,64,กฟจ.นครพนม (L),45-003834,162,อากาศปกติ,อุปกรณ์-ชำรุด,ศจฟ,21:25,21:45,22:15,30,1. กิติศักดิ์ หาราช  | 2. ทศวรรษ มังคละคีรี  | 3. นลธวัช ศรีหาเศษ  | 4. สันติ อินทิสาร,รถ : 81-1269 นพ (นพ 03),"H.R.C. FUSE, BLADE CONTACT, 160 A",1,,2026-04-01
1071,1 เม.ย. 2569,22:38,22:51,13,กฟจ.นครพนม (L),40-004201,240,อากาศปกติ,อุปกรณ์-ชำรุด,ศจฟ,22:37,22:30,22:55,25,1. กิติศักดิ์ หาราช  | 2. ทศวรรษ มังคละคีรี,รถ : 3ฒภ 2576 กทม (นพ 01),"H.R.C. FUSE, BLADE CONTACT, 250 A",2,,2026-04-01
1072,2 เม.ย. 2569,07:01,08:57,116,กฟส.โพนสวรรค์ (XS),NNA01F-45,873,อากาศชื้น / หมอก,ต้นไม้-กิ่งไม้หักพาดสาย,ศจฟ,07:01,06:05,08:30,145,1. วรัญญู สังรวมใจ,รถ : โพนสวรรค์-03,FUSE LINK 22 KV. 25 A.EEI-NEMA TYPE K,2,,2026-04-02
1073,2 เม.ย. 2569,07:40,08:12,31,กฟส.ปลาปาก (XS),NNA02VF-034,770,อากาศปกติ,อุปกรณ์-ชำรุด,ศจฟ,07:40,07:10,08:25,75,1. บิณฑ์ นารินทร์รักษ์,รถ : รถแก้ไฟปลาปาก 01,FUSE HOLDER 22 KV. 100 A. 12 KA.,1,,2026-04-02
1074,2 เม.ย. 2569,09:40,10:50,70,กฟจ.นครพนม (L),NNA01VF-026,450,อากาศปกติ,อุปกรณ์-ชำรุด,ศจฟ,09:40,09:53,11:08,75,1. กิติศักดิ์ หาราช  | 2. ประจล ศรีสุราช  | 3. พงศ์อิสรา ภักดี  | 4. เกริกฤทธิ์ จันทรโพธิ์ศรี,รถ : รถกระเช้า (04),"CONN.,PG,TRIPLE BOLT,AL70-18S SQ.MM.",3,,2026-04-02
1075,2 เม.ย. 2569,09:43,10:55,72,กฟส.เรณูนคร (XS),THA02F-23,974,อากาศปกติ,สัตว์-งู,ศจฟ,09:43,09:48,11:09,81,1. ณวุฒิ กลางประพันธ์,รถ : 80-7964 นพ รณ.01,"DROPOUT,FUSE,22 KV.100 A.12 KA",1,,2026-04-02
1076,2 เม.ย. 2569,09:50,10:16,26,กฟจ.นครพนม (L),THA06VF-063,404,อากาศปกติ,สัตว์-งู,ศจฟ,09:50,09:55,10:18,23,1. กิติศักดิ์ หาราช  | 2. ประจล ศรีสุราช  | 3. พงศ์อิสรา ภักดี  | 4. เกริกฤทธิ์ จันทรโพธิ์ศรี,รถ : 3ฒภ 2576 กทม (นพ 01),FUSE LINK 22 KV. 30 A.EEI-NEMA TYPE K,2,,2026-04-02
1077,2 เม.ย. 2569,10:17,10:50,33,กฟจ.นครพนม (L),NNB02VF-040,303,อากาศปกติ,สัตว์-งู,ศจฟ,10:17,10:41,10:53,12,1. กิติศักดิ์ หาราช  | 2. ประจล ศรีสุราช  | 3. พงศ์อิสรา ภักดี  | 4. เกริกฤทธิ์ จันทรโพธิ์ศรี,รถ : 3ฒภ 2576 กทม (นพ 01),FUSE LINK 22 KV. 20 A.EEI-NEMA TYPE K,1,,2026-04-02
1078,2 เม.ย. 2569,11:00,11:07,7,กฟส.บ้านแพง (S),23992908,1,อากาศปกติ,สภาพสิ่งแวดล้อม-การผุกร่อน/สนิม,ศจฟ,11:00,09:06,09:49,43,1. รชานนท์ โมธรรม,รถ : กระเช้าบ้านแพง,"CONN.,PG,DOUBLE BOLT,AL 16-70 SQ.MM.",4,,2026-04-02
1079,2 เม.ย. 2569,11:20,13:30,130,กฟจ.นครพนม (L),NNA07F-42,41,อากาศปกติ,อุปกรณ์-ชำรุด,ศจฟ,11:20,11:31,14:03,152,1. กิติศักดิ์ หาราช  | 2. ประจล ศรีสุราช  | 3. พงศ์อิสรา ภักดี  | 4. เกริกฤทธิ์ จันทรโพธิ์ศรี,รถ : รถกระเช้า (04),"CONN.,PG,TRIPLE BOLT,AL70-18S SQ.MM.",3,,2026-04-02
1080,2 เม.ย. 2569,11:48,12:03,15,กฟส.บ้านแพง (S),SEK04F-53-1,14,อากาศปกติ,สัตว์-งู,ศจฟ,11:48,11:05,12:00,55,1. รชานนท์ โมธรรม,รถ : กระเช้าบ้านแพง,FUSE LINK 22 KV. 15 A.EEI-NEMA TYPE K,2,,2026-04-02
1081,2 เม.ย. 2569,15:38,15:58,20,กฟส.บ้านแพง (S),6300367441,1,อากาศปกติ,สภาพสิ่งแวดล้อม-การผุกร่อน/สนิม,ศจฟ,15:38,00:47,16:00,913,1. รชานนท์ โมธรรม,รถ : กระเช้าบ้านแพง,"CONN.,PG,DOUBLE BOLT,AL 25-95 SQ.MM.",2,,2026-04-02
1082,2 เม.ย. 2569,15:55,16:14,18,กฟจ.นครพนม (L),64-005555,12,อากาศปกติ,สภาพสิ่งแวดล้อม-การผุกร่อน/สนิม,ศจฟ,15:55,15:56,16:38,42,1. กิติศักดิ์ หาราช  | 2. ประจล ศรีสุราช  | 3. พงศ์อิสรา ภักดี  | 4. เกริกฤทธิ์ จันทรโพธิ์ศรี,รถ : 3ฒภ 2576 กทม (นพ 01),"CONN.,PG,DOUBLE BOLT,AL 25-95 SQ.MM.",1,,2026-04-02
1083,2 เม.ย. 2569,17:30,18:18,47,กฟส.ธาตุพนม (S),63-016882,206,อากาศปกติ,ต้นไม้-ต้นไม้ล้มทับสาย,ศจฟ,17:30,15:06,16:24,78,1. กฤตพงศ์ วงค์ขะวงค์  | 2. นรากร แสนโสม  | 3. อติชาติ เมืองงาม,รถ : ธพ 03,"CABLE,AL,750 V,50 SQ.MM. TIS.293",4,,2026-04-02
1084,2 เม.ย. 2569,19:00,20:00,60,กฟจ.นครพนม (L),NNA02F-55644,1,อากาศปกติ,ต้นไม้-ต้นไม้ล้มทับสาย,ศจฟ,19:00,19:00,20:47,107,1. ชัยยา มาตขาว  | 2. ถวิล เมษาคุณ,รถ : 3ฒภ 2576 กทม (นพ 01),FUSE LINK 22 KV. 8 A.EEI-NEMA TYPE K,1,,2026-04-02
1085,2 เม.ย. 2569,20:34,21:29,54,กฟส.วังยาง (XS),24-015000,106,อากาศปกติ,อุปกรณ์-ชำรุด,ศจฟ,20:34,20:36,21:42,66,1. ปิยะ แสนเมือง,รถ : วย.02,FUSE LINK 22 KV. 3 A.EEI-NEMA TYPE K,2,,2026-04-02
1086,2 เม.ย. 2569,22:30,23:16,45,กฟจ.นครพนม (L),55-001412,100,อากาศปกติ,อุปกรณ์-ชำรุด,ศจฟ,22:30,23:13,23:19,6,1. ชัยยา มาตขาว  | 2. ถวิล เมษาคุณ  | 3. ปรีชา เพ็งคำ  | 4. พงษ์สนิจ ศรีวิชัย,รถ : 81-1269 นพ (นพ 03),"H.R.C. FUSE, BLADE CONTACT, 80 A",1,,2026-04-02
1087,3 เม.ย. 2569,04:00,05:55,115,กฟส.โพนสวรรค์ (XS),60-024495,311,อากาศชื้น / หมอก,อุปกรณ์-ชำรุด,ศจฟ,04:00,04:30,06:00,90,1. ทรงกลด มาศศรี,รถ : โพนสวรรค์-03,"H.R.C. FUSE, BLADE CONTACT, 160 A",2,,2026-04-03
1088,3 เม.ย. 2569,04:34,05:21,47,กฟส.ศรีสงคราม (XS),SSK01VF-028,231,ฝนตก,อุปกรณ์-ชำรุด,ศจฟ,04:34,04:34,06:05,91,1. ปัญจพงษ์ เศรษฐาไชย,รถ : ศรีสงคราม 02,FUSE LINK 22 KV. 25 A.EEI-NEMA TYPE K,1,,2026-04-03
1089,3 เม.ย. 2569,06:00,07:00,60,กฟจ.นครพนม (L),NNA05F-01/1,225,ลมแรง,อุปกรณ์-ชำรุด,ศจฟ,06:00,07:00,07:20,20,1. วิเชียร สุวอ  | 2. หฤษฎ์ ถูระวัน  | 3. หิรัญ พลไกรสร,รถ : 3ฒภ 2576 กทม (นพ 01),FUSE LINK 22 KV. 30 A.EEI-NEMA TYPE K,2,,2026-04-03
1090,3 เม.ย. 2569,06:20,07:47,87,กฟส.ท่าอุเทน (XS),NNA01VF-230,470,ลมแรง,ต้นไม้-กิ่งไม้หักพาดสาย,ศจฟ,06:20,05:30,07:30,120,1. วีระพงษ์ วงตรี,รถ : -,FUSE HOLDER 22 KV. 100 A. 12 KA.,1,,2026-04-03
1091,3 เม.ย. 2569,06:34,07:15,40,กฟส.ศรีสงคราม (XS),BFA01VF-205,630,อากาศปกติ,ต้นไม้-กิ่งไม้หักพาดสาย,ศจฟ,06:34,06:35,07:46,71,1. ปัญจพงษ์ เศรษฐาไชย,รถ : ศรีสงคราม 02,FUSE LINK 22 KV. 25 A.EEI-NEMA TYPE K,2,,2026-04-03
1092,3 เม.ย. 2569,09:12,11:20,128,กฟส.ธาตุพนม (S),59-018426,215,อากาศปกติ,ต้นไม้-กิ่งไม้หักพาดสาย,ศจฟ,09:12,09:13,11:34,141,1. นรากร แสนโสม,รถ : กระเช้าธาตุพนม,FUSE LINK 22 KV. 5-6 A.EEI-NEMA TYPE K,2,,2026-04-03
1093,3 เม.ย. 2569,09:14,09:17,3,กฟส.นาแก (S),SOA08VF-512,45,อากาศปกติ,ต้นไม้-กิ่งไม้หักพาดสาย,ศจฟ,09:14,09:10,09:19,9,1. อนาวิน อาจหาญ,รถ : นก-03,FUSE LINK 22 KV. 10 A.EEI-NEMA TYPE K,2,,2026-04-03
1094,3 เม.ย. 2569,11:34,12:07,33,กฟจ.นครพนม (L),THA05F-38-01,1,อากาศปกติ,ต้นไม้-กิ่งไม้หักพาดสาย,ศจฟ,11:34,10:00,11:00,60,1. ณัฏฐศรันย์ อันทระบุตร  | 2. พิพัฒน์ นะระทะ  | 3. สันติ อินทิสาร,รถ : 3ฒภ 2576 กทม (นพ 01),FUSE LINK 22 KV. 15 A.EEI-NEMA TYPE K,2,,2026-04-03
1095,3 เม.ย. 2569,12:09,13:10,61,กฟจ.นครพนม (L),45-007435,49,อากาศปกติ,ต้นไม้-กิ่งไม้หักพาดสาย,ศจฟ,12:09,11:30,12:19,49,1. ณัฏฐศรันย์ อันทระบุตร  | 2. พิพัฒน์ นะระทะ  | 3. สันติ อินทิสาร,รถ : 3ฒภ 2576 กทม (นพ 01),"H.R.C. FUSE, BLADE CONTACT, 100 A",1,,2026-04-03
1096,3 เม.ย. 2569,14:41,14:58,17,กฟจ.นครพนม (L),NNA01VF-012,1,อากาศปกติ,ต้นไม้-กิ่งไม้หักพาดสาย,ศจฟ,14:41,13:25,14:25,60,1. ณัฏฐศรันย์ อันทระบุตร  | 2. พิพัฒน์ นะระทะ  | 3. สันติ อินทิสาร,รถ : 3ฒภ 2576 กทม (นพ 01),FUSE LINK 22 KV. 10 A.EEI-NEMA TYPE K,1,,2026-04-03
1097,3 เม.ย. 2569,14:44,16:35,111,กฟส.ธาตุพนม (S),57-005648,18,อากาศปกติ,ต้นไม้-กิ่งไม้หักพาดสาย,ศจฟ,14:44,14:49,15:46,57,1. นรากร แสนโสม,รถ : กระเช้าธาตุพนม,"H.R.C. FUSE, BLADE CONTACT, 100 A",1,,2026-04-03
1098,3 เม.ย. 2569,17:51,18:20,29,กฟส.โพนสวรรค์ (XS),61-004919,16,อากาศปกติ,สภาพสิ่งแวดล้อม-สภาพสิ่งแวดล้อมอื่นๆ,ศจฟ,17:51,17:30,18:40,70,1. วสุธา หล้าพรหม,รถ : โพนสวรรค์-03,"CABLE,AL,750 V,50 SQ.MM. TIS.293",2,,2026-04-03
1099,3 เม.ย. 2569,21:57,22:21,24,กฟส.ปลาปาก (XS),47-000821,11,อากาศปกติ,สภาพสิ่งแวดล้อม-สภาพสิ่งแวดล้อมอื่นๆ,ศจฟ,21:57,22:02,22:33,31,1. ราชันย์ กุลสุทธิ์,รถ : รถแก้ไฟปลาปาก 01,"H.R.C. FUSE, BLADE CONTACT, 160 A",1,,2026-04-03
1100,3 เม.ย. 2569,22:59,23:26,27,กฟส.ปลาปาก (XS),45-016078,23,อากาศปกติ,สภาพสิ่งแวดล้อม-สภาพสิ่งแวดล้อมอื่นๆ,ศจฟ,22:59,23:00,23:29,29,1. ราชันย์ กุลสุทธิ์,รถ : รถแก้ไฟปลาปาก 01,H.R.C. FUSE 250 A.DIN OR BS,1,,2026-04-03
1101,4 เม.ย. 2569,06:20,06:35,15,กฟจ.นครพนม (L),34-004287,22,อากาศปกติ,สภาพสิ่งแวดล้อม-สภาพสิ่งแวดล้อมอื่นๆ,ศจฟ,06:20,06:20,06:40,20,1. กิติศักดิ์ หาราช  | 2. ทศวรรษ มังคละคีรี  | 3. ปรีชา เพ็งคำ,รถ : 3ฒภ 2576 กทม (นพ 01),FUSE LINK 22 KV. 3 A.EEI-NEMA TYPE K,2,,2026-04-04
1102,4 เม.ย. 2569,06:21,07:06,45,กฟจ.นครพนม (L),37-018946,117,อากาศปกติ,สภาพสิ่งแวดล้อม-สภาพสิ่งแวดล้อมอื่นๆ,ศจฟ,06:20,06:40,07:08,28,1. กิติศักดิ์ หาราช  | 2. ทศวรรษ มังคละคีรี  | 3. ปรีชา เพ็งคำ,รถ : 3ฒภ 2576 กทม (นพ 01),"CABLE,AL,750 V,95 SQ.MM. TIS.293",5,,2026-04-04
1103,4 เม.ย. 2569,07:35,10:15,160,กฟจ.นครพนม (L),NNA07F-48/1,475,อากาศปกติ,สภาพสิ่งแวดล้อม-สภาพสิ่งแวดล้อมอื่นๆ,ศจฟ,07:35,07:36,08:30,54,1. กิติศักดิ์ หาราช  | 2. ทศวรรษ มังคละคีรี  | 3. ปรีชา เพ็งคำ  | 4. ราชันย์ กุลสุทธิ์,รถ : รถแก้ไฟปลาปาก 01,FUSE LINK 22 KV. 25 A.EEI-NEMA TYPE K,2,,2026-04-04
1104,4 เม.ย. 2569,10:11,10:20,9,กฟส.บ้านแพง (S),64-004444,3,อากาศปกติ,สัตว์-นก/ค้างคาว,ศจฟ,10:11,10:10,10:35,25,1. ชินดนัย คงชะสิงห์  | 2. ปิยะณัฐ พลเหี้ยมหาญ,รถ : กระเช้าบ้านแพง,FUSE LINK 22 KV. 3 A.EEI-NEMA TYPE K,1,,2026-04-04
1105,4 เม.ย. 2569,10:17,11:00,42,กฟจ.นครพนม (L),NNB02VF-039,304,อากาศปกติ,สัตว์-นก/ค้างคาว,ศจฟ,10:17,10:18,11:00,42,1. วิเชียร สุวอ  | 2. หฤษฎ์ ถูระวัน  | 3. หิรัญ พลไกรสร,รถ : 3ฒภ 2576 กทม (นพ 01),FUSE LINK 22 KV. 15 A.EEI-NEMA TYPE K,2,,2026-04-04
1106,4 เม.ย. 2569,13:32,14:49,76,กฟจ.นครพนม (L),NNB01VF-032,46,อากาศปกติ,สัตว์-นก/ค้างคาว,ศจฟ,13:32,13:33,14:00,27,1. วิเชียร สุวอ  | 2. หฤษฎ์ ถูระวัน  | 3. หิรัญ พลไกรสร,รถ : 3ฒภ 2576 กทม (นพ 01),FUSE LINK 22 KV. 25 A.EEI-NEMA TYPE K,3,,2026-04-04
1107,4 เม.ย. 2569,13:40,14:55,75,กฟจ.นครพนม (L),NNB02VF-003,12,อากาศปกติ,สัตว์-นก/ค้างคาว,ศจฟ,13:40,13:41,14:30,49,1. วิเชียร สุวอ  | 2. หฤษฎ์ ถูระวัน  | 3. หิรัญ พลไกรสร,รถ : 3ฒภ 2576 กทม (นพ 01),FUSE LINK 22 KV. 5-6 A.EEI-NEMA TYPE K,3,,2026-04-04
1108,4 เม.ย. 2569,15:00,15:57,56,กฟส.นาแก (S),57-008355,53,อากาศปกติ,อุปกรณ์-ชำรุด,ศจฟ,15:00,15:53,15:59,7,1. วรพันธุ์ ตันสมรส,รถ : นก-03,"H.R.C. FUSE, BLADE CONTACT, 100 A",2,,2026-04-04
1109,4 เม.ย. 2569,15:52,16:18,26,กฟส.เรณูนคร (XS),63-030757,130,อากาศปกติ,อุปกรณ์-ชำรุด,ศจฟ,15:52,15:54,16:28,34,1. พงศวัชร์ ธัญภัทร์อนันต์,รถ : 80-7964 นพ รณ.01,"H.R.C. FUSE, BLADE CONTACT, 80 A",1,,2026-04-04
1110,4 เม.ย. 2569,16:21,17:36,75,กฟส.นาแก (S),57-008356,91,อากาศปกติ,อุปกรณ์-ชำรุด,ศจฟ,16:21,16:21,17:37,76,1. วรพันธุ์ ตันสมรส,รถ : นก-03,"CABLE,AL,750 V,50 SQ.MM. TIS.293",3,,2026-04-04
1111,4 เม.ย. 2569,17:37,18:44,67,กฟส.ท่าอุเทน (XS),32-007305,28,อากาศปกติ,อุปกรณ์-ชำรุด,ศจฟ,17:37,17:05,18:45,100,1. อภิรักษ์ สาตะรักษ์,รถ : รถแก้ไฟท่าอุเทน,"CABLE,AL,750 V,50 SQ.MM. TIS.293",5,,2026-04-04
1112,4 เม.ย. 2569,19:12,19:42,29,กฟจ.นครพนม (L),NNA08VF-002,1,อากาศปกติ,อุปกรณ์-ชำรุด,ศจฟ,19:12,18:05,19:10,65,1. ณัฏฐศรันย์ อันทระบุตร  | 2. พิพัฒน์ นะระทะ  | 3. วสันต์ชัย ดวงสูงเนิน  | 4. สันติ อินทิสาร,รถ : 81-1269 นพ (นพ 03),FUSE LINK 22 KV. 5-6 A.EEI-NEMA TYPE K,2,,2026-04-04
1113,4 เม.ย. 2569,20:44,21:36,51,กฟส.เรณูนคร (XS),THA02F-59,82,อากาศปกติ,สัตว์-งู,ศจฟ,20:44,20:46,21:47,61,1. ณวุฒิ กลางประพันธ์,รถ : 80-7964 นพ รณ.01,FUSE HOLDER 22 KV. 100 A. 12 KA.,1,,2026-04-04
1114,4 เม.ย. 2569,21:02,21:15,13,กฟส.บ้านแพง (S),SSK08F-51-1,18,อากาศปกติ,สัตว์-งู,ศจฟ,21:02,20:30,21:15,45,1. ณัฐดนัย ขันถม,รถ : กระเช้าบ้านแพง,FUSE LINK 22 KV. 15 A.EEI-NEMA TYPE K,1,,2026-04-04
1115,4 เม.ย. 2569,21:04,21:08,4,กฟจ.นครพนม (L),27-011161,72,อากาศปกติ,สัตว์-งู,ศจฟ,21:04,20:00,20:45,45,1. ณัฏฐศรันย์ อันทระบุตร  | 2. พิพัฒน์ นะระทะ  | 3. วสันต์ชัย ดวงสูงเนิน  | 4. สันติ อินทิสาร,รถ : 81-1269 นพ (นพ 03),FUSE LINK 22 KV. 3 A.EEI-NEMA TYPE K,2,,2026-04-04
1116,4 เม.ย. 2569,21:10,21:57,47,กฟส.นาทม (XS),SSK08F-92,1415,อากาศปกติ,สัตว์-งู,ศจฟ,21:10,21:10,22:03,53,1. นราธร อินทรายุทธ  | 2. อิทธิพันธ์ กาวรรณธง,รถ : นาทม 02,FUSE HOLDER 22 KV. 100 A. 12 KA.,1,,2026-04-04
1117,5 เม.ย. 2569,07:19,08:06,47,กฟส.ท่าอุเทน (XS),SSK02VF-242,1,อากาศปกติ,สัตว์-งู,ศจฟ,07:19,06:43,08:31,108,1. อภิรักษ์ สาตะรักษ์,รถ : รถแก้ไฟท่าอุเทน,FUSE LINK 22 KV. 8 A.EEI-NEMA TYPE K,1,,2026-04-05
1118,5 เม.ย. 2569,07:23,08:00,36,กฟส.ศรีสงคราม (XS),63-000050,25,อากาศปกติ,สัตว์-งู,ศจฟ,07:23,07:24,08:45,81,1. วุฒิชัย เหมเมือง,รถ : ศรีสงคราม 02,FUSE LINK 22 KV. 3 A.EEI-NEMA TYPE K,2,,2026-04-05
1119,5 เม.ย. 2569,07:52,09:00,67,กฟส.เรณูนคร (XS),67-026512,38,อากาศปกติ,สัตว์-งู,ศจฟ,07:52,07:53,08:30,37,1. ณวุฒิ กลางประพันธ์,รถ : 80-7964 นพ รณ.01,"CABLE LUG,NEMA 2-HOLE,AL 50 SQ.MM.",2,,2026-04-05
1120,5 เม.ย. 2569,08:02,08:00,0,กฟส.โพนสวรรค์ (XS),19742109,1,อากาศชื้น / หมอก,สภาพสิ่งแวดล้อม-ความชื้น,ศจฟ,08:02,07:00,08:30,90,1. รวิชญ์ พรมน้อย,รถ : โพนสวรรค์-03,"CABLE,CU,PVC,INS.&JAC. 600V, 2X10 SQ.MM.",7,,2026-04-05
1121,5 เม.ย. 2569,09:38,10:28,49,กฟจ.นครพนม (L),NNB01VF-028,46,อากาศชื้น / หมอก,สภาพสิ่งแวดล้อม-ความชื้น,ศจฟ,09:38,09:39,10:15,36,1. ทศวรรษ มังคละคีรี  | 2. ปรีชา เพ็งคำ  | 3. วิเชียร สุวอ,รถ : 3ฒภ 2576 กทม (นพ 01),FUSE LINK 22 KV. 3 A.EEI-NEMA TYPE K,2,,2026-04-05
1122,5 เม.ย. 2569,14:29,15:02,33,กฟส.เรณูนคร (XS),61-004047,56,อากาศปกติ,สภาพสิ่งแวดล้อม-สภาพสิ่งแวดล้อมอื่นๆ,ศจฟ,14:29,14:32,15:07,35,1. ณวุฒิ กลางประพันธ์,รถ : 80-7964 นพ รณ.01,"CABLE,AL,750 V,50 SQ.MM. TIS.293",5,,2026-04-05
1123,5 เม.ย. 2569,14:50,14:59,9,กฟส.นาแก (S),53-001214,37,อากาศปกติ,ต้นไม้-ต้นไม้ล้มทับสาย,ศจฟ,14:50,14:51,15:06,15,1. พิษณุ คำคนซื่อ,รถ : นก-03,"CABLE,AL,750 V,50 SQ.MM. TIS.293",8,,2026-04-05
1124,5 เม.ย. 2569,17:34,19:52,138,กฟส.บ้านแพง (S),SSK08F-120,12,ลมแรง,ต้นไม้-กิ่งไม้หักพาดสาย,ศจฟ,17:34,17:35,20:00,145,1. ชินดนัย คงชะสิงห์  | 2. ณัฐดนัย ขันถม  | 3. รชานนท์ โมธรรม,รถ : กระเช้าบ้านแพง,FUSE LINK 22 KV. 10 A.EEI-NEMA TYPE K,2,,2026-04-05
1125,5 เม.ย. 2569,17:48,18:16,27,กฟส.นาแก (S),THA03VF-203,414,อากาศปกติ,ต้นไม้-กิ่งไม้หักพาดสาย,ศจฟ,17:48,17:49,18:17,28,1. วรพันธุ์ ตันสมรส,รถ : นก-03,FUSE HOLDER 22 KV. 100 A. 12 KA.,1,,2026-04-05
1126,5 เม.ย. 2569,17:53,18:41,47,กฟส.นาแก (S),THA03VF-203-2,75,อากาศปกติ,ต้นไม้-กิ่งไม้หักพาดสาย,ศจฟ,17:53,17:54,18:41,47,1. วรพันธุ์ ตันสมรส,รถ : นก-03,FUSE LINK 22 KV. 10 A.EEI-NEMA TYPE K,2,,2026-04-05
1127,5 เม.ย. 2569,20:16,20:45,29,กฟส.นาแก (S),34-007524,7,อากาศปกติ,ต้นไม้-กิ่งไม้หักพาดสาย,ศจฟ,20:16,20:17,20:45,28,1. วรพันธุ์ ตันสมรส,รถ : นก-03,FUSE LINK 22 KV. 3 A.EEI-NEMA TYPE K,2,,2026-04-05
1128,5 เม.ย. 2569,20:53,23:04,131,กฟส.ธาตุพนม (S),67-029772,246,อากาศปกติ,ต้นไม้-กิ่งไม้หักพาดสาย,ศจฟ,20:53,20:55,23:05,130,1. นรากร แสนโสม  | 2. พงศวัชร์ ธัญภัทร์อนันต์,รถ : กระเช้าธาตุพนม,"H.R.C. FUSE, BLADE CONTACT, 160 A",1,,2026-04-05
1129,5 เม.ย. 2569,22:31,19:15,0,กฟส.ท่าอุเทน (XS),NNA08VF-216,38,ลมแรง,ต้นไม้-กิ่งไม้หักพาดสาย,ศจฟ,22:31,19:00,19:40,40,1. สุรธวัช วุฒิสาร,รถ : รถแก้ไฟท่าอุเทน,FUSE LINK 22 KV. 20 A.EEI-NEMA TYPE K,1,,2026-04-05
1130,5 เม.ย. 2569,22:32,17:30,0,กฟส.ท่าอุเทน (XS),BFA09VF-212,1868,อากาศปกติ,ต้นไม้-กิ่งไม้หักพาดสาย,ศจฟ,22:32,16:50,18:00,70,1. สุรธวัช วุฒิสาร,รถ : รถแก้ไฟท่าอุเทน,FUSE LINK 22 KV. 40 A.EEI-NEMA TYPE K,2,,2026-04-05
1131,5 เม.ย. 2569,22:35,23:03,27,กฟจ.นครพนม (L),NNA05F-01/1,225,อากาศปกติ,ต้นไม้-กิ่งไม้หักพาดสาย,ศจฟ,22:35,22:36,23:06,30,1. นลธวัช ศรีหาเศษ  | 2. เกริกฤทธิ์ จันทรโพธิ์ศรี,รถ : 3ฒภ 2576 กทม (นพ 01),FUSE LINK 22 KV. 20 A.EEI-NEMA TYPE K,2,,2026-04-05
1132,5 เม.ย. 2569,23:42,23:53,11,กฟจ.นครพนม (L),64-004788,283,อากาศปกติ,ต้นไม้-กิ่งไม้หักพาดสาย,ศจฟ,23:42,23:46,23:56,10,1. จันทะคาด บัวเคน  | 2. นลธวัช ศรีหาเศษ  | 3. หฤษฎ์ ถูระวัน  | 4. เกริกฤทธิ์ จันทรโพธิ์ศรี,รถ : 81-1269 นพ (นพ 03),"CABLE,AL,750 V,50 SQ.MM. TIS.293",10,,2026-04-05
1133,6 เม.ย. 2569,03:00,06:30,210,กฟส.นาแก (S),51-930087,86,อากาศปกติ,โหลดเกินพิกัด-โหลดเกินพิกัด,ศจฟ,03:00,05:52,06:45,53,1. บัญชา ปู่บุตรชา,รถ : นก-03,"H.R.C. FUSE, BLADE CONTACT, 100 A",1,,2026-04-06
1134,6 เม.ย. 2569,05:30,07:47,137,กฟส.โพนสวรรค์ (XS),51-005077,126,อากาศชื้น / หมอก,โหลดเกินพิกัด-โหลดเกินพิกัด,ศจฟ,05:30,05:30,08:30,180,1. รวิชญ์ พรมน้อย  | 2. วรัญญู สังรวมใจ,รถ : โพนสวรรค์-03,"H.R.C. FUSE, BLADE CONTACT, 50 A",2,,2026-04-06
1135,6 เม.ย. 2569,06:38,07:00,22,กฟจ.นครพนม (L),NNB01VF-008,3,อากาศชื้น / หมอก,โหลดเกินพิกัด-โหลดเกินพิกัด,ศจฟ,06:38,06:25,07:00,35,1. กิติศักดิ์ หาราช  | 2. ทศวรรษ มังคละคีรี  | 3. ธำรงรัตน์ สระแก้ว,รถ : 3ฒภ 2576 กทม (นพ 01),FUSE LINK 22 KV. 30 A.EEI-NEMA TYPE K,3,,2026-04-06
1136,6 เม.ย. 2569,07:03,07:30,27,กฟส.นาแก (S),THA04VF-222-1,20,อากาศปกติ,สัตว์-งู,ศจฟ,07:03,07:04,07:42,38,1. บัญชา ปู่บุตรชา,รถ : นก-03,FUSE LINK 22 KV. 20 A.EEI-NEMA TYPE K,2,,2026-04-06
1137,6 เม.ย. 2569,07:26,08:20,54,กฟส.ศรีสงคราม (XS),SSK01VF-004,1,อากาศปกติ,สัตว์-งู,ศจฟ,07:26,07:27,08:35,68,1. วุฒิชัย เหมเมือง,รถ : ศรีสงคราม 02,FUSE LINK 22 KV. 15 A.EEI-NEMA TYPE K,1,,2026-04-06
1138,6 เม.ย. 2569,09:11,09:30,18,กฟจ.นครพนม (L),46-008001,88,อากาศปกติ,สัตว์-งู,ศจฟ,09:11,09:19,09:48,29,1. กิติศักดิ์ หาราช  | 2. ชัยยา มาตขาว  | 3. ประจล ศรีสุราช,รถ : 3ฒภ 2576 กทม (นพ 01),FUSE LINK 22 KV. 10 A.EEI-NEMA TYPE K,2,,2026-04-06
1139,6 เม.ย. 2569,09:20,10:50,90,กฟจ.นครพนม (L),NNA05F-01/1,225,อากาศปกติ,สัตว์-งู,ศจฟ,09:20,09:21,10:50,89,1. กิติศักดิ์ หาราช  | 2. ชัยยา มาตขาว  | 3. ประจล ศรีสุราช,รถ : 3ฒภ 2576 กทม (นพ 01),FUSE LINK 22 KV. 25 A.EEI-NEMA TYPE K,2,,2026-04-06
1140,6 เม.ย. 2569,09:46,09:15,0,กฟส.โพนสวรรค์ (XS),5901222101,1,อากาศปกติ,สภาพสิ่งแวดล้อม-สภาพสิ่งแวดล้อมอื่นๆ,ศจฟ,09:46,08:30,09:50,80,1. สุทธิเกียรติ บุญรังษี,รถ : โพนสวรรค์-03,"CABLE,CU,PVC,INS.&JAC. 600V, 2X10 SQ.MM.",7,,2026-04-06
1141,6 เม.ย. 2569,09:57,10:31,33,กฟส.นาหว้า (XS),SSK06F-18/21,2,อากาศปกติ,สภาพสิ่งแวดล้อม-สภาพสิ่งแวดล้อมอื่นๆ,ศจฟ,09:57,09:58,10:32,34,1. อัมรินทร์ วะราวัง,รถ : -,FUSE LINK 22 KV. 20 A.EEI-NEMA TYPE K,3,,2026-04-06
1142,6 เม.ย. 2569,09:59,11:30,91,กฟจ.นครพนม (L),NNB02VF-039,304,อากาศปกติ,สภาพสิ่งแวดล้อม-สภาพสิ่งแวดล้อมอื่นๆ,ศจฟ,09:59,10:00,11:30,90,1. กิติศักดิ์ หาราช  | 2. ชัยยา มาตขาว  | 3. ประจล ศรีสุราช,รถ : 3ฒภ 2576 กทม (นพ 01),FUSE LINK 22 KV. 25 A.EEI-NEMA TYPE K,2,,2026-04-06
1143,6 เม.ย. 2569,10:56,11:00,4,กฟส.ธาตุพนม (S),58-011528,1,อากาศปกติ,สภาพสิ่งแวดล้อม-สภาพสิ่งแวดล้อมอื่นๆ,ศจฟ,10:56,10:00,11:10,70,1. ธีรพิชญ์ มิ่งขวัญ  | 2. พงศวัชร์ ธัญภัทร์อนันต์,รถ : กระเช้าธาตุพนม,FUSE LINK 22 KV. 10 A.EEI-NEMA TYPE K,2,,2026-04-06
1144,6 เม.ย. 2569,11:00,13:00,120,กฟจ.นครพนม (L),NNA02VF-020,63,อากาศปกติ,สภาพสิ่งแวดล้อม-สภาพสิ่งแวดล้อมอื่นๆ,ศจฟ,11:00,11:01,13:00,119,1. กิติศักดิ์ หาราช  | 2. ชัยยา มาตขาว  | 3. ประจล ศรีสุราช,รถ : 3ฒภ 2576 กทม (นพ 01),FUSE LINK 22 KV. 15 A.EEI-NEMA TYPE K,2,,2026-04-06
1145,6 เม.ย. 2569,11:02,11:06,4,กฟส.บ้านแพง (S),SSK08F-66,589,อากาศปกติ,ต้นไม้-กิ่งไม้หักพาดสาย,ศจฟ,11:02,10:02,10:52,50,1. เอกพล เวกสูงเนิน,รถ : กระเช้าบ้านแพง,FUSE LINK 22 KV. 30 A.EEI-NEMA TYPE K,2,,2026-04-06
1146,6 เม.ย. 2569,12:21,12:50,29,กฟส.ศรีสงคราม (XS),SSK08VF-049,47,อากาศปกติ,สัตว์-นก/ค้างคาว,ศจฟ,12:21,12:22,12:57,35,1. เชาวลิต หัสรินทร์,รถ : ศรีสงคราม 01,FUSE LINK 22 KV. 10 A.EEI-NEMA TYPE K,2,,2026-04-06
1147,6 เม.ย. 2569,13:38,14:00,22,กฟจ.นครพนม (L),NNA04F-03,277,อากาศปกติ,สัตว์-นก/ค้างคาว,ศจฟ,13:38,13:00,14:30,90,1. กิติศักดิ์ หาราช  | 2. ชัยยา มาตขาว  | 3. ประจล ศรีสุราช,รถ : 3ฒภ 2576 กทม (นพ 01),FUSE LINK 22 KV. 40 A.EEI-NEMA TYPE K,2,,2026-04-06
1148,6 เม.ย. 2569,14:11,14:29,18,กฟส.ท่าอุเทน (XS),57-940948,51,อากาศปกติ,สัตว์-นก/ค้างคาว,ศจฟ,14:11,14:11,14:31,20,1. อนุสรณ์ ทองประสม,รถ : รถแก้ไฟท่าอุเทน,,,,2026-04-06
1149,6 เม.ย. 2569,14:39,15:04,24,กฟส.ท่าอุเทน (XS),21700362,1,อากาศปกติ,สัตว์-นก/ค้างคาว,ศจฟ,14:39,14:40,15:18,38,1. อนุสรณ์ ทองประสม,รถ : รถแก้ไฟท่าอุเทน,,,,2026-04-06
1150,6 เม.ย. 2569,14:40,14:43,3,กฟส.นาแก (S),THA04VF-224,128,อากาศปกติ,สัตว์-นก/ค้างคาว,ศจฟ,14:40,14:41,14:45,4,1. พิษณุ คำคนซื่อ,รถ : นก-03,FUSE LINK 22 KV. 25 A.EEI-NEMA TYPE K,1,,2026-04-06
1151,6 เม.ย. 2569,15:32,16:00,27,กฟส.ศรีสงคราม (XS),SSK01VF-026,39,อากาศปกติ,สัตว์-นก/ค้างคาว,ศจฟ,15:32,15:36,16:20,44,1. เชาวลิต หัสรินทร์,รถ : ศรีสงคราม 01,FUSE LINK 22 KV. 25 A.EEI-NEMA TYPE K,2,,2026-04-06
1152,6 เม.ย. 2569,15:36,15:30,0,กฟจ.นครพนม (L),NNA07F-31-1,1,อากาศปกติ,สัตว์-นก/ค้างคาว,ศจฟ,15:36,15:00,16:20,80,1. กิติศักดิ์ หาราช  | 2. ชัยยา มาตขาว  | 3. ประจล ศรีสุราช,รถ : 3ฒภ 2576 กทม (นพ 01),FUSE LINK 22 KV. 15 A.EEI-NEMA TYPE K,2,,2026-04-06
1153,6 เม.ย. 2569,17:30,17:33,3,กฟจ.นครพนม (L),NNA10VF-001-5,922,อากาศปกติ,สัตว์-นก/ค้างคาว,ศจฟ,17:30,17:18,17:38,20,1. ทศวรรษ มังคละคีรี  | 2. ปรีชา เพ็งคำ,รถ : 3ฒภ 2576 กทม (นพ 01),FUSE LINK 22 KV. 8 A.EEI-NEMA TYPE K,2,,2026-04-06
1154,6 เม.ย. 2569,21:02,22:07,64,กฟส.ท่าอุเทน (XS),41-001787,185,อากาศปกติ,สัตว์-นก/ค้างคาว,ศจฟ,21:02,21:03,22:37,94,1. อนุสรณ์ ทองประสม,รถ : รถแก้ไฟท่าอุเทน,"CABLE,AL,750 V,50 SQ.MM. TIS.293",3,,2026-04-06
1155,6 เม.ย. 2569,21:10,21:26,15,กฟส.บ้านแพง (S),SSK08F-69,1113,อากาศปกติ,สัตว์-นก/ค้างคาว,ศจฟ,21:10,21:11,21:39,28,1. จตุรภุช สะท้านอิทธิฤทธิ์,รถ : กระเช้าบ้านแพง,FUSE LINK 22 KV. 30 A.EEI-NEMA TYPE K,2,,2026-04-06
1156,6 เม.ย. 2569,21:20,22:03,42,กฟส.บ้านแพง (S),54-003808,241,อากาศปกติ,โหลดเกินพิกัด-โหลดเกินพิกัด,ศจฟ,21:20,21:26,22:05,39,1. จตุรภุช สะท้านอิทธิฤทธิ์,รถ : กระเช้าบ้านแพง,H.R.C. FUSE 200 A. DIN ORBS,1,,2026-04-06
1157,6 เม.ย. 2569,21:40,21:45,5,กฟจ.นครพนม (L),45-003834,162,อากาศปกติ,โหลดเกินพิกัด-โหลดเกินพิกัด,ศจฟ,21:40,21:30,22:00,30,1. ทศวรรษ มังคละคีรี  | 2. ปรีชา เพ็งคำ,รถ : 3ฒภ 2576 กทม (นพ 01),"CONN.,PG,DOUBLE BOLT,AL 25-95 SQ.MM.",4,,2026-04-06
1158,7 เม.ย. 2569,07:00,08:23,82,กฟส.เรณูนคร (XS),26377602,1,อากาศปกติ,โหลดเกินพิกัด-โหลดเกินพิกัด,ศจฟ,07:00,06:30,08:38,128,1. พงศวัชร์ ธัญภัทร์อนันต์,รถ : 80-7964 นพ รณ.01,"CONN.,PG,DOUBLE BOLT,AL 16-70 SQ.MM.",1,,2026-04-07
1159,7 เม.ย. 2569,07:00,08:27,87,กฟส.ท่าอุเทน (XS),5800326616,1,อากาศชื้น / หมอก,โหลดเกินพิกัด-โหลดเกินพิกัด,ศจฟ,07:00,07:19,08:29,70,1. อนุสรณ์ ทองประสม,รถ : รถแก้ไฟท่าอุเทน,"CABLE,CU,PVC,INS.&JAC. 600V, 2X10 SQ.MM.",3,,2026-04-07
1160,7 เม.ย. 2569,09:19,10:16,56,กฟส.ท่าอุเทน (XS),37-012112,165,อากาศชื้น / หมอก,โหลดเกินพิกัด-โหลดเกินพิกัด,ศจฟ,09:19,09:20,10:36,76,1. อนุสรณ์ ทองประสม,รถ : รถแก้ไฟท่าอุเทน,H.R.C. FUSE 250 A.DIN OR BS,1,,2026-04-07
1161,7 เม.ย. 2569,10:16,13:34,198,กฟส.นาหว้า (XS),SSK10F-11,1,อากาศชื้น / หมอก,โหลดเกินพิกัด-โหลดเกินพิกัด,ศจฟ,10:16,10:17,13:36,199,1. อัมรินทร์ วะราวัง,รถ : -,"CABLE LUG,NEMA 2-HOLE,AL 185 SQ.MM.",6,,2026-04-07
1162,7 เม.ย. 2569,10:17,10:33,15,กฟส.เรณูนคร (XS),67-021703,294,อากาศปกติ,อุปกรณ์-ชำรุด,ศจฟ,10:17,10:18,11:00,42,1. ณวุฒิ กลางประพันธ์,รถ : รน-0001,"CABLE,CU,PVC,INS.&JAC. 600V, 2X10 SQ.MM.",7,,2026-04-07
1163,7 เม.ย. 2569,11:47,12:44,56,กฟส.เรณูนคร (XS),THA02F-51,574,ลมแรง,อุปกรณ์-ชำรุด,ศจฟ,11:47,11:48,12:55,67,1. ณวุฒิ กลางประพันธ์,รถ : รน-0001,FUSE LINK 22 KV. 25 A.EEI-NEMA TYPE K,3,,2026-04-07
1164,7 เม.ย. 2569,11:50,11:50,0,กฟจ.นครพนม (L),NNA04F-0617,179,ลมแรง,อุปกรณ์-ชำรุด,ศจฟ,11:50,11:36,12:00,24,1. ทศวรรษ มังคละคีรี  | 2. ธำรงรัตน์ สระแก้ว  | 3. สุรวุฒิ สุขแสงดาว,รถ : 3ฒภ 2576 กทม (นพ 01),FUSE LINK 22 KV. 10 A.EEI-NEMA TYPE K,2,,2026-04-07
1165,7 เม.ย. 2569,13:26,13:59,33,กฟจ.นครพนม (L),NNA04F-03,277,ลมแรง,อุปกรณ์-ชำรุด,ศจฟ,13:26,13:00,13:41,41,1. ทศวรรษ มังคละคีรี  | 2. ธำรงรัตน์ สระแก้ว  | 3. สุรวุฒิ สุขแสงดาว,รถ : 3ฒภ 2576 กทม (นพ 01),FUSE LINK 22 KV. 30 A.EEI-NEMA TYPE K,3,,2026-04-07
1166,7 เม.ย. 2569,14:37,14:48,11,กฟส.บ้านแพง (S),61-004908,46,อากาศปกติ,อุปกรณ์-ชำรุด,ศจฟ,14:37,14:42,14:49,7,1. รชานนท์ โมธรรม,รถ : กระเช้าบ้านแพง,H.R.C. FUSE 200 A. DIN ORBS,1,,2026-04-07
1167,7 เม.ย. 2569,15:11,18:08,177,กฟส.นาหว้า (XS),SSK04VF-153,598,อากาศปกติ,อุปกรณ์-ชำรุด,ศจฟ,15:11,15:12,18:09,177,1. อัมรินทร์ วะราวัง,รถ : -,FUSE LINK 22 KV. 100 A.EEI-NEMA TYPE K,3,,2026-04-07
1168,7 เม.ย. 2569,18:20,18:50,29,กฟส.บ้านแพง (S),50-006619,10,อากาศปกติ,อุปกรณ์-ชำรุด,ศจฟ,18:20,18:25,19:10,45,1. ปิยะณัฐ พลเหี้ยมหาญ,รถ : กระเช้าบ้านแพง,"CABLE,AL,750 V,50 SQ.MM. TIS.293",10,,2026-04-07
1169,7 เม.ย. 2569,18:50,20:09,79,กฟส.โพนสวรรค์ (XS),SSK07F-08,2197,ลมแรง,ภัยธรรมชาติ-พายุฤดูร้อน/พายุดีเปรสชั่น,ศจฟ,18:50,19:00,20:40,100,1. รวิชญ์ พรมน้อย,รถ : โพนสวรรค์-03,FUSE LINK 22 KV. 25 A.EEI-NEMA TYPE K,2,,2026-04-07
1170,7 เม.ย. 2569,20:35,21:20,45,กฟส.ธาตุพนม (S),68-013379,0,อากาศปกติ,ภัยธรรมชาติ-พายุฤดูร้อน/พายุดีเปรสชั่น,ศจฟ,20:35,20:00,20:40,40,1. ธิติ เรณู  | 2. ธีรพิชญ์ มิ่งขวัญ  | 3. อติชาติ เมืองงาม,รถ : กระเช้าธาตุพนม,"H.R.C. FUSE, BLADE CONTACT, 100 A",1,,2026-04-07
1171,7 เม.ย. 2569,21:30,21:30,0,กฟส.ธาตุพนม (S),34-006025,289,อากาศปกติ,ภัยธรรมชาติ-พายุฤดูร้อน/พายุดีเปรสชั่น,ศจฟ,21:30,20:50,21:20,30,1. ธิติ เรณู  | 2. ธีรพิชญ์ มิ่งขวัญ  | 3. อติชาติ เมืองงาม,รถ : กระเช้าธาตุพนม,"H.R.C. FUSE, BLADE CONTACT, 160 A",1,,2026-04-07
1172,7 เม.ย. 2569,21:31,21:53,22,กฟส.บ้านแพง (S),67-008475,175,อากาศปกติ,สัตว์-งู,ศจฟ,21:30,21:40,21:59,19,1. ปิยะณัฐ พลเหี้ยมหาญ,รถ : กระเช้าบ้านแพง,H.R.C. FUSE 200 A. DIN ORBS,1,,2026-04-07
1173,7 เม.ย. 2569,22:40,22:30,0,กฟส.ธาตุพนม (S),34-005474,57,อากาศปกติ,สัตว์-งู,ศจฟ,22:40,21:30,22:16,46,1. ธิติ เรณู  | 2. ธีรพิชญ์ มิ่งขวัญ  | 3. อติชาติ เมืองงาม,รถ : กระเช้าธาตุพนม,"H.R.C. FUSE, BLADE CONTACT, 160 A",1,,2026-04-07
1174,8 เม.ย. 2569,07:10,07:54,44,กฟส.โพนสวรรค์ (XS),5901347163,1,อากาศชื้น / หมอก,สภาพสิ่งแวดล้อม-ความชื้น,ศจฟ,07:10,07:10,08:10,60,1. รวิชญ์ พรมน้อย,รถ : โพนสวรรค์-03,"CABLE,CU,PVC,INS.&JAC. 600V, 2X10 SQ.MM.",7,,2026-04-08
1175,8 เม.ย. 2569,07:24,07:33,9,กฟจ.นครพนม (L),NNA04F-02,165,อากาศชื้น / หมอก,สภาพสิ่งแวดล้อม-ความชื้น,ศจฟ,07:24,06:30,07:15,45,1. ณัฏฐศรันย์ อันทระบุตร  | 2. พิพัฒน์ นะระทะ  | 3. สันติ อินทิสาร,รถ : 3ฒภ 2576 กทม (นพ 01),FUSE LINK 22 KV. 40 A.EEI-NEMA TYPE K,1,,2026-04-08
1176,8 เม.ย. 2569,08:20,08:21,1,กฟส.เรณูนคร (XS),THA02F-23,974,อากาศปกติ,สัตว์-สัตว์อื่นๆ,ศจฟ,08:20,08:00,08:30,30,1. ธิติ เรณู,รถ : 80-7964 นพ รณ.01,FUSE LINK 22 KV. 30 A.EEI-NEMA TYPE K,2,,2026-04-08
1177,8 เม.ย. 2569,10:00,10:53,53,กฟจ.นครพนม (L),NNB01VF-031,533,อากาศปกติ,ต้นไม้-ต้นไม้ล้มทับสาย,ศจฟ,10:00,10:42,10:59,17,1. ถวิล เมษาคุณ  | 2. นลธวัช ศรีหาเศษ  | 3. พงษ์สนิจ ศรีวิชัย,รถ : 81-1269 นพ (นพ 03),FUSE LINK 22 KV. 25 A.EEI-NEMA TYPE K,2,,2026-04-08
1178,8 เม.ย. 2569,14:50,15:08,18,กฟส.เรณูนคร (XS),THA02F-56,907,อากาศปกติ,สภาพสิ่งแวดล้อม-ไฟไหม้,ศจฟ,14:50,14:00,14:55,55,1. ณวุฒิ กลางประพันธ์,รถ : รน-0001,FUSE HOLDER 22 KV. 100 A. 12 KA.,1,,2026-04-08
1179,8 เม.ย. 2569,18:40,18:50,10,กฟจ.นครพนม (L),NNA04F-03,281,อากาศปกติ,สภาพสิ่งแวดล้อม-ไฟไหม้,ศจฟ,18:40,18:33,19:10,37,1. ทศวรรษ มังคละคีรี  | 2. ธำรงรัตน์ สระแก้ว,รถ : 81-1269 นพ (นพ 03),FUSE HOLDER 22 KV. 100 A. 12 KA.,1,,2026-04-08
1180,8 เม.ย. 2569,19:08,20:44,96,กฟส.ศรีสงคราม (XS),45-007367,53,อากาศปกติ,บุคคลภายนอก-คนตัดต้นไม้,ศจฟ,19:08,19:09,20:45,96,1. ปัญจพงษ์ เศรษฐาไชย,รถ : ศรีสงคราม 01,"CABLE,AL,750 V,50 SQ.MM. TIS.293",10,,2026-04-08
1181,8 เม.ย. 2569,19:23,19:55,31,กฟส.ธาตุพนม (S),29-011120,104,อากาศปกติ,บุคคลภายนอก-คนตัดต้นไม้,ศจฟ,19:23,19:24,20:01,37,1. นรากร แสนโสม  | 2. นฤสรธ์ น้อยนารถ  | 3. สันติ จันทโคตร,รถ : กระเช้าธาตุพนม,"H.R.C. FUSE, BLADE CONTACT, 160 A",1,,2026-04-08
1182,8 เม.ย. 2569,19:36,20:05,29,กฟส.นาทม (XS),SEK03F-89,321,อากาศปกติ,บุคคลภายนอก-คนตัดต้นไม้,ศจฟ,19:36,19:36,20:17,41,1. วราวุธ นาขมิ้น,รถ : นาทม 02,FUSE LINK 22 KV. 25 A.EEI-NEMA TYPE K,2,,2026-04-08
1183,8 เม.ย. 2569,20:20,21:34,73,กฟจ.นครพนม (L),6700159755,1,อากาศปกติ,บุคคลภายนอก-คนตัดต้นไม้,ศจฟ,20:20,20:26,21:37,71,1. ทศวรรษ มังคละคีรี  | 2. ธำรงรัตน์ สระแก้ว  | 3. วสันต์ชัย ดวงสูงเนิน  | 4. สุรวุฒิ สุขแสงดาว,รถ : 3ฒภ 2576 กทม (นพ 01),"CONN.,PG,DOUBLE BOLT,AL 25-95 SQ.MM.",1,,2026-04-08
1184,8 เม.ย. 2569,20:47,20:57,10,กฟส.บ้านแพง (S),67-008475,175,อากาศปกติ,โหลดเกินพิกัด-โหลดเกินพิกัด,ศจฟ,20:47,20:48,21:05,17,1. ปิยะณัฐ พลเหี้ยมหาญ,รถ : กระเช้าบ้านแพง,H.R.C. FUSE 200 A. DIN ORBS,1,,2026-04-08
1185,8 เม.ย. 2569,20:54,18:00,0,กฟส.ท่าอุเทน (XS),SSK02VF-251,112,อากาศปกติ,สัตว์-นก/ค้างคาว,ศจฟ,20:54,17:00,18:00,60,1. สุรธวัช วุฒิสาร,รถ : รถแก้ไฟท่าอุเทน,FUSE LINK 22 KV. 20 A.EEI-NEMA TYPE K,1,,2026-04-08
1186,8 เม.ย. 2569,21:20,21:16,0,กฟจ.นครพนม (L),34-002223,18,อากาศปกติ,สัตว์-นก/ค้างคาว,ศจฟ,21:20,21:00,21:29,29,1. ทศวรรษ มังคละคีรี  | 2. ธำรงรัตน์ สระแก้ว,รถ : 81-1269 นพ (นพ 03),FUSE LINK 22 KV. 3 A.EEI-NEMA TYPE K,4,,2026-04-08
1187,8 เม.ย. 2569,23:14,23:20,6,กฟส.ท่าอุเทน (XS),SSK02VF-210,154,อากาศปกติ,สัตว์-นก/ค้างคาว,ศจฟ,23:14,22:40,23:41,61,1. สุรธวัช วุฒิสาร,รถ : รถแก้ไฟท่าอุเทน,FUSE LINK 22 KV. 25 A.EEI-NEMA TYPE K,1,,2026-04-08
1188,8 เม.ย. 2569,23:40,00:05,24,กฟจ.นครพนม (L),54-010686,35,อากาศปกติ,สัตว์-นก/ค้างคาว,ศจฟ,23:40,23:41,00:15,34,1. ทศวรรษ มังคละคีรี  | 2. สุรวุฒิ สุขแสงดาว,รถ : 81-1269 นพ (นพ 03),FUSE LINK 22 KV. 3 A.EEI-NEMA TYPE K,4,,2026-04-08
1189,9 เม.ย. 2569,00:02,00:40,38,กฟส.ธาตุพนม (S),67-030285,145,อากาศปกติ,สัตว์-นก/ค้างคาว,ศจฟ,00:02,00:08,00:43,35,1. นรากร แสนโสม  | 2. นฤสรธ์ น้อยนารถ  | 3. สันติ จันทโคตร,รถ : กระเช้าธาตุพนม,"H.R.C. FUSE, BLADE CONTACT, 160 A",2,,2026-04-09
1190,9 เม.ย. 2569,07:06,07:50,44,กฟส.ศรีสงคราม (XS),SSK02VF-004,882,อากาศปกติ,สัตว์-นก/ค้างคาว,ศจฟ,07:06,07:08,08:15,67,1. ปัญจพงษ์ เศรษฐาไชย,รถ : ศรีสงคราม 01,FUSE LINK 22 KV. 30 A.EEI-NEMA TYPE K,2,,2026-04-09
1191,9 เม.ย. 2569,09:00,09:52,51,กฟส.เรณูนคร (XS),THA02F-38/1,18162,อากาศปกติ,สัตว์-งู,ศจฟ,09:00,09:00,09:58,58,1. ณวุฒิ กลางประพันธ์,รถ : รน-0001,FUSE LINK 22 KV. 25 A.EEI-NEMA TYPE K,3,,2026-04-09
1192,9 เม.ย. 2569,09:20,10:10,49,กฟส.นาหว้า (XS),66-005495,75,อากาศปกติ,อุปกรณ์-ชำรุด,ศจฟ,09:20,09:32,10:17,45,1. กิตติศักดิ์ คำชนะ,รถ : นาหว้า 02,"H.R.C. FUSE, BLADE CONTACT, 100 A",1,,2026-04-09
1193,9 เม.ย. 2569,10:30,10:48,18,กฟส.ท่าอุเทน (XS),21478527,1,อากาศปกติ,อุปกรณ์-ชำรุด,ศจฟ,10:30,10:31,10:51,20,1. ปรินทร์ บุญเทียม,รถ : รถแก้ไฟท่าอุเทน,"CABLE,CU,PVC,INS.&JAC. 600V, 2X10 SQ.MM.",16,,2026-04-09
1194,9 เม.ย. 2569,13:00,12:04,0,กฟส.เรณูนคร (XS),65-024424,360,อากาศปกติ,อุปกรณ์-ชำรุด,ศจฟ,13:00,13:31,14:00,29,1. ณวุฒิ กลางประพันธ์,รถ : รน-0001,"CONN.,PG,DOUBLE BOLT,AL 25-95 SQ.MM.",2,,2026-04-09
1195,9 เม.ย. 2569,13:00,15:31,151,กฟส.นาหว้า (XS),66-018361,129,อากาศปกติ,อุปกรณ์-ชำรุด,ศจฟ,13:00,13:34,15:34,120,1. กิตติศักดิ์ คำชนะ  | 2. อัมรินทร์ วะราวัง,รถ : นาหว้า 02,"CABLE,AL,750 V,95 SQ.MM. TIS.293",4,,2026-04-09
1196,9 เม.ย. 2569,15:06,15:50,44,กฟส.ธาตุพนม (S),63-035886,47,อากาศปกติ,อุปกรณ์-ชำรุด,ศจฟ,15:06,15:07,16:02,55,1. ณวุฒิ กลางประพันธ์  | 2. นรากร แสนโสม,รถ : กระเช้าธาตุพนม,"H.R.C. FUSE, BLADE CONTACT, 100 A",1,,2026-04-09
1197,9 เม.ย. 2569,15:16,15:35,18,กฟส.ท่าอุเทน (XS),NNA08VF-201,1,ลมแรง,ต้นไม้-ลมพัดต้นไม้มาแตะสาย,ศจฟ,15:16,15:17,15:37,20,1. ปรินทร์ บุญเทียม  | 2. อภิรักษ์ สาตะรักษ์,รถ : -,FUSE LINK 22 KV. 15 A.EEI-NEMA TYPE K,1,,2026-04-09
1198,9 เม.ย. 2569,15:20,16:00,40,กฟส.ศรีสงคราม (XS),SSK01VF-028,231,ลมแรง,ต้นไม้-ลมพัดต้นไม้มาแตะสาย,ศจฟ,15:20,15:20,16:25,65,1. ปัญจพงษ์ เศรษฐาไชย,รถ : ศรีสงคราม 02,FUSE LINK 22 KV. 25 A.EEI-NEMA TYPE K,2,,2026-04-09
1199,9 เม.ย. 2569,16:09,16:24,15,กฟส.ปลาปาก (XS),NNA07F-56-04,18162,อากาศปกติ,ต้นไม้-ลมพัดต้นไม้มาแตะสาย,ศจฟ,16:09,15:40,16:25,45,1. บิณฑ์ นารินทร์รักษ์,รถ : รถแก้ไฟปลาปาก 01,FUSE LINK 22 KV. 25 A.EEI-NEMA TYPE K,1,,2026-04-09
1200,9 เม.ย. 2569,17:11,17:30,18,กฟส.ปลาปาก (XS),54-011268,8,อากาศปกติ,ต้นไม้-ต้นไม้ล้มทับสาย,ศจฟ,17:11,17:18,17:50,32,1. นครินทร์ จำปาทิ,รถ : รถแก้ไฟปลาปาก 01,"CABLE,AL,750 V,50 SQ.MM. TIS.293",5,,2026-04-09
1201,9 เม.ย. 2569,17:28,17:50,22,กฟจ.นครพนม (L),6600077210,1,อากาศปกติ,ต้นไม้-ต้นไม้ล้มทับสาย,ศจฟ,17:28,17:34,18:00,26,1. ชัยยา มาตขาว  | 2. ถวิล เมษาคุณ  | 3. พงษ์สนิจ ศรีวิชัย,รถ : 3ฒภ 2576 กทม (นพ 01),"CONN.,PG,DOUBLE BOLT,AL 25-95 SQ.MM.",4,,2026-04-09
1202,9 เม.ย. 2569,18:06,18:20,14,กฟจ.นครพนม (L),NNA06F-06,170,อากาศปกติ,ต้นไม้-ต้นไม้ล้มทับสาย,ศจฟ,18:06,18:12,18:30,18,1. ชัยยา มาตขาว  | 2. ถวิล เมษาคุณ  | 3. พงษ์สนิจ ศรีวิชัย,รถ : 3ฒภ 2576 กทม (นพ 01),FUSE LINK 22 KV. 40 A.EEI-NEMA TYPE K,3,,2026-04-09
1203,9 เม.ย. 2569,18:13,18:29,15,กฟจ.นครพนม (L),5800326587,1,อากาศปกติ,อุปกรณ์-ชำรุด,ศจฟ,18:13,18:20,18:32,12,1. ชัยยา มาตขาว  | 2. ถวิล เมษาคุณ  | 3. พงษ์สนิจ ศรีวิชัย,รถ : 81-1269 นพ (นพ 03),"CONN.,PG,DOUBLE BOLT,AL 25-95 SQ.MM.",2,,2026-04-09
1204,9 เม.ย. 2569,18:27,19:24,56,กฟส.นาทม (XS),SEK03F-85,42,ลมแรง,อุปกรณ์-ชำรุด,ศจฟ,18:27,18:28,19:34,66,1. นราธร อินทรายุทธ,รถ : นาทม 02,FUSE HOLDER 22 KV. 100 A. 12 KA.,1,,2026-04-09
1205,9 เม.ย. 2569,18:47,20:02,75,กฟส.บ้านแพง (S),45-002705,20,ลมแรง,อุปกรณ์-ชำรุด,ศจฟ,18:47,18:49,20:06,77,1. ทศพร เจริญสว่าง,รถ : กระเช้าบ้านแพง,"COND.,ACSR 50/8 SQ.MM.TIS.86",10,,2026-04-09
1206,9 เม.ย. 2569,19:14,19:22,8,กฟส.ปลาปาก (XS),57-005652,62,อากาศปกติ,อุปกรณ์-ชำรุด,ศจฟ,19:14,19:18,19:25,7,1. นครินทร์ จำปาทิ,รถ : รถแก้ไฟปลาปาก 01,"CABLE,AL,750 V,50 SQ.MM. TIS.293",3,,2026-04-09
1207,9 เม.ย. 2569,21:23,21:59,36,กฟจ.นครพนม (L),21078738,1,อากาศปกติ,อุปกรณ์-ชำรุด,ศจฟ,21:23,21:31,22:06,35,1. ชัยยา มาตขาว  | 2. ถวิล เมษาคุณ  | 3. พงษ์สนิจ ศรีวิชัย,รถ : 81-1269 นพ (นพ 03),"CONN.,PG,DOUBLE BOLT,AL 25-95 SQ.MM.",2,,2026-04-09
1208,9 เม.ย. 2569,21:40,21:59,18,กฟส.ปลาปาก (XS),57-005651,64,อากาศปกติ,อุปกรณ์-ชำรุด,ศจฟ,21:40,21:42,22:03,21,1. นครินทร์ จำปาทิ,รถ : รถแก้ไฟปลาปาก 01,H.R.C. FUSE 50 A.DIN OR BS,1,,2026-04-09
1209,9 เม.ย. 2569,22:20,23:30,70,กฟจ.นครพนม (L),37-006866,177,อากาศปกติ,อุปกรณ์-ชำรุด,ศจฟ,22:20,22:24,23:54,90,1. ชัยยา มาตขาว  | 2. ถวิล เมษาคุณ  | 3. พงษ์สนิจ ศรีวิชัย,รถ : 3ฒภ 2576 กทม (นพ 01),"CONN.,PG,DOUBLE BOLT,AL 16-70 SQ.MM.",6,,2026-04-09
1210,9 เม.ย. 2569,23:01,23:18,17,กฟจ.นครพนม (L),55-001412,100,อากาศปกติ,อุปกรณ์-ชำรุด,ศจฟ,23:01,23:02,23:28,26,1. ชัยยา มาตขาว  | 2. ถวิล เมษาคุณ  | 3. พงษ์สนิจ ศรีวิชัย,รถ : 81-1269 นพ (นพ 03),"H.R.C. FUSE, BLADE CONTACT, 80 A",1,,2026-04-09
1211,10 เม.ย. 2569,07:00,07:50,49,กฟส.ศรีสงคราม (XS),SSK04VF-001,657,อากาศปกติ,สัตว์-นก/ค้างคาว,ศจฟ,07:00,07:29,07:55,26,1. เชาวลิต หัสรินทร์,รถ : ศรีสงคราม 01,FUSE LINK 22 KV. 25 A.EEI-NEMA TYPE K,1,,2026-04-10
1212,10 เม.ย. 2569,07:00,08:00,60,กฟส.ท่าอุเทน (XS),BFA09VF-205,56,อากาศปกติ,อุปกรณ์-ทำงานผิดพลาด,ศจฟ,07:00,07:00,08:30,90,1. ปรินทร์ บุญเทียม,รถ : รถแก้ไฟท่าอุเทน,FUSE LINK 22 KV. 15 A.EEI-NEMA TYPE K,2,,2026-04-10
1213,10 เม.ย. 2569,07:00,08:13,73,กฟส.เรณูนคร (XS),29590199,1,อากาศปกติ,อุปกรณ์-ทำงานผิดพลาด,ศจฟ,07:00,06:15,08:20,125,1. พงศวัชร์ ธัญภัทร์อนันต์,รถ : 80-7964 นพ รณ.01,"CONN.,PG,DOUBLE BOLT,AL 16-70 SQ.MM.",1,,2026-04-10
1214,10 เม.ย. 2569,08:58,09:20,22,กฟส.ธาตุพนม (S),34-006025,288,อากาศปกติ,อุปกรณ์-ทำงานผิดพลาด,ศจฟ,08:58,09:00,09:26,26,1. ธิติ เรณู  | 2. นรากร แสนโสม,รถ : กระเช้าธาตุพนม,"H.R.C. FUSE, BLADE CONTACT, 160 A",2,,2026-04-10
1215,10 เม.ย. 2569,09:11,09:16,5,กฟส.โพนสวรรค์ (XS),35-011440,214,อากาศปกติ,อุปกรณ์-ทำงานผิดพลาด,ศจฟ,09:11,06:00,07:10,70,1. สุทธิเกียรติ บุญรังษี,รถ : โพนสวรรค์-03,"H.R.C. FUSE, BLADE CONTACT, 100 A",1,,2026-04-10
1216,10 เม.ย. 2569,09:30,10:25,54,กฟส.ธาตุพนม (S),THA05VF-018,3,อากาศปกติ,สัตว์-งู,ศจฟ,09:30,09:35,10:36,61,1. นรากร แสนโสม,รถ : กระเช้าธาตุพนม,FUSE LINK 22 KV. 25 A.EEI-NEMA TYPE K,2,,2026-04-10
1217,10 เม.ย. 2569,14:10,15:20,70,กฟส.เรณูนคร (XS),60-016198,157,อากาศปกติ,สัตว์-งู,ศจฟ,14:10,14:10,16:21,131,1. สันติ จันทโคตร,รถ : รน-0001,"CABLE,AERIAL,AL 22 KV. 1X50 SQ.MM.",2,,2026-04-10
1218,10 เม.ย. 2569,15:45,16:16,31,กฟส.บ้านแพง (S),SEK04F-53-1,14,อากาศปกติ,สภาพสิ่งแวดล้อม-ฝุ่น,ศจฟ,15:45,09:30,10:00,30,1. รชานนท์ โมธรรม,รถ : กระเช้าบ้านแพง,FUSE LINK 22 KV. 15 A.EEI-NEMA TYPE K,1,,2026-04-10
1219,11 เม.ย. 2569,10:33,10:52,18,กฟจ.นครพนม (L),NNB02VF-037,1,อากาศปกติ,สภาพสิ่งแวดล้อม-ฝุ่น,ศจฟ,10:33,10:40,10:55,15,1. วิเชียร สุวอ  | 2. หฤษฎ์ ถูระวัน  | 3. หิรัญ พลไกรสร,รถ : 3ฒภ 2576 กทม (นพ 01),FUSE LINK 22 KV. 20 A.EEI-NEMA TYPE K,1,,2026-04-11
1220,11 เม.ย. 2569,12:14,14:42,148,กฟจ.นครพนม (L),6100335113,1,อากาศปกติ,สภาพสิ่งแวดล้อม-ฝุ่น,ศจฟ,12:14,12:15,12:45,30,1. วิเชียร สุวอ  | 2. หฤษฎ์ ถูระวัน  | 3. หิรัญ พลไกรสร,รถ : 3ฒภ 2576 กทม (นพ 01),"CONN.,PG,DOUBLE BOLT,AL 25-95 SQ.MM.",2,,2026-04-11
1221,11 เม.ย. 2569,12:27,14:48,141,กฟจ.นครพนม (L),NNA04F-04/9,1,อากาศปกติ,สภาพสิ่งแวดล้อม-ฝุ่น,ศจฟ,12:27,12:32,13:15,43,1. วิเชียร สุวอ  | 2. หฤษฎ์ ถูระวัน  | 3. หิรัญ พลไกรสร,รถ : 3ฒภ 2576 กทม (นพ 01),FUSE LINK 22 KV. 20 A.EEI-NEMA TYPE K,1,,2026-04-11
1222,11 เม.ย. 2569,13:13,13:14,1,กฟส.นาแก (S),THA04VF-204,893,อากาศปกติ,สภาพสิ่งแวดล้อม-ฝุ่น,ศจฟ,13:13,13:04,13:16,12,1. วรพันธุ์ ตันสมรส,รถ : นก-03,FUSE LINK 22 KV. 30 A.EEI-NEMA TYPE K,3,,2026-04-11
1223,11 เม.ย. 2569,14:26,14:56,29,กฟส.ศรีสงคราม (XS),SSK02VF-008,1,อากาศปกติ,สภาพสิ่งแวดล้อม-ฝุ่น,ศจฟ,14:26,14:27,15:23,56,1. ปัญจพงษ์ เศรษฐาไชย,รถ : ศรีสงคราม 01,FUSE LINK 22 KV. 8 A.EEI-NEMA TYPE K,2,,2026-04-11
1224,11 เม.ย. 2569,15:29,16:17,47,กฟส.ท่าอุเทน (XS),NNA01VF-224,322,อากาศปกติ,ต้นไม้-ต้นไม้ล้มทับสาย,ศจฟ,15:29,16:04,16:19,15,1. อนุสรณ์ ทองประสม,รถ : รถแก้ไฟท่าอุเทน,FUSE LINK 22 KV. 20 A.EEI-NEMA TYPE K,3,,2026-04-11
1225,11 เม.ย. 2569,16:05,16:26,20,กฟส.บ้านแพง (S),45-015666,275,อากาศปกติ,อุปกรณ์-ชำรุด,ศจฟ,16:05,16:09,16:30,21,1. รชานนท์ โมธรรม,รถ : กระเช้าบ้านแพง,"H.R.C. FUSE, BLADE CONTACT, 200 A",1,,2026-04-11
1226,11 เม.ย. 2569,16:30,16:58,27,กฟจ.นครพนม (L),67-009028,133,อากาศปกติ,อุปกรณ์-ชำรุด,ศจฟ,16:30,16:51,17:00,9,1. จันทะคาด บัวเคน  | 2. ปรีชา เพ็งคำ  | 3. พงษ์สนิจ ศรีวิชัย  | 4. วิเชียร สุวอ  | 5. สันติ อินทิสาร  | 6. หฤษฎ์ ถูระวัน  | 7. หิรัญ พลไกรสร,รถ : 3ฒภ 2576 กทม (นพ 01),"H.R.C. FUSE, BLADE CONTACT, 100 A",1,,2026-04-11
1227,11 เม.ย. 2569,16:31,17:50,79,กฟจ.นครพนม (L),NNA02VF-007,346,อากาศปกติ,อุปกรณ์-ชำรุด,ศจฟ,16:30,16:53,17:58,65,1. จันทะคาด บัวเคน  | 2. ปรีชา เพ็งคำ  | 3. พงษ์สนิจ ศรีวิชัย  | 4. วิเชียร สุวอ  | 5. สันติ อินทิสาร  | 6. หฤษฎ์ ถูระวัน  | 7. หิรัญ พลไกรสร,รถ : 3ฒภ 2576 กทม (นพ 01),FUSE LINK 22 KV. 25 A.EEI-NEMA TYPE K,1,,2026-04-11
1228,11 เม.ย. 2569,17:00,17:50,49,กฟจ.นครพนม (L),65-030635,63,อากาศปกติ,อุปกรณ์-ชำรุด,ศจฟ,17:00,16:40,17:20,40,1. จันทะคาด บัวเคน  | 2. ปรีชา เพ็งคำ  | 3. พงษ์สนิจ ศรีวิชัย  | 4. สันติ อินทิสาร,รถ : 81-1269 นพ (นพ 03),"H.R.C. FUSE, BLADE CONTACT, 250 A",1,,2026-04-11
1229,11 เม.ย. 2569,18:41,20:09,88,กฟส.โพนสวรรค์ (XS),60-030867,13,อากาศปกติ,อุปกรณ์-ชำรุด,ศจฟ,18:41,18:42,20:33,111,1. วรัญญู สังรวมใจ,รถ : โพนสวรรค์-03,"HOTLINE BAIL-CLAMP,MAIN 70-185 SQ.MM.",1,,2026-04-11
1230,11 เม.ย. 2569,18:58,20:07,69,กฟส.ท่าอุเทน (XS),NNA01VF-224,322,อากาศปกติ,อุปกรณ์-ชำรุด,ศจฟ,18:58,18:59,20:32,93,1. อนุสรณ์ ทองประสม,รถ : รถแก้ไฟท่าอุเทน,FUSE LINK 22 KV. 20 A.EEI-NEMA TYPE K,1,,2026-04-11
1231,11 เม.ย. 2569,19:00,19:21,20,กฟส.ท่าอุเทน (XS),SSK02VF-242,1,อากาศปกติ,อุปกรณ์-ชำรุด,ศจฟ,19:00,19:00,19:29,29,1. อนุสรณ์ ทองประสม,รถ : รถแก้ไฟท่าอุเทน,FUSE LINK 22 KV. 8 A.EEI-NEMA TYPE K,1,,2026-04-11
1232,11 เม.ย. 2569,19:01,19:30,29,กฟส.ท่าอุเทน (XS),45-000035,154,อากาศปกติ,อุปกรณ์-ชำรุด,ศจฟ,19:00,19:09,19:32,23,1. อนุสรณ์ ทองประสม,รถ : รถแก้ไฟท่าอุเทน,,,,2026-04-11
1233,11 เม.ย. 2569,22:04,23:09,64,กฟส.ท่าอุเทน (XS),NNA01VF-069,439,อากาศปกติ,อุปกรณ์-ชำรุด,ศจฟ,22:04,22:05,23:11,66,1. พงษ์สนิจ ศรีวิชัย  | 2. อนุสรณ์ ทองประสม,รถ : 3ฒภ 2576 กทม (นพ 01),FUSE LINK 22 KV. 25 A.EEI-NEMA TYPE K,1,,2026-04-11
1234,12 เม.ย. 2569,06:01,07:40,99,กฟส.โพนสวรรค์ (XS),57-008163,137,อากาศชื้น / หมอก,โหลดเกินพิกัด-โหลดเกินพิกัด,ศจฟ,06:01,05:25,08:30,185,1. วรัญญู สังรวมใจ,รถ : โพนสวรรค์-03,"H.R.C. FUSE, BLADE CONTACT, 50 A",2,,2026-04-12
1235,12 เม.ย. 2569,08:19,09:00,40,กฟส.เรณูนคร (XS),61-010623,154,อากาศชื้น / หมอก,โหลดเกินพิกัด-โหลดเกินพิกัด,ศจฟ,08:19,07:22,09:02,100,1. พงศวัชร์ ธัญภัทร์อนันต์,รถ : 80-7964 นพ รณ.01,FUSE LINK 22 KV. 5-6 A.EEI-NEMA TYPE K,1,,2026-04-12
1236,12 เม.ย. 2569,08:25,14:50,385,กฟจ.นครพนม (L),29-011091,89,อากาศปกติ,สัตว์-กระรอก/กระแต/หนู,ศจฟ,08:25,08:30,09:54,84,1. ปรีชา เพ็งคำ  | 2. พิพัฒน์ พิมพ์ศรี  | 3. สันติ อินทิสาร,รถ : 3ฒภ 2576 กทม (นพ 01),FUSE LINK 22 KV. 5-6 A.EEI-NEMA TYPE K,2,,2026-04-12
1237,12 เม.ย. 2569,09:36,10:00,24,กฟส.เรณูนคร (XS),5700896292,1,อากาศปกติ,สัตว์-กระรอก/กระแต/หนู,ศจฟ,09:36,09:37,10:10,33,1. พงศวัชร์ ธัญภัทร์อนันต์,รถ : 80-7964 นพ รณ.01,"CONN.,PG,DOUBLE BOLT,AL 16-70 SQ.MM.",2,,2026-04-12
1238,12 เม.ย. 2569,13:24,11:53,0,กฟจ.นครพนม (L),65-014383,75,อากาศปกติ,สัตว์-กระรอก/กระแต/หนู,ศจฟ,13:24,10:24,11:56,92,1. ถวิล เมษาคุณ  | 2. พิพัฒน์ พิมพ์ศรี,รถ : 3ฒภ 2576 กทม (นพ 01),FUSE LINK 22 KV. 5-6 A.EEI-NEMA TYPE K,2,,2026-04-12
1239,12 เม.ย. 2569,15:30,15:56,26,กฟจ.นครพนม (L),54-003806,75,อากาศปกติ,สัตว์-กระรอก/กระแต/หนู,ศจฟ,15:30,15:30,15:57,27,1. ถวิล เมษาคุณ  | 2. พิพัฒน์ พิมพ์ศรี,รถ : 3ฒภ 2576 กทม (นพ 01),"DROPOUT,FUSE,22 KV.100 A.12 KA",2,,2026-04-12
1240,12 เม.ย. 2569,19:13,19:45,31,กฟจ.นครพนม (L),45-025097,28,อากาศปกติ,สัตว์-กระรอก/กระแต/หนู,ศจฟ,19:13,19:14,20:09,55,1. ชัยยา มาตขาว  | 2. วิเชียร สุวอ  | 3. หฤษฎ์ ถูระวัน  | 4. หิรัญ พลไกรสร,รถ : 3ฒภ 2576 กทม (นพ 01),"H.R.C. FUSE, BLADE CONTACT, 80 A",1,,2026-04-12
1241,12 เม.ย. 2569,20:16,21:03,47,กฟส.ท่าอุเทน (XS),NNA01VF-217,67,อากาศปกติ,สัตว์-กระรอก/กระแต/หนู,ศจฟ,20:16,20:01,21:05,64,1. อภิรักษ์ สาตะรักษ์,รถ : รถแก้ไฟท่าอุเทน,"H.R.C. FUSE, BLADE CONTACT, 80 A",1,,2026-04-12
1242,12 เม.ย. 2569,20:20,20:21,1,กฟจ.นครพนม (L),NNA01VF-057,11,อากาศปกติ,สัตว์-กระรอก/กระแต/หนู,ศจฟ,20:20,18:00,18:30,30,1. หฤษฎ์ ถูระวัน  | 2. หิรัญ พลไกรสร,รถ : 81-1269 นพ (นพ 03),FUSE LINK 22 KV. 20 A.EEI-NEMA TYPE K,3,,2026-04-12
1243,12 เม.ย. 2569,20:57,21:31,33,กฟจ.นครพนม (L),66-022816,76,อากาศปกติ,สัตว์-กระรอก/กระแต/หนู,ศจฟ,20:57,20:58,21:15,17,1. ชัยยา มาตขาว  | 2. วิเชียร สุวอ  | 3. หฤษฎ์ ถูระวัน  | 4. หิรัญ พลไกรสร,รถ : 81-1269 นพ (นพ 03),"H.R.C. FUSE, BLADE CONTACT, 100 A",1,,2026-04-12
1244,12 เม.ย. 2569,21:31,22:30,58,กฟส.ท่าอุเทน (XS),SSK02VF-251,112,อากาศปกติ,สัตว์-กระรอก/กระแต/หนู,ศจฟ,21:31,21:10,22:31,81,1. อภิรักษ์ สาตะรักษ์,รถ : รถแก้ไฟท่าอุเทน,FUSE LINK 22 KV. 15 A.EEI-NEMA TYPE K,1,,2026-04-12
1245,12 เม.ย. 2569,21:50,22:39,49,กฟส.ธาตุพนม (S),40-001442,306,อากาศปกติ,โหลดเกินพิกัด-โหลดเกินพิกัด,ศจฟ,21:50,21:52,22:40,48,1. ณวุฒิ กลางประพันธ์  | 2. นรากร แสนโสม,รถ : กระเช้าธาตุพนม,"H.R.C. FUSE, BLADE CONTACT, 160 A",1,,2026-04-12
1246,12 เม.ย. 2569,21:58,22:29,31,กฟส.เรณูนคร (XS),56-005716,28,อากาศปกติ,ต้นไม้-กิ่งไม้หักพาดสาย,ศจฟ,21:58,21:30,22:40,70,1. ณวุฒิ กลางประพันธ์,รถ : 80-7964 นพ รณ.01,"CONN.,PG,DOUBLE BOLT,AL 25-95 SQ.MM.",2,,2026-04-12
1247,12 เม.ย. 2569,22:09,22:35,26,กฟส.ปลาปาก (XS),41-000250,302,อากาศปกติ,ต้นไม้-กิ่งไม้หักพาดสาย,ศจฟ,22:09,22:10,23:09,59,1. ราชันย์ กุลสุทธิ์,รถ : รถแก้ไฟปลาปาก 01,"CABLE,AL,750 V,50 SQ.MM. TIS.293",5,,2026-04-12
1248,13 เม.ย. 2569,07:17,08:04,47,กฟส.ท่าอุเทน (XS),57-940948,52,อากาศปกติ,ต้นไม้-กิ่งไม้หักพาดสาย,ศจฟ,07:17,06:22,08:35,133,1. อภิรักษ์ สาตะรักษ์,รถ : รถแก้ไฟท่าอุเทน,"CONN.,PG,DOUBLE BOLT,AL 16-70 SQ.MM.",1,,2026-04-13
1249,13 เม.ย. 2569,07:37,08:03,26,กฟส.เรณูนคร (XS),THA02F-654545,13,อากาศปกติ,สัตว์-งู,ศจฟ,07:37,07:03,08:12,69,1. ณวุฒิ กลางประพันธ์,รถ : 80-7964 นพ รณ.01,FUSE HOLDER 22 KV. 100 A. 12 KA.,1,,2026-04-13
1250,13 เม.ย. 2569,07:54,09:23,88,กฟส.ศรีสงคราม (XS),59-008150,10,อากาศปกติ,สัตว์-กระรอก/กระแต/หนู,ศจฟ,07:54,07:55,08:30,35,1. ปัญจพงษ์ เศรษฐาไชย  | 2. วุฒิชัย เหมเมือง,รถ : ศรีสงคราม 02,FUSE LINK 22 KV. 3 A.EEI-NEMA TYPE K,2,,2026-04-13
1251,13 เม.ย. 2569,07:56,08:05,9,กฟส.โพนสวรรค์ (XS),SSK07F-01,383,ลมแรง,ภัยธรรมชาติ-พายุฤดูร้อน/พายุดีเปรสชั่น,ศจฟ,07:56,06:00,08:00,120,1. รวิชญ์ พรมน้อย,รถ : โพนสวรรค์-03,FUSE LINK 22 KV. 25 A.EEI-NEMA TYPE K,1,,2026-04-13
1252,13 เม.ย. 2569,10:38,10:30,0,กฟส.ธาตุพนม (S),5800409384,1,อากาศปกติ,ภัยธรรมชาติ-พายุฤดูร้อน/พายุดีเปรสชั่น,ศจฟ,10:38,10:00,10:30,30,1. ณวุฒิ กลางประพันธ์  | 2. ธีรพิชญ์ มิ่งขวัญ,รถ : กระเช้าธาตุพนม,"CONN.,PG,DOUBLE BOLT,AL 25-95 SQ.MM.",2,,2026-04-13
1253,13 เม.ย. 2569,11:15,12:36,81,กฟส.นาทม (XS),65-003776,2,ลมแรง,ต้นไม้-ต้นไม้ล้มทับสาย,ศจฟ,11:15,11:16,12:40,84,1. นราธร อินทรายุทธ,รถ : นาทม 02,"CABLE,AL,750 V,50 SQ.MM. TIS.293",10,,2026-04-13
1254,13 เม.ย. 2569,13:19,13:48,29,กฟจ.นครพนม (L),NNA02VF-034,769,อากาศปกติ,ต้นไม้-ต้นไม้ล้มทับสาย,ศจฟ,13:19,13:19,14:07,48,1. สุธรรม จันทะผา,รถ : รถแก้ไฟปลาปาก 01,FUSE LINK 22 KV. 30 A.EEI-NEMA TYPE K,2,,2026-04-13
1255,13 เม.ย. 2569,13:58,15:00,61,กฟส.เรณูนคร (XS),53-006819,18,ลมแรง,ต้นไม้-ต้นไม้ล้มทับสาย,ศจฟ,13:58,13:59,15:09,70,1. ณวุฒิ กลางประพันธ์,รถ : 80-7964 นพ รณ.01,"CABLE,AERIAL,AL 22 KV. 1X50 SQ.MM.",10,,2026-04-13
1256,13 เม.ย. 2569,14:34,14:30,0,กฟส.ธาตุพนม (S),21206231,1,อากาศปกติ,ต้นไม้-ต้นไม้ล้มทับสาย,ศจฟ,14:34,14:00,14:45,45,1. ณวุฒิ กลางประพันธ์  | 2. ธีรพิชญ์ มิ่งขวัญ,รถ : กระเช้าธาตุพนม,"CONN.,PG,DOUBLE BOLT,AL 16-70 SQ.MM.",2,,2026-04-13
1257,13 เม.ย. 2569,14:40,15:40,60,กฟจ.นครพนม (L),67-005920,184,อากาศปกติ,ต้นไม้-ต้นไม้ล้มทับสาย,ศจฟ,14:40,14:30,15:35,65,1. ณัฏฐศรันย์ อันทระบุตร  | 2. พิพัฒน์ นะระทะ  | 3. สันติ อินทิสาร,รถ : 3ฒภ 2576 กทม (นพ 01),"H.R.C. FUSE, BLADE CONTACT, 160 A",3,,2026-04-13
1258,13 เม.ย. 2569,14:42,15:22,40,กฟส.ปลาปาก (XS),33-002879,275,อากาศปกติ,ต้นไม้-ต้นไม้ล้มทับสาย,ศจฟ,14:42,14:42,15:36,54,1. สุธรรม จันทะผา,รถ : รถแก้ไฟปลาปาก 01,"H.R.C. FUSE, BLADE CONTACT, 100 A",2,,2026-04-13
1259,13 เม.ย. 2569,16:56,17:55,58,กฟส.โพนสวรรค์ (XS),21304016,1,อากาศปกติ,อุปกรณ์-ติดตั้งไม่ได้มาตรฐาน,ศจฟ,16:56,16:57,18:24,87,1. วรัญญู สังรวมใจ,รถ : โพนสวรรค์-03,"CABLE,CU,PVC,INS.&JAC. 600V, 2X10 SQ.MM.",7,,2026-04-13
1260,13 เม.ย. 2569,17:12,17:30,18,กฟส.นาแก (S),60-016240,141,อากาศปกติ,โหลดเกินพิกัด-โหลดเกินพิกัด,ศจฟ,17:12,17:13,17:40,27,1. บัญชา ปู่บุตรชา,รถ : นก-03,"H.R.C. FUSE, BLADE CONTACT, 100 A",1,,2026-04-13
1261,13 เม.ย. 2569,19:04,21:55,171,กฟจ.นครพนม (L),NNA01VF-061,22,อากาศปกติ,โหลดเกินพิกัด-โหลดเกินพิกัด,ศจฟ,19:04,19:00,19:50,50,1. ถวิล เมษาคุณ  | 2. พิพัฒน์ พิมพ์ศรี  | 3. สันติ อินทิสาร,รถ : 3ฒภ 2576 กทม (นพ 01),FUSE LINK 22 KV. 10 A.EEI-NEMA TYPE K,2,,2026-04-13
1262,13 เม.ย. 2569,20:06,22:17,131,กฟจ.นครพนม (L),29-000074,254,อากาศปกติ,ต้นไม้-ลมพัดต้นไม้มาแตะสาย,ศจฟ,20:06,20:07,21:40,93,1. ถวิล เมษาคุณ  | 2. พิพัฒน์ พิมพ์ศรี  | 3. สันติ อินทิสาร,รถ : 81-1269 นพ (นพ 03),"CABLE,AL,750 V,50 SQ.MM. TIS.293",5,,2026-04-13
1263,13 เม.ย. 2569,20:50,21:07,17,กฟส.ศรีสงคราม (XS),45-016077,69,อากาศปกติ,สัตว์-งู,ศจฟ,20:50,20:51,21:21,30,1. ปัญจพงษ์ เศรษฐาไชย,รถ : ศรีสงคราม 01,FUSE LINK 22 KV. 3 A.EEI-NEMA TYPE K,1,,2026-04-13
1264,13 เม.ย. 2569,21:29,00:55,206,กฟจ.นครพนม (L),54-011576,77,อากาศปกติ,สัตว์-งู,ศจฟ,21:29,21:30,23:30,120,1. ถวิล เมษาคุณ  | 2. พิพัฒน์ พิมพ์ศรี  | 3. สันติ อินทิสาร,รถ : 3ฒภ 2576 กทม (นพ 01),"H.R.C. FUSE, BLADE CONTACT, 100 A",1,,2026-04-13
1265,13 เม.ย. 2569,21:33,21:35,2,กฟส.ท่าอุเทน (XS),6301059158,1,อากาศปกติ,สัตว์-งู,ศจฟ,21:33,20:23,21:37,74,1. อภิรักษ์ สาตะรักษ์,รถ : รถแก้ไฟท่าอุเทน,"CABLE,CU,PVC,INS.&JAC. 600V, 2X10 SQ.MM.",7,,2026-04-13
1266,14 เม.ย. 2569,05:33,07:33,120,กฟส.โพนสวรรค์ (XS),NNA01F-22/1,908,อากาศชื้น / หมอก,สัตว์-งู,ศจฟ,05:33,02:20,05:10,170,1. รวิชญ์ พรมน้อย  | 2. วรัญญู สังรวมใจ,รถ : โพนสวรรค์-03,FUSE LINK 22 KV. 25 A.EEI-NEMA TYPE K,2,,2026-04-14
1267,14 เม.ย. 2569,05:36,06:17,40,กฟส.ท่าอุเทน (XS),31-003326,184,อากาศชื้น / หมอก,สัตว์-งู,ศจฟ,05:36,03:36,06:20,164,1. อภิรักษ์ สาตะรักษ์,รถ : รถแก้ไฟท่าอุเทน,"CABLE LUG,NEMA 2-HOLE,AL 50 SQ.MM.",1,,2026-04-14
1268,14 เม.ย. 2569,05:46,07:22,96,กฟส.บ้านแพง (S),,603,อากาศปกติ,สัตว์-งู,ศจฟ,05:46,06:08,08:08,120,1. ชินดนัย คงชะสิงห์  | 2. อภิรักษ์ สาตะรักษ์,รถ : รถแก้ไฟท่าอุเทน,,,,2026-04-14
1269,14 เม.ย. 2569,06:00,06:36,36,กฟส.ศรีสงคราม (XS),SSK01VF-023,22,อากาศปกติ,สัตว์-สัตว์อื่นๆ,ศจฟ,06:00,06:02,07:14,72,1. ปัญจพงษ์ เศรษฐาไชย,รถ : ศรีสงคราม 01,FUSE HOLDER 22 KV. 100 A. 12 KA.,1,,2026-04-14
1270,14 เม.ย. 2569,07:24,08:03,38,กฟส.ศรีสงคราม (XS),SSK08VF-042,263,อากาศปกติ,สัตว์-สัตว์อื่นๆ,ศจฟ,07:24,07:24,08:35,71,1. ปัญจพงษ์ เศรษฐาไชย,รถ : ศรีสงคราม 01,FUSE LINK 22 KV. 25 A.EEI-NEMA TYPE K,2,,2026-04-14
1271,14 เม.ย. 2569,09:15,09:59,44,กฟจ.นครพนม (L),NNA04F-03,280,อากาศปกติ,สัตว์-กระรอก/กระแต/หนู,ศจฟ,09:15,09:16,10:01,45,1. ธำรงรัตน์ สระแก้ว  | 2. พิพัฒน์ พิมพ์ศรี  | 3. สุรวุฒิ สุขแสงดาว,รถ : 3ฒภ 2576 กทม (นพ 01),FUSE LINK 22 KV. 25 A.EEI-NEMA TYPE K,2,,2026-04-14
1272,14 เม.ย. 2569,09:56,10:25,29,กฟส.เรณูนคร (XS),THA02F-68,457,อากาศปกติ,สัตว์-กระรอก/กระแต/หนู,ศจฟ,09:56,09:57,10:31,34,1. พงศวัชร์ ธัญภัทร์อนันต์,รถ : 80-7964 นพ รณ.01,FUSE LINK 22 KV. 30 A.EEI-NEMA TYPE K,1,,2026-04-14
1273,14 เม.ย. 2569,11:35,11:55,20,กฟส.เรณูนคร (XS),6000835137,1,อากาศปกติ,สัตว์-กระรอก/กระแต/หนู,ศจฟ,11:35,11:20,12:05,45,1. พงศวัชร์ ธัญภัทร์อนันต์,รถ : รน-0001,"CONN.,PG,DOUBLE BOLT,AL 16-70 SQ.MM.",1,,2026-04-14
1274,14 เม.ย. 2569,19:45,21:39,114,กฟส.นาแก (S),60-028639,52,อากาศปกติ,ไม่ใช่เหตุการณ์จริง-ไม่ใช่เหตุการณ์จริง,ศจฟ,19:45,19:54,22:26,152,1. พิษณุ คำคนซื่อ,รถ : นก-03,"CABLE,AL,750 V,50 SQ.MM. TIS.293",10,,2026-04-14
1275,14 เม.ย. 2569,23:25,23:54,29,กฟส.นาแก (S),THA03VF-238-5,79,อากาศปกติ,อุปกรณ์-ชำรุด,ศจฟ,23:25,23:29,23:55,26,1. พิษณุ คำคนซื่อ,รถ : นก-03,FUSE LINK 22 KV. 8 A.EEI-NEMA TYPE K,1,,2026-04-14
1276,15 เม.ย. 2569,07:45,08:04,18,กฟส.ปลาปาก (XS),SCR01F-52364897,33,อากาศปกติ,อุปกรณ์-ชำรุด,ศจฟ,07:45,07:10,07:55,45,1. บิณฑ์ นารินทร์รักษ์,รถ : รถแก้ไฟปลาปาก 01,FUSE LINK 22 KV. 8 A.EEI-NEMA TYPE K,1,,2026-04-15
1277,15 เม.ย. 2569,08:10,08:30,20,กฟส.ปลาปาก (XS),NNA07F-36/1,1001,อากาศปกติ,อุปกรณ์-ชำรุด,ศจฟ,08:10,08:00,08:30,30,1. บิณฑ์ นารินทร์รักษ์,รถ : รถแก้ไฟปลาปาก 01,FUSE LINK 22 KV. 20 A.EEI-NEMA TYPE K,1,,2026-04-15
1278,15 เม.ย. 2569,12:47,13:34,47,กฟส.ปลาปาก (XS),NNA07F-47,558,อากาศปกติ,สัตว์-งู,ศจฟ,12:47,12:52,13:36,44,1. นครินทร์ จำปาทิ,รถ : รถแก้ไฟปลาปาก 01,FUSE LINK 22 KV. 15 A.EEI-NEMA TYPE K,2,,2026-04-15
1279,15 เม.ย. 2569,13:40,14:41,61,กฟจ.นครพนม (L),NNB02VF-040,305,อากาศปกติ,สัตว์-งู,ศจฟ,13:40,13:41,14:43,62,1. วิเชียร สุวอ  | 2. หิรัญ พลไกรสร  | 3. เกริกฤทธิ์ จันทรโพธิ์ศรี,รถ : 3ฒภ 2576 กทม (นพ 01),"H.R.C. FUSE, BLADE CONTACT, 80 A",2,,2026-04-15
1280,15 เม.ย. 2569,14:36,15:02,26,กฟส.ปลาปาก (XS),42-002521,39,อากาศปกติ,อุปกรณ์-ชำรุด,ศจฟ,14:36,14:37,15:20,43,1. นครินทร์ จำปาทิ,รถ : รถแก้ไฟปลาปาก 01,H.R.C. FUSE 50 A.DIN OR BS,1,,2026-04-15
1281,15 เม.ย. 2569,15:24,15:54,29,กฟจ.นครพนม (L),54-007012,81,อากาศปกติ,อุปกรณ์-ชำรุด,ศจฟ,15:24,15:24,15:56,32,1. วิเชียร สุวอ  | 2. หิรัญ พลไกรสร  | 3. เกริกฤทธิ์ จันทรโพธิ์ศรี,รถ : 3ฒภ 2576 กทม (นพ 01),"H.R.C. FUSE, BLADE CONTACT, 80 A",1,,2026-04-15
1282,15 เม.ย. 2569,17:40,18:09,29,กฟส.ปลาปาก (XS),NNA07F-36/5,661,ฝนตก ลมแรง,ต้นไม้-กิ่งไม้หักพาดสาย,ศจฟ,17:40,17:43,18:11,28,1. สุธรรม จันทะผา,รถ : รถแก้ไฟปลาปาก 01,FUSE LINK 22 KV. 25 A.EEI-NEMA TYPE K,3,,2026-04-15
1283,15 เม.ย. 2569,18:10,18:48,38,กฟส.ปลาปาก (XS),NNA07F-36/6,882,ฝนตก ลมแรง,ต้นไม้-กิ่งไม้หักพาดสาย,ศจฟ,18:10,18:17,18:50,33,1. สุธรรม จันทะผา,รถ : รถแก้ไฟปลาปาก 01,FUSE LINK 22 KV. 20 A.EEI-NEMA TYPE K,3,,2026-04-15
1284,15 เม.ย. 2569,20:00,20:25,24,กฟส.ปลาปาก (XS),NNA07F-36/6-01,1,ฝนตก ลมแรง,ต้นไม้-ต้นไม้ล้มทับสาย,ศจฟ,20:00,20:08,20:29,21,1. สุธรรม จันทะผา,รถ : รถแก้ไฟปลาปาก 01,FUSE LINK 22 KV. 15 A.EEI-NEMA TYPE K,3,,2026-04-15
1285,15 เม.ย. 2569,21:20,21:39,18,กฟส.ปลาปาก (XS),NNA07F-23/1,362,ฝนตก ลมแรง,ต้นไม้-ต้นไม้ล้มทับสาย,ศจฟ,21:20,21:28,21:45,17,1. สุธรรม จันทะผา,รถ : รถแก้ไฟปลาปาก 01,FUSE HOLDER 22 KV. 100 A. 12 KA.,1,,2026-04-15
1286,15 เม.ย. 2569,21:40,20:00,0,กฟส.ธาตุพนม (S),23809753,1,อากาศปกติ,สภาพสิ่งแวดล้อม-ไอเกลือ,ศจฟ,21:40,17:00,17:30,30,1. ธีรพิชญ์ มิ่งขวัญ,รถ : กระเช้าธาตุพนม,"CONN.,PG,DOUBLE BOLT,AL 16-70 SQ.MM.",2,,2026-04-15
1287,15 เม.ย. 2569,21:45,22:16,31,กฟส.ปลาปาก (XS),NNA07F-00010,1,ฝนตก ลมแรง,ต้นไม้-ต้นไม้ล้มทับสาย,ศจฟ,21:45,21:51,22:19,28,1. สุธรรม จันทะผา,รถ : รถแก้ไฟปลาปาก 01,FUSE LINK 22 KV. 25 A.EEI-NEMA TYPE K,3,,2026-04-15
1288,15 เม.ย. 2569,21:50,18:00,0,กฟส.ธาตุพนม (S),THA05VF-020,2,อากาศปกติ,ต้นไม้-ลมพัดต้นไม้มาแตะสาย,ศจฟ,21:50,17:45,18:30,45,1. ธีรพิชญ์ มิ่งขวัญ,รถ : กระเช้าธาตุพนม,FUSE LINK 22 KV. 25 A.EEI-NEMA TYPE K,2,,2026-04-15
1289,15 เม.ย. 2569,22:00,20:00,0,กฟส.ธาตุพนม (S),45-003099,51,อากาศปกติ,สัตว์-กระรอก/กระแต/หนู,ศจฟ,22:00,19:00,20:10,70,1. ธีรพิชญ์ มิ่งขวัญ,รถ : กระเช้าธาตุพนม,FUSE HOLDER 22 KV. 100 A. 12 KA.,1,,2026-04-15
1290,15 เม.ย. 2569,23:09,23:23,14,กฟส.ปลาปาก (XS),THA02F-39,427,ฝนตก ลมแรง,สัตว์-กระรอก/กระแต/หนู,ศจฟ,23:09,23:10,23:36,26,1. สุธรรม จันทะผา,รถ : รถแก้ไฟปลาปาก 01,FUSE HOLDER 22 KV. 100 A. 12 KA.,1,,2026-04-15
1291,16 เม.ย. 2569,07:36,08:00,24,กฟส.โพนสวรรค์ (XS),33-007851,307,อากาศปกติ,อุปกรณ์-ชำรุด,ศจฟ,07:36,07:00,08:30,90,1. รวิชญ์ พรมน้อย,รถ : โพนสวรรค์-03,"H.R.C. FUSE, BLADE CONTACT, 100 A",1,,2026-04-16
1292,16 เม.ย. 2569,09:20,09:47,27,กฟส.ปลาปาก (XS),NNA07F-57,148,อากาศปกติ,อุปกรณ์-ชำรุด,ศจฟ,09:20,09:30,09:58,28,1. สุธรรม จันทะผา,รถ : รถแก้ไฟปลาปาก 01,FUSE LINK 22 KV. 15 A.EEI-NEMA TYPE K,1,,2026-04-16
1293,16 เม.ย. 2569,10:40,11:05,24,กฟส.ปลาปาก (XS),65-011015,101,อากาศปกติ,ต้นไม้-ลมพัดต้นไม้มาแตะสาย,ศจฟ,10:40,10:51,11:16,25,1. สุธรรม จันทะผา,รถ : รถแก้ไฟปลาปาก 01,"CABLE,AL,750 V,50 SQ.MM. TIS.293",4,,2026-04-16
1294,16 เม.ย. 2569,11:00,11:52,51,กฟจ.นครพนม (L),NNA07F-40,397,ฝนตก ลมแรง,ต้นไม้-ต้นไม้ล้มทับสาย,ศจฟ,11:00,11:48,11:54,6,1. พงษ์สนิจ ศรีวิชัย,รถ : 81-1269 นพ (นพ 03),FUSE LINK 22 KV. 25 A.EEI-NEMA TYPE K,2,,2026-04-16
1295,16 เม.ย. 2569,11:10,12:00,49,กฟจ.นครพนม (L),68-007613,31,ฝนตก ลมแรง,โหลดเกินพิกัด-โหลดเกินพิกัด,ศจฟ,11:10,11:48,12:02,14,1. พงษ์สนิจ ศรีวิชัย,รถ : 81-1269 นพ (นพ 03),"CONN.,PG,DOUBLE BOLT,AL 25-95 SQ.MM.",2,,2026-04-16
1296,16 เม.ย. 2569,11:15,12:07,51,กฟจ.นครพนม (L),6100335246,1,ฝนตก ฟ้าคะนอง,อุปกรณ์-ชำรุด,ศจฟ,11:15,11:49,12:10,21,1. พงษ์สนิจ ศรีวิชัย,รถ : 81-1269 นพ (นพ 03),"H.R.C. FUSE, BLADE CONTACT, 100 A",1,,2026-04-16
1297,16 เม.ย. 2569,14:45,15:00,15,กฟส.ธาตุพนม (S),53-000351,68,อากาศปกติ,อุปกรณ์-ชำรุด,ศจฟ,14:45,14:50,15:09,19,1. เกรียงศักดิ์ สุพรรณคุ้ม,รถ : กระเช้าธาตุพนม,"H.R.C. FUSE, BLADE CONTACT, 100 A",2,,2026-04-16
1298,16 เม.ย. 2569,17:11,17:29,18,กฟส.ศรีสงคราม (XS),SSK02VF-005,56,อากาศปกติ,ต้นไม้-กิ่งไม้หักพาดสาย,ศจฟ,17:11,17:11,17:42,31,1. ปัญจพงษ์ เศรษฐาไชย,รถ : ศรีสงคราม 02,FUSE LINK 22 KV. 8 A.EEI-NEMA TYPE K,2,,2026-04-16
1299,16 เม.ย. 2569,18:05,19:00,54,กฟจ.นครพนม (L),NNB01VF-042,823,อากาศปกติ,ต้นไม้-กิ่งไม้หักพาดสาย,ศจฟ,18:05,18:06,19:00,54,1. หฤษฎ์ ถูระวัน  | 2. หิรัญ พลไกรสร,รถ : 81-1269 นพ (นพ 03),FUSE LINK 22 KV. 40 A.EEI-NEMA TYPE K,1,,2026-04-16
1300,16 เม.ย. 2569,18:06,18:24,18,กฟจ.นครพนม (L),61-010099,11,อากาศปกติ,ต้นไม้-กิ่งไม้หักพาดสาย,ศจฟ,18:06,18:07,18:26,19,1. วิเชียร สุวอ  | 2. หฤษฎ์ ถูระวัน  | 3. หิรัญ พลไกรสร  | 4. เกริกฤทธิ์ จันทรโพธิ์ศรี,รถ : 3ฒภ 2576 กทม (นพ 01),FUSE LINK 22 KV. 5-6 A.EEI-NEMA TYPE K,2,,2026-04-16
1301,16 เม.ย. 2569,18:51,20:24,93,กฟจ.นครพนม (L),NNB01VF-039,79,อากาศปกติ,ต้นไม้-กิ่งไม้หักพาดสาย,ศจฟ,18:51,18:52,20:00,68,1. หฤษฎ์ ถูระวัน  | 2. หิรัญ พลไกรสร,รถ : 81-1269 นพ (นพ 03),FUSE LINK 22 KV. 15 A.EEI-NEMA TYPE K,2,,2026-04-16
1302,16 เม.ย. 2569,19:58,20:03,5,กฟส.บ้านแพง (S),5600527222,1,อากาศปกติ,อุปกรณ์-ชำรุด,ศจฟ,19:58,19:59,20:12,13,1. ชินดนัย คงชะสิงห์  | 2. ปิยะณัฐ พลเหี้ยมหาญ,รถ : กระเช้าบ้านแพง,"CONN.,PG,DOUBLE BOLT,AL 25-95 SQ.MM.",2,,2026-04-16
1303,16 เม.ย. 2569,21:15,21:45,29,กฟส.ศรีสงคราม (XS),SSK02VF-034,208,อากาศปกติ,สัตว์-งู,ศจฟ,21:15,21:16,22:02,46,1. ปัญจพงษ์ เศรษฐาไชย,รถ : ศรีสงคราม 02,FUSE LINK 22 KV. 25 A.EEI-NEMA TYPE K,2,,2026-04-16
1304,16 เม.ย. 2569,22:00,22:27,27,กฟจ.นครพนม (L),45-000049,412,อากาศปกติ,สัตว์-งู,ศจฟ,22:00,22:01,22:40,39,1. หฤษฎ์ ถูระวัน  | 2. หิรัญ พลไกรสร,รถ : 81-1269 นพ (นพ 03),"H.R.C. FUSE, BLADE CONTACT, 200 A",2,,2026-04-16
1305,16 เม.ย. 2569,22:01,22:16,15,กฟจ.นครพนม (L),40-001328,375,อากาศปกติ,สัตว์-งู,ศจฟ,22:01,22:02,22:19,17,1. วิเชียร สุวอ  | 2. หฤษฎ์ ถูระวัน  | 3. หิรัญ พลไกรสร  | 4. เกริกฤทธิ์ จันทรโพธิ์ศรี,รถ : 3ฒภ 2576 กทม (นพ 01),"H.R.C. FUSE, BLADE CONTACT, 100 A",1,,2026-04-16
1306,17 เม.ย. 2569,02:01,03:11,70,กฟส.โพนสวรรค์ (XS),6700719804,1,อากาศชื้น / หมอก,อุปกรณ์-ติดตั้งไม่ได้มาตรฐาน,ศจฟ,02:01,01:30,03:16,106,1. รวิชญ์ พรมน้อย  | 2. วรัญญู สังรวมใจ,รถ : โพนสวรรค์-03,"CABLE,CU,PVC,INS.&JAC. 600V, 2X10 SQ.MM.",7,,2026-04-17
1307,17 เม.ย. 2569,07:26,07:45,18,กฟจ.นครพนม (L),NNA01F-38/1,642,อากาศปกติ,ต้นไม้-ลมพัดต้นไม้มาแตะสาย,ศจฟ,07:26,07:00,07:45,45,1. ธำรงรัตน์ สระแก้ว  | 2. พิพัฒน์ พิมพ์ศรี  | 3. สุรวุฒิ สุขแสงดาว  | 4. หฤษฎ์ ถูระวัน  | 5. หิรัญ พลไกรสร,รถ : 3ฒภ 2576 กทม (นพ 01),FUSE LINK 22 KV. 15 A.EEI-NEMA TYPE K,2,,2026-04-17
1308,17 เม.ย. 2569,09:45,10:06,20,กฟส.นาหว้า (XS),SSK04VF-153,605,อากาศปกติ,ต้นไม้-ลมพัดต้นไม้มาแตะสาย,ศจฟ,09:45,08:45,10:10,85,1. อัมรินทร์ วะราวัง,รถ : นาหว้า 02,"COND.,ACSR 50/8 SQ.MM.TIS.86",3,,2026-04-17
1309,17 เม.ย. 2569,12:58,14:28,90,กฟส.ศรีสงคราม (XS),,12531,ฝนตก ลมแรง,ต้นไม้-ลมพัดต้นไม้มาแตะสาย,ศจฟ,12:57,14:06,14:47,41,1. ปัญจพงษ์ เศรษฐาไชย,รถ : ศรีสงคราม 01,,,,2026-04-17
1310,17 เม.ย. 2569,13:50,16:42,172,กฟส.นาแก (S),,2659,ฝนตก ลมแรง,ภัยธรรมชาติ-พายุฤดูร้อน/พายุดีเปรสชั่น,ศจฟ,13:50,13:54,14:30,36,1. พิษณุ คำคนซื่อ,รถ : นก-07,FUSE LINK 22 KV. 5-6 A.EEI-NEMA TYPE K,2,,2026-04-17
1311,17 เม.ย. 2569,14:18,17:19,181,กฟจ.นครพนม (L),NNA02VB-01,0,ฝนตก ลมแรง,ต้นไม้-กิ่งไม้หักพาดสาย,ศจฟ,14:17,14:27,17:47,200,1. ทศวรรษ มังคละคีรี  | 2. ประจล ศรีสุราช,รถ : 3ฒภ 2576 กทม (นพ 01),"CABLE,AERIAL,AL 22 KV. 1X185 SQ.MM.",3,,2026-04-17
1312,17 เม.ย. 2569,14:40,15:12,31,กฟส.นาหว้า (XS),SSK06F-18,706,ฝนตก ลมแรง,ต้นไม้-กิ่งไม้หักพาดสาย,ศจฟ,14:40,15:00,15:15,15,1. อัมรินทร์ วะราวัง,รถ : นาหว้า 02,FUSE LINK 22 KV. 15 A.EEI-NEMA TYPE K,1,,2026-04-17
1313,17 เม.ย. 2569,14:50,15:25,35,กฟส.ศรีสงคราม (XS),SSK07VF-002,26,ฝนตก ลมแรง,ภัยธรรมชาติ-พายุฤดูร้อน/พายุดีเปรสชั่น,ศจฟ,14:50,14:50,15:35,45,1. ปัญจพงษ์ เศรษฐาไชย,รถ : ศรีสงคราม 01,FUSE LINK 22 KV. 15 A.EEI-NEMA TYPE K,2,,2026-04-17
1314,17 เม.ย. 2569,15:10,15:29,18,กฟส.บ้านแพง (S),68-010347,4,อากาศปกติ,ต้นไม้-ลมพัดต้นไม้มาแตะสาย,ศจฟ,15:10,15:15,15:34,19,1. รชานนท์ โมธรรม,รถ : กระเช้าบ้านแพง,FUSE LINK 22 KV. 30 A.EEI-NEMA TYPE K,2,,2026-04-17
1315,17 เม.ย. 2569,16:53,17:31,38,กฟส.ศรีสงคราม (XS),SSK08VF-053,44,ฝนตก ลมแรง,ภัยธรรมชาติ-พายุฤดูร้อน/พายุดีเปรสชั่น,ศจฟ,16:53,16:57,18:00,63,1. ปัญจพงษ์ เศรษฐาไชย,รถ : ศรีสงคราม 03,FUSE LINK 22 KV. 15 A.EEI-NEMA TYPE K,2,,2026-04-17
1316,17 เม.ย. 2569,17:19,17:55,36,กฟส.ธาตุพนม (S),THA06VF-026,66,ฝนตก ลมแรง,ภัยธรรมชาติ-พายุฤดูร้อน/พายุดีเปรสชั่น,ศจฟ,17:19,17:24,18:34,70,1. อุทัย สุมินทร์,รถ : กระเช้าธาตุพนม,FUSE LINK 22 KV. 20 A.EEI-NEMA TYPE K,1,,2026-04-17
1317,17 เม.ย. 2569,18:21,18:46,24,กฟส.ท่าอุเทน (XS),SSK02VF-201,628,ฝนตก ฟ้าคะนอง,ภัยธรรมชาติ-พายุฤดูร้อน/พายุดีเปรสชั่น,ศจฟ,18:21,18:22,18:49,27,1. อนุสรณ์ ทองประสม,รถ : รถแก้ไฟท่าอุเทน,FUSE LINK 22 KV. 40 A.EEI-NEMA TYPE K,2,,2026-04-17
1318,17 เม.ย. 2569,18:51,19:15,24,กฟส.ท่าอุเทน (XS),51-000781,28,ฝนตก ฟ้าคะนอง,ภัยธรรมชาติ-พายุฤดูร้อน/พายุดีเปรสชั่น,ศจฟ,18:51,18:54,19:17,23,1. อนุสรณ์ ทองประสม,รถ : รถแก้ไฟท่าอุเทน,"CABLE,AL,750 V,50 SQ.MM. TIS.293",3,,2026-04-17
1319,17 เม.ย. 2569,19:17,20:30,73,กฟส.ธาตุพนม (S),THA01VF-018,15,ฝนตก ฟ้าคะนอง,ภัยธรรมชาติ-พายุฤดูร้อน/พายุดีเปรสชั่น,ศจฟ,19:17,19:19,20:31,72,1. อุทัย สุมินทร์,รถ : กระเช้าธาตุพนม,FUSE LINK 22 KV. 5-6 A.EEI-NEMA TYPE K,1,,2026-04-17
1320,17 เม.ย. 2569,19:54,20:22,27,กฟส.ท่าอุเทน (XS),SSK02VF-209,295,ฝนตก ฟ้าคะนอง,ภัยธรรมชาติ-พายุฤดูร้อน/พายุดีเปรสชั่น,ศจฟ,19:54,19:57,20:26,29,1. อนุสรณ์ ทองประสม,รถ : รถแก้ไฟท่าอุเทน,FUSE LINK 22 KV. 20 A.EEI-NEMA TYPE K,2,,2026-04-17
1321,17 เม.ย. 2569,20:23,21:54,91,กฟส.เรณูนคร (XS),59-015530,25,ฝนตก ลมแรง,ภัยธรรมชาติ-พายุฤดูร้อน/พายุดีเปรสชั่น,ศจฟ,20:23,20:26,21:56,90,1. ณวุฒิ กลางประพันธ์,รถ : 80-7964 นพ รณ.01,"CABLE,AL,750 V,50 SQ.MM. TIS.293",5,,2026-04-17
1322,17 เม.ย. 2569,20:40,20:46,6,กฟส.ปลาปาก (XS),64-019139,55,ฝนตก ลมแรง,ภัยธรรมชาติ-พายุฤดูร้อน/พายุดีเปรสชั่น,ศจฟ,20:40,20:41,20:48,7,1. นครินทร์ จำปาทิ  | 2. ราชันย์ กุลสุทธิ์  | 3. สุธรรม จันทะผา,รถ : รถแก้ไฟปลาปาก 01,FUSE LINK 22 KV. 3 A.EEI-NEMA TYPE K,2,,2026-04-17
1323,17 เม.ย. 2569,20:57,21:10,13,กฟส.ปลาปาก (XS),29-005115,276,ฝนตก ลมแรง,ภัยธรรมชาติ-พายุฤดูร้อน/พายุดีเปรสชั่น,ศจฟ,20:57,20:59,21:13,14,1. สุธรรม จันทะผา,รถ : รถแก้ไฟปลาปาก 01,FUSE LINK 22 KV. 5-6 A.EEI-NEMA TYPE K,2,,2026-04-17
1324,17 เม.ย. 2569,21:07,18:02,0,กฟจ.นครพนม (L),NNA04F-16,359,ฝนตก ลมแรง,ภัยธรรมชาติ-พายุฤดูร้อน/พายุดีเปรสชั่น,ศจฟ,21:07,17:19,17:57,38,1. ทศวรรษ มังคละคีรี  | 2. ประจล ศรีสุราช,รถ : 3ฒภ 2576 กทม (นพ 01),FUSE LINK 22 KV. 25 A.EEI-NEMA TYPE K,3,,2026-04-17
1325,17 เม.ย. 2569,21:07,21:40,33,กฟจ.นครพนม (L),NNA07F-31,983,ฝนตก ลมแรง,ภัยธรรมชาติ-พายุฤดูร้อน/พายุดีเปรสชั่น,ศจฟ,21:07,16:20,16:43,23,1. ทศวรรษ มังคละคีรี  | 2. ประจล ศรีสุราช,รถ : 3ฒภ 2576 กทม (นพ 01),COVERED TIE WIRE.AL.4.0 MM.,10,,2026-04-17
1326,17 เม.ย. 2569,21:08,17:44,0,กฟจ.นครพนม (L),NNA04F-20,907,ฝนตก ลมแรง,ภัยธรรมชาติ-พายุฤดูร้อน/พายุดีเปรสชั่น,ศจฟ,21:08,16:43,17:18,35,1. ทศวรรษ มังคละคีรี  | 2. ประจล ศรีสุราช,รถ : 3ฒภ 2576 กทม (นพ 01),FUSE LINK 22 KV. 10 A.EEI-NEMA TYPE K,3,,2026-04-17
1327,17 เม.ย. 2569,21:12,21:10,0,กฟจ.นครพนม (L),56-005056,28,ฝนตก ลมแรง,ภัยธรรมชาติ-พายุฤดูร้อน/พายุดีเปรสชั่น,ศจฟ,21:12,21:00,21:27,27,1. กิติศักดิ์ หาราช  | 2. ชัยยา มาตขาว  | 3. ทศวรรษ มังคละคีรี  | 4. ประจล ศรีสุราช,รถ : 81-1269 นพ (นพ 03),"CABLE,AL,750 V,50 SQ.MM. TIS.293",10,,2026-04-17
1328,17 เม.ย. 2569,21:14,21:50,36,กฟจ.นครพนม (L),NNA04F-19,204,ฝนตก ลมแรง,ภัยธรรมชาติ-พายุฤดูร้อน/พายุดีเปรสชั่น,ศจฟ,21:14,18:30,19:15,45,1. กิติศักดิ์ หาราช  | 2. ชัยยา มาตขาว  | 3. ทศวรรษ มังคละคีรี  | 4. ประจล ศรีสุราช,รถ : 3ฒภ 2576 กทม (นพ 01),FUSE LINK 22 KV. 20 A.EEI-NEMA TYPE K,3,,2026-04-17
1329,17 เม.ย. 2569,21:22,21:57,35,กฟส.ปลาปาก (XS),36-010709,250,ฝนตก ลมแรง,ภัยธรรมชาติ-พายุฤดูร้อน/พายุดีเปรสชั่น,ศจฟ,21:22,21:33,21:59,26,1. สุธรรม จันทะผา,รถ : รถแก้ไฟปลาปาก 01,"H.R.C. FUSE, BLADE CONTACT, 160 A",2,,2026-04-17
1330,17 เม.ย. 2569,21:32,21:45,13,กฟจ.นครพนม (L),NNA04F-32,1,ฝนตก ลมแรง,ภัยธรรมชาติ-พายุฤดูร้อน/พายุดีเปรสชั่น,ศจฟ,21:32,21:30,21:52,22,1. กิติศักดิ์ หาราช  | 2. ชัยยา มาตขาว  | 3. ทศวรรษ มังคละคีรี  | 4. ประจล ศรีสุราช,รถ : 81-1269 นพ (นพ 03),FUSE LINK 22 KV. 10 A.EEI-NEMA TYPE K,2,,2026-04-17
1331,17 เม.ย. 2569,21:36,23:21,105,กฟส.ธาตุพนม (S),53-000351,68,ฝนตก ลมแรง,ภัยธรรมชาติ-พายุฤดูร้อน/พายุดีเปรสชั่น,ศจฟ,21:36,21:37,23:23,106,1. อุทัย สุมินทร์,รถ : กระเช้าธาตุพนม,"H.R.C. FUSE, BLADE CONTACT, 100 A",3,,2026-04-17
1332,17 เม.ย. 2569,21:52,23:10,78,กฟส.โพนสวรรค์ (XS),SSK07F-10,449,ลมแรง,ภัยธรรมชาติ-พายุฤดูร้อน/พายุดีเปรสชั่น,ศจฟ,21:52,21:56,23:44,108,1. ทรงกลด มาศศรี,รถ : โพนสวรรค์-03,FUSE LINK 22 KV. 25 A.EEI-NEMA TYPE K,2,,2026-04-17
1333,17 เม.ย. 2569,22:00,23:48,108,กฟส.เรณูนคร (XS),65-007830,10,ฝนตก ลมแรง,ต้นไม้-ต้นไม้ล้มทับสาย,ศจฟ,22:00,22:04,23:05,61,1. ณวุฒิ กลางประพันธ์,รถ : 80-7964 นพ รณ.01,"CONN.,PG,DOUBLE BOLT,AL 16-70 SQ.MM.",2,,2026-04-17
1334,17 เม.ย. 2569,22:01,22:09,8,กฟส.ปลาปาก (XS),63-030752,60,ฝนตก ลมแรง,ต้นไม้-ต้นไม้ล้มทับสาย,ศจฟ,22:01,22:04,22:13,9,1. สุธรรม จันทะผา,รถ : รถแก้ไฟปลาปาก 01,"H.R.C. FUSE, BLADE CONTACT, 80 A",1,,2026-04-17
1335,17 เม.ย. 2569,22:15,23:08,53,กฟส.ท่าอุเทน (XS),24-012399,135,ฝนตก ฟ้าคะนอง,ต้นไม้-ต้นไม้ล้มทับสาย,ศจฟ,22:15,22:16,23:33,77,1. อนุสรณ์ ทองประสม,รถ : รถแก้ไฟท่าอุเทน,FUSE LINK 22 KV. 40 A.EEI-NEMA TYPE K,2,,2026-04-17
1336,17 เม.ย. 2569,22:16,22:29,13,กฟส.ปลาปาก (XS),THA06F-86,411,ฝนตก ลมแรง,ต้นไม้-กิ่งไม้หักพาดสาย,ศจฟ,22:16,22:18,22:34,16,1. สุธรรม จันทะผา,รถ : รถแก้ไฟปลาปาก 01,FUSE LINK 22 KV. 30 A.EEI-NEMA TYPE K,3,,2026-04-17
1337,17 เม.ย. 2569,22:23,22:30,7,กฟส.ปลาปาก (XS),45-007373,38,ฝนตก ลมแรง,ต้นไม้-กิ่งไม้หักพาดสาย,ศจฟ,22:23,22:28,23:38,70,1. ชิดชนก นามวงศ์  | 2. นครินทร์ จำปาทิ  | 3. บิณฑ์ นารินทร์รักษ์  | 4. ราชันย์ กุลสุทธิ์  | 5. ศักดิพัฒน์ บุราณเดช  | 6. สุธรรม จันทะผา,รถ : รถแก้ไฟปลาปาก 01,H.R.C. FUSE 200 A. DIN ORBS,2,,2026-04-17
1338,17 เม.ย. 2569,22:37,23:03,26,กฟส.ปลาปาก (XS),NNA07F-0976,31,ฝนตก ลมแรง,วัสดุแปลกปลอม-วัสดุก่อสร้าง/สังกะสี/แผ่นโลหะ,ศจฟ,22:37,22:42,23:12,30,1. สุธรรม จันทะผา,รถ : รถแก้ไฟปลาปาก 01,FUSE LINK 22 KV. 20 A.EEI-NEMA TYPE K,3,,2026-04-17
1339,17 เม.ย. 2569,22:50,00:58,0,กฟส.ปลาปาก (XS),NNA07F-56-01,75,ฝนตก ลมแรง,ต้นไม้-ต้นไม้ล้มทับสาย,ศจฟ,22:50,22:50,23:22,32,1. ชิดชนก นามวงศ์  | 2. นครินทร์ จำปาทิ  | 3. บิณฑ์ นารินทร์รักษ์  | 4. ราชันย์ กุลสุทธิ์  | 5. ศักดิพัฒน์ บุราณเดช  | 6. สุธรรม จันทะผา,รถ : รถแก้ไฟปลาปาก 01,FUSE LINK 22 KV. 15 A.EEI-NEMA TYPE K,3,,2026-04-17
1340,17 เม.ย. 2569,23:17,23:25,8,กฟส.นาแก (S),THA03VF-244,22,ลมแรง,ภัยธรรมชาติ-พายุฤดูร้อน/พายุดีเปรสชั่น,ศจฟ,23:17,23:18,23:27,9,1. พิษณุ คำคนซื่อ,รถ : นก-03,FUSE LINK 22 KV. 15 A.EEI-NEMA TYPE K,3,,2026-04-17
1341,17 เม.ย. 2569,23:19,23:49,29,กฟส.ปลาปาก (XS),36-006951,76,ฝนตก ลมแรง,ต้นไม้-กิ่งไม้หักพาดสาย,ศจฟ,23:19,23:20,23:53,33,1. สุธรรม จันทะผา,รถ : รถแก้ไฟปลาปาก 01,"CABLE,AL,750 V,50 SQ.MM. TIS.293",4,,2026-04-17
1342,17 เม.ย. 2569,23:27,00:35,0,กฟส.ปลาปาก (XS),NNA07F-56-02,5,ฝนตก ลมแรง,ต้นไม้-กิ่งไม้หักพาดสาย,ศจฟ,23:27,23:29,00:08,39,1. ชิดชนก นามวงศ์  | 2. นครินทร์ จำปาทิ  | 3. บิณฑ์ นารินทร์รักษ์  | 4. ราชันย์ กุลสุทธิ์  | 5. ศักดิพัฒน์ บุราณเดช  | 6. สุธรรม จันทะผา,รถ : รถแก้ไฟปลาปาก 01,FUSE LINK 22 KV. 25 A.EEI-NEMA TYPE K,3,,2026-04-17
1343,17 เม.ย. 2569,23:34,00:21,47,กฟส.นาแก (S),59-025223,12,ฝนตก ลมแรง,ต้นไม้-ต้นไม้ล้มทับสาย,ศจฟ,23:34,23:43,00:24,41,1. พิษณุ คำคนซื่อ,รถ : นก-03,"H.R.C. FUSE, BLADE CONTACT, 100 A",1,,2026-04-17
1344,17 เม.ย. 2569,23:35,23:59,24,กฟส.บ้านแพง (S),68-010349,17,อากาศปกติ,สัตว์-งู,ศจฟ,23:34,23:35,00:00,25,1. จตุรภุช สะท้านอิทธิฤทธิ์,รถ : กระเช้าบ้านแพง,FUSE HOLDER 22 KV. 100 A. 12 KA.,1,,2026-04-17
1345,17 เม.ย. 2569,23:36,00:15,38,กฟส.นาแก (S),66-006429,12,ฝนตก ลมแรง,อุปกรณ์-ชำรุด,ศจฟ,23:36,23:44,00:17,33,1. พิษณุ คำคนซื่อ,รถ : นก-03,"H.R.C. FUSE, BLADE CONTACT, 100 A",1,,2026-04-17
1346,17 เม.ย. 2569,23:37,00:18,40,กฟส.นาแก (S),43-002359,20,ฝนตก ลมแรง,อุปกรณ์-ชำรุด,ศจฟ,23:37,23:44,00:20,36,1. พิษณุ คำคนซื่อ,รถ : นก-03,"H.R.C. FUSE, BLADE CONTACT, 100 A",1,,2026-04-17
1347,17 เม.ย. 2569,23:37,23:52,15,กฟส.ท่าอุเทน (XS),SSK02VF-201,628,ฝนตก ฟ้าคะนอง,อุปกรณ์-ชำรุด,ศจฟ,23:37,23:38,23:54,16,1. อนุสรณ์ ทองประสม,รถ : รถแก้ไฟท่าอุเทน,FUSE LINK 22 KV. 40 A.EEI-NEMA TYPE K,2,,2026-04-17
1348,17 เม.ย. 2569,23:38,23:57,18,กฟส.บ้านแพง (S),45-021948,159,อากาศปกติ,โหลดเกินพิกัด-โหลดเกินพิกัด,ศจฟ,23:38,23:39,00:01,23,1. จตุรภุช สะท้านอิทธิฤทธิ์,รถ : กระเช้าบ้านแพง,"H.R.C. FUSE, BLADE CONTACT, 80 A",2,,2026-04-17
1349,17 เม.ย. 2569,23:39,00:10,31,กฟส.นาแก (S),THA03VF-233-5,29,ฝนตก ลมแรง,ต้นไม้-ต้นไม้ล้มทับสาย,ศจฟ,23:39,23:45,00:13,28,1. พิษณุ คำคนซื่อ,รถ : นก-03,FUSE LINK 22 KV. 5-6 A.EEI-NEMA TYPE K,2,,2026-04-17
1350,17 เม.ย. 2569,23:40,23:49,9,กฟส.นาแก (S),SOA07VF-501,69,ฝนตก ลมแรง,ภัยธรรมชาติ-พายุฤดูร้อน/พายุดีเปรสชั่น,ศจฟ,23:40,23:47,23:51,4,1. พิษณุ คำคนซื่อ,รถ : นก-03,FUSE LINK 22 KV. 15 A.EEI-NEMA TYPE K,2,,2026-04-17
1351,17 เม.ย. 2569,23:41,00:07,26,กฟส.นาแก (S),THA03VF-233-4,94,ฝนตก ลมแรง,ภัยธรรมชาติ-พายุฤดูร้อน/พายุดีเปรสชั่น,ศจฟ,23:41,23:46,00:09,23,1. พิษณุ คำคนซื่อ,รถ : นก-03,FUSE LINK 22 KV. 10 A.EEI-NEMA TYPE K,2,,2026-04-17
1352,17 เม.ย. 2569,23:50,00:00,9,กฟส.นาแก (S),SOA07VF-505,228,ฝนตก ลมแรง,ภัยธรรมชาติ-พายุฤดูร้อน/พายุดีเปรสชั่น,ศจฟ,23:50,23:50,00:02,12,1. พิษณุ คำคนซื่อ,รถ : นก-03,FUSE LINK 22 KV. 15 A.EEI-NEMA TYPE K,3,,2026-04-17
1353,17 เม.ย. 2569,23:58,02:09,131,กฟส.เรณูนคร (XS),60-031687,78,ฝนตก ลมแรง,ภัยธรรมชาติ-พายุฤดูร้อน/พายุดีเปรสชั่น,ศจฟ,23:58,01:02,02:15,1513,1. ณวุฒิ กลางประพันธ์,รถ : 80-7964 นพ รณ.01,"CONN.,PG,DOUBLE BOLT,AL 25-95 SQ.MM.",2,,2026-04-17
1354,18 เม.ย. 2569,00:15,00:20,5,กฟส.ท่าอุเทน (XS),SSK02VF-247,13,ฝนตก ฟ้าคะนอง,ภัยธรรมชาติ-พายุฤดูร้อน/พายุดีเปรสชั่น,ศจฟ,00:15,00:19,00:33,14,1. อนุสรณ์ ทองประสม,รถ : รถแก้ไฟท่าอุเทน,FUSE LINK 22 KV. 25 A.EEI-NEMA TYPE K,2,,2026-04-18
1355,18 เม.ย. 2569,00:30,00:48,18,กฟส.ท่าอุเทน (XS),NNA01VF-217,67,ฝนตก ฟ้าคะนอง,ภัยธรรมชาติ-พายุฤดูร้อน/พายุดีเปรสชั่น,ศจฟ,00:30,00:40,01:22,42,1. อนุสรณ์ ทองประสม,รถ : รถแก้ไฟท่าอุเทน,FUSE LINK 22 KV. 10 A.EEI-NEMA TYPE K,2,,2026-04-18
1356,18 เม.ย. 2569,01:30,03:26,116,กฟส.เรณูนคร (XS),53-006814,29,ฝนตก ลมแรง,ภัยธรรมชาติ-พายุฤดูร้อน/พายุดีเปรสชั่น,ศจฟ,01:30,02:18,03:35,77,1. ณวุฒิ กลางประพันธ์,รถ : 80-7964 นพ รณ.01,"CONN.,PG,DOUBLE BOLT,AL 25-95 SQ.MM.",2,,2026-04-18
1357,18 เม.ย. 2569,06:30,05:00,0,กฟส.เรณูนคร (XS),52-004109,243,ฝนตก ลมแรง,ภัยธรรมชาติ-พายุฤดูร้อน/พายุดีเปรสชั่น,ศจฟ,06:30,03:42,05:09,87,1. ณวุฒิ กลางประพันธ์,รถ : 80-7964 นพ รณ.01,"FSD, FULL INSULATED, 1X400A, 400V",1,,2026-04-18
1358,18 เม.ย. 2569,06:35,07:06,31,กฟส.โพนสวรรค์ (XS),68-017793,7,ลมแรง,ภัยธรรมชาติ-พายุฤดูร้อน/พายุดีเปรสชั่น,ศจฟ,06:35,05:40,07:09,89,1. ทรงกลด มาศศรี  | 2. วรัญญู สังรวมใจ,รถ : โพนสวรรค์-03,"CABLE,AL,750 V,50 SQ.MM. TIS.293",10,,2026-04-18
1359,18 เม.ย. 2569,06:40,07:55,75,กฟส.วังยาง (XS),63-019762,81,อากาศชื้น / หมอก,อุปกรณ์-ชำรุด,ศจฟ,06:40,07:06,08:08,62,1. อนุรักษ์ วงค์จันดี,รถ : วย.01,FUSE LINK 22 KV. 15 A.EEI-NEMA TYPE K,1,,2026-04-18
1360,18 เม.ย. 2569,06:40,08:34,114,กฟจ.นครพนม (L),NNB02VF-011,585,อากาศชื้น / หมอก,อุปกรณ์-ชำรุด,ศจฟ,06:40,08:00,08:36,36,1. กิติศักดิ์ หาราช  | 2. ชัยยา มาตขาว  | 3. ภานุวัฒน์ สิงห์ทองไชย  | 4. เกรียงไกร ลาหมัน,รถ : 3ฒภ 2576 กทม (นพ 01),FUSE LINK 22 KV. 30 A.EEI-NEMA TYPE K,2,,2026-04-18
1361,18 เม.ย. 2569,07:10,08:17,67,กฟส.ท่าอุเทน (XS),37-012112,171,ฝนตก ฟ้าคะนอง,อุปกรณ์-ชำรุด,ศจฟ,07:10,07:17,08:19,62,1. อนุสรณ์ ทองประสม,รถ : รถแก้ไฟท่าอุเทน,H.R.C. FUSE 250 A.DIN OR BS,1,,2026-04-18
1362,18 เม.ย. 2569,07:11,07:57,45,กฟส.โพนสวรรค์ (XS),5800555753,1,ลมแรง,ภัยธรรมชาติ-พายุฤดูร้อน/พายุดีเปรสชั่น,ศจฟ,07:11,07:12,08:20,68,1. ทรงกลด มาศศรี  | 2. วรัญญู สังรวมใจ,รถ : โพนสวรรค์-03,"CABLE,CU,PVC,INS.&JAC. 600V, 2X10 SQ.MM.",7,,2026-04-18
1363,18 เม.ย. 2569,08:20,08:53,33,กฟส.ท่าอุเทน (XS),SSK02VF-265,123,ฝนตก ฟ้าคะนอง,ภัยธรรมชาติ-พายุฤดูร้อน/พายุดีเปรสชั่น,ศจฟ,08:20,08:25,08:56,31,1. อนุสรณ์ ทองประสม,รถ : รถแก้ไฟท่าอุเทน,FUSE LINK 22 KV. 20 A.EEI-NEMA TYPE K,2,,2026-04-18
1364,18 เม.ย. 2569,10:34,11:03,29,กฟส.ศรีสงคราม (XS),SSK02VF-020,730,ฝนตก ฟ้าคะนอง,ภัยธรรมชาติ-พายุฤดูร้อน/พายุดีเปรสชั่น,ศจฟ,10:34,10:35,11:10,35,1. เชาวลิต หัสรินทร์,รถ : ศรีสงคราม 01,FUSE LINK 22 KV. 20 A.EEI-NEMA TYPE K,3,,2026-04-18
1365,18 เม.ย. 2569,10:48,11:41,53,กฟจ.นครพนม (L),NNA07F-31-1,1,ฝนตก ฟ้าคะนอง,ภัยธรรมชาติ-พายุฤดูร้อน/พายุดีเปรสชั่น,ศจฟ,10:48,10:10,10:45,35,1. ทศวรรษ มังคละคีรี  | 2. ธำรงรัตน์ สระแก้ว  | 3. สุรวุฒิ สุขแสงดาว,รถ : 3ฒภ 2576 กทม (นพ 01),FUSE LINK 22 KV. 10 A.EEI-NEMA TYPE K,3,,2026-04-18
1366,18 เม.ย. 2569,11:38,11:01,0,กฟจ.นครพนม (L),NNA04F-07,1,ฝนตก ฟ้าคะนอง,ภัยธรรมชาติ-พายุฤดูร้อน/พายุดีเปรสชั่น,ศจฟ,11:38,10:42,11:11,29,1. ทศวรรษ มังคละคีรี  | 2. ธำรงรัตน์ สระแก้ว  | 3. สุรวุฒิ สุขแสงดาว,รถ : 3ฒภ 2576 กทม (นพ 01),FUSE LINK 22 KV. 30 A.EEI-NEMA TYPE K,3,,2026-04-18
1367,18 เม.ย. 2569,11:48,11:51,3,กฟส.ท่าอุเทน (XS),NNA01VF-230,467,ฝนตก ฟ้าคะนอง,ภัยธรรมชาติ-พายุฤดูร้อน/พายุดีเปรสชั่น,ศจฟ,11:48,11:50,12:16,26,1. อนุสรณ์ ทองประสม,รถ : รถแก้ไฟท่าอุเทน,FUSE LINK 22 KV. 25 A.EEI-NEMA TYPE K,2,,2026-04-18
1368,18 เม.ย. 2569,13:35,13:40,5,กฟจ.นครพนม (L),45-017280,93,ฝนตก ฟ้าคะนอง,ภัยธรรมชาติ-พายุฤดูร้อน/พายุดีเปรสชั่น,ศจฟ,13:35,13:00,13:32,32,1. ทศวรรษ มังคละคีรี  | 2. ธำรงรัตน์ สระแก้ว  | 3. สุรวุฒิ สุขแสงดาว,รถ : 3ฒภ 2576 กทม (นพ 01),"H.R.C. FUSE, BLADE CONTACT, 80 A",2,,2026-04-18
1369,18 เม.ย. 2569,14:07,17:30,203,กฟจ.นครพนม (L),NNA07F-42,41,อากาศปกติ,ภัยธรรมชาติ-พายุฤดูร้อน/พายุดีเปรสชั่น,ศจฟ,14:07,14:01,18:30,269,1. พงศ์อิสรา ภักดี,รถ : รถกระเช้า (04),"HOTLINE BAIL-CLAMP,MAIN 35-70 SQ.MM.",3,,2026-04-18
1370,18 เม.ย. 2569,14:08,14:40,31,กฟจ.นครพนม (L),ZXC01F-05,1,อากาศปกติ,ภัยธรรมชาติ-พายุฤดูร้อน/พายุดีเปรสชั่น,ศจฟ,14:08,13:55,14:27,32,1. ทศวรรษ มังคละคีรี  | 2. ธำรงรัตน์ สระแก้ว  | 3. สุรวุฒิ สุขแสงดาว,รถ : 3ฒภ 2576 กทม (นพ 01),FUSE HOLDER 22 KV. 100 A. 12 KA.,1,,2026-04-18
1371,18 เม.ย. 2569,14:57,14:09,0,กฟส.ธาตุพนม (S),36-016403,59,อากาศปกติ,ภัยธรรมชาติ-พายุฤดูร้อน/พายุดีเปรสชั่น,ศจฟ,14:57,15:05,15:20,15,1. นรากร แสนโสม,รถ : กระเช้าธาตุพนม,"H.R.C. FUSE, BLADE CONTACT, 160 A",1,,2026-04-18
1372,18 เม.ย. 2569,15:10,15:13,3,กฟส.ท่าอุเทน (XS),63-018964,27,ฝนตก ฟ้าคะนอง,ภัยธรรมชาติ-พายุฤดูร้อน/พายุดีเปรสชั่น,ศจฟ,15:10,15:11,15:17,6,1. อนุสรณ์ ทองประสม,รถ : รถแก้ไฟท่าอุเทน,FUSE LINK 22 KV. 3 A.EEI-NEMA TYPE K,1,,2026-04-18
1373,18 เม.ย. 2569,16:13,16:15,2,กฟส.ท่าอุเทน (XS),SSK02VF-209,295,ฝนตก ฟ้าคะนอง,ภัยธรรมชาติ-พายุฤดูร้อน/พายุดีเปรสชั่น,ศจฟ,16:13,16:13,16:17,4,1. อนุสรณ์ ทองประสม,รถ : รถแก้ไฟท่าอุเทน,FUSE LINK 22 KV. 20 A.EEI-NEMA TYPE K,1,,2026-04-18
1374,18 เม.ย. 2569,16:55,17:25,29,กฟจ.นครพนม (L),45-017280,93,ฝนตก ฟ้าคะนอง,ภัยธรรมชาติ-พายุฤดูร้อน/พายุดีเปรสชั่น,ศจฟ,16:55,16:56,17:30,34,1. จันทะคาด บัวเคน  | 2. นลธวัช ศรีหาเศษ  | 3. พงษ์สนิจ ศรีวิชัย  | 4. เกรียงไกร ลาหมัน,รถ : 3ฒภ 2576 กทม (นพ 01),"H.R.C. FUSE, BLADE CONTACT, 80 A",1,,2026-04-18
1375,18 เม.ย. 2569,17:01,18:00,58,กฟส.ธาตุพนม (S),THA06VF-049,269,อากาศปกติ,ภัยธรรมชาติ-พายุฤดูร้อน/พายุดีเปรสชั่น,ศจฟ,17:01,17:02,18:14,72,1. นรากร แสนโสม,รถ : กระเช้าธาตุพนม,FUSE LINK 22 KV. 20 A.EEI-NEMA TYPE K,2,,2026-04-18
1376,18 เม.ย. 2569,17:12,18:00,47,กฟส.ศรีสงคราม (XS),67-025057,1,อากาศชื้น / หมอก,สัตว์-งู,ศจฟ,17:12,17:13,18:06,53,1. เชาวลิต หัสรินทร์,รถ : ศรีสงคราม 01,FUSE LINK 22 KV. 3 A.EEI-NEMA TYPE K,2,,2026-04-18
1377,18 เม.ย. 2569,17:34,19:08,94,กฟจ.นครพนม (L),38-019364,193,อากาศชื้น / หมอก,สัตว์-งู,ศจฟ,17:34,17:35,19:27,112,1. จันทะคาด บัวเคน  | 2. นลธวัช ศรีหาเศษ  | 3. พงษ์สนิจ ศรีวิชัย  | 4. เกรียงไกร ลาหมัน,รถ : 3ฒภ 2576 กทม (นพ 01),"CABLE,AL,750 V,95 SQ.MM. TIS.293",5,,2026-04-18
1378,18 เม.ย. 2569,17:35,18:46,70,กฟจ.นครพนม (L),61-010636,95,อากาศชื้น / หมอก,สัตว์-งู,ศจฟ,17:35,17:36,18:50,74,1. จันทะคาด บัวเคน  | 2. นลธวัช ศรีหาเศษ  | 3. พงษ์สนิจ ศรีวิชัย  | 4. เกรียงไกร ลาหมัน,รถ : 3ฒภ 2576 กทม (นพ 01),"CABLE,AL,750 V,50 SQ.MM. TIS.293",6,,2026-04-18
1379,18 เม.ย. 2569,18:06,18:20,14,กฟจ.นครพนม (L),24004051,1,อากาศชื้น / หมอก,สัตว์-งู,ศจฟ,18:06,18:07,18:45,38,1. จันทะคาด บัวเคน  | 2. นลธวัช ศรีหาเศษ  | 3. พงษ์สนิจ ศรีวิชัย  | 4. เกรียงไกร ลาหมัน,รถ : 81-1269 นพ (นพ 03),"CONN.,PG,DOUBLE BOLT,AL 16-70 SQ.MM.",1,,2026-04-18
1380,18 เม.ย. 2569,19:00,20:23,82,กฟจ.นครพนม (L),46-002582,73,อากาศชื้น / หมอก,สัตว์-งู,ศจฟ,19:00,19:27,20:26,59,1. จันทะคาด บัวเคน  | 2. นลธวัช ศรีหาเศษ  | 3. พงษ์สนิจ ศรีวิชัย  | 4. เกรียงไกร ลาหมัน,รถ : 81-1269 นพ (นพ 03),"H.R.C. FUSE, BLADE CONTACT, 160 A",2,,2026-04-18
1381,18 เม.ย. 2569,19:39,10:00,0,กฟส.บ้านแพง (S),SEK04F-60,135,ฝนตก ลมแรง,ภัยธรรมชาติ-พายุฤดูร้อน/พายุดีเปรสชั่น,ศจฟ,19:39,09:00,10:00,60,1. ทศพร เจริญสว่าง,รถ : บ้านแพง01,"CABLE,AERIAL,AL 22 KV. 1X50 SQ.MM.",20,,2026-04-18
1382,18 เม.ย. 2569,19:47,10:30,0,กฟส.บ้านแพง (S),59-020580,136,ฝนตก ลมแรง,ภัยธรรมชาติ-พายุฤดูร้อน/พายุดีเปรสชั่น,ศจฟ,19:47,10:00,10:30,30,1. ณัฐดนัย ขันถม,รถ : กระเช้าบ้านแพง,FUSE LINK 22 KV. 3 A.EEI-NEMA TYPE K,1,,2026-04-18
1383,18 เม.ย. 2569,20:05,09:00,0,กฟส.บ้านแพง (S),SSK08F-66,589,ฝนตก ลมแรง,ภัยธรรมชาติ-พายุฤดูร้อน/พายุดีเปรสชั่น,ศจฟ,20:05,08:00,09:00,60,1. ณัฐดนัย ขันถม,รถ : กระเช้าบ้านแพง,"DROPOUT,FUSE,22 KV.100 A.12 KA",1,,2026-04-18
1384,18 เม.ย. 2569,20:09,20:37,27,กฟส.ท่าอุเทน (XS),67-038468,27,อากาศปกติ,ภัยธรรมชาติ-พายุฤดูร้อน/พายุดีเปรสชั่น,ศจฟ,20:09,20:10,20:39,29,1. อนุสรณ์ ทองประสม,รถ : รถแก้ไฟท่าอุเทน,,,,2026-04-18
1385,18 เม.ย. 2569,20:33,21:04,31,กฟส.ปลาปาก (XS),60-031496,28,อากาศปกติ,อุปกรณ์-ชำรุด,ศจฟ,20:33,20:49,21:09,20,1. นครินทร์ จำปาทิ,รถ : รถแก้ไฟปลาปาก 01,"CABLE,AL,750 V,50 SQ.MM. TIS.293",6,,2026-04-18
1386,18 เม.ย. 2569,20:38,11:00,0,กฟส.บ้านแพง (S),67-008475,175,ฝนตก ลมแรง,ภัยธรรมชาติ-พายุฤดูร้อน/พายุดีเปรสชั่น,ศจฟ,20:38,10:30,11:00,30,1. ณัฐดนัย ขันถม,รถ : กระเช้าบ้านแพง,"H.R.C. FUSE, BLADE CONTACT, 100 A",1,,2026-04-18
1387,18 เม.ย. 2569,20:50,21:22,31,กฟจ.นครพนม (L),61-004029,33,ฝนตก ลมแรง,ภัยธรรมชาติ-พายุฤดูร้อน/พายุดีเปรสชั่น,ศจฟ,20:50,21:00,21:24,24,1. จันทะคาด บัวเคน  | 2. นลธวัช ศรีหาเศษ  | 3. พงษ์สนิจ ศรีวิชัย  | 4. เกรียงไกร ลาหมัน,รถ : 3ฒภ 2576 กทม (นพ 01),"H.R.C. FUSE, BLADE CONTACT, 100 A",1,,2026-04-18
1388,18 เม.ย. 2569,20:51,22:50,119,กฟจ.นครพนม (L),NNB02VF-039,306,ฝนตก ลมแรง,ภัยธรรมชาติ-พายุฤดูร้อน/พายุดีเปรสชั่น,ศจฟ,20:51,21:00,23:04,124,1. จันทะคาด บัวเคน  | 2. นลธวัช ศรีหาเศษ  | 3. พงษ์สนิจ ศรีวิชัย  | 4. เกรียงไกร ลาหมัน,รถ : 81-1269 นพ (นพ 03),FUSE LINK 22 KV. 15 A.EEI-NEMA TYPE K,2,,2026-04-18
1389,18 เม.ย. 2569,21:40,22:31,51,กฟส.นาทม (XS),36-008194,311,ฝนตก ลมแรง,ภัยธรรมชาติ-พายุฤดูร้อน/พายุดีเปรสชั่น,ศจฟ,21:40,21:41,22:31,50,1. อิทธิพันธ์ กาวรรณธง,รถ : นาทม 02,"CABLE,AL,750 V,50 SQ.MM. TIS.293",5,,2026-04-18
1390,18 เม.ย. 2569,22:00,22:12,12,กฟส.ปลาปาก (XS),45-009802,30,ลมแรง,อุปกรณ์-ชำรุด,ศจฟ,22:00,22:01,22:17,16,1. นครินทร์ จำปาทิ,รถ : รถแก้ไฟปลาปาก 01,H.R.C. FUSE 50 A.DIN OR BS,1,,2026-04-18
1391,18 เม.ย. 2569,22:01,22:57,56,กฟจ.นครพนม (L),37-018906,118,ลมแรง,สัตว์-กระรอก/กระแต/หนู,ศจฟ,22:00,22:45,22:59,14,1. จันทะคาด บัวเคน  | 2. นลธวัช ศรีหาเศษ  | 3. พงษ์สนิจ ศรีวิชัย  | 4. เกรียงไกร ลาหมัน,รถ : 3ฒภ 2576 กทม (นพ 01),FUSE LINK 22 KV. 8 A.EEI-NEMA TYPE K,1,,2026-04-18
1392,18 เม.ย. 2569,22:18,23:05,47,กฟจ.นครพนม (L),63-023318,150,ลมแรง,สัตว์-กระรอก/กระแต/หนู,ศจฟ,22:18,22:59,23:07,8,1. จันทะคาด บัวเคน  | 2. นลธวัช ศรีหาเศษ  | 3. พงษ์สนิจ ศรีวิชัย  | 4. เกรียงไกร ลาหมัน,รถ : 81-1269 นพ (นพ 03),"H.R.C. FUSE, BLADE CONTACT, 160 A",1,,2026-04-18
1393,18 เม.ย. 2569,22:35,06:22,467,กฟส.ท่าอุเทน (XS),,1070,ฝนตก ฟ้าคะนอง,สัตว์-กระรอก/กระแต/หนู,ศจฟ,22:35,23:06,06:24,438,1. อนุสรณ์ ทองประสม,รถ : รถแก้ไฟท่าอุเทน,,,,2026-04-18
1394,18 เม.ย. 2569,22:47,00:02,75,กฟส.เรณูนคร (XS),,1600,ฝนตก ลมแรง,ภัยธรรมชาติ-พายุฤดูร้อน/พายุดีเปรสชั่น,ศจฟ,22:47,22:47,23:58,71,1. ธิติ เรณู,รถ : 80-7964 นพ รณ.01,FUSE LINK 22 KV. 15 A.EEI-NEMA TYPE K,3,,2026-04-18
1395,19 เม.ย. 2569,02:50,03:40,49,กฟส.ปลาปาก (XS),NNA07F-36/6,882,ฝนตก,อุปกรณ์-ชำรุด,ศจฟ,02:50,03:16,04:22,66,1. นครินทร์ จำปาทิ,รถ : รถแก้ไฟปลาปาก 01,FUSE HOLDER 22 KV. 100 A. 12 KA.,1,,2026-04-19
1396,19 เม.ย. 2569,05:45,06:37,51,กฟส.โพนสวรรค์ (XS),NNA01F-41,758,ฝนตก ลมแรง,ภัยธรรมชาติ-พายุฤดูร้อน/พายุดีเปรสชั่น,ศจฟ,05:45,01:20,03:23,123,1. เพชราวุธ โพชราช,รถ : โพนสวรรค์-02,FUSE LINK 22 KV. 20 A.EEI-NEMA TYPE K,2,,2026-04-19
1397,19 เม.ย. 2569,06:29,08:25,116,กฟจ.นครพนม (L),NNA08VF-039,1,ฝนตก ลมแรง,ภัยธรรมชาติ-พายุฤดูร้อน/พายุดีเปรสชั่น,ศจฟ,06:29,06:30,07:45,75,1. กิติศักดิ์ หาราช  | 2. พิพัฒน์ นะระทะ  | 3. สันติ อินทิสาร,รถ : 3ฒภ 2576 กทม (นพ 01),FUSE LINK 22 KV. 30 A.EEI-NEMA TYPE K,3,,2026-04-19
1398,19 เม.ย. 2569,06:40,07:03,22,กฟส.โพนสวรรค์ (XS),NNA01F-27777,240,ฝนตก ลมแรง,ภัยธรรมชาติ-พายุฤดูร้อน/พายุดีเปรสชั่น,ศจฟ,06:40,04:07,05:05,58,1. เพชราวุธ โพชราช,รถ : โพนสวรรค์-02,FUSE LINK 22 KV. 20 A.EEI-NEMA TYPE K,2,,2026-04-19
1399,19 เม.ย. 2569,07:15,07:26,11,กฟส.โพนสวรรค์ (XS),35-009210,91,ฝนตก ลมแรง,ภัยธรรมชาติ-พายุฤดูร้อน/พายุดีเปรสชั่น,ศจฟ,07:15,05:15,06:18,63,1. เพชราวุธ โพชราช,รถ : โพนสวรรค์-02,FUSE LINK 22 KV. 3 A.EEI-NEMA TYPE K,2,,2026-04-19
1400,19 เม.ย. 2569,07:55,07:58,3,กฟส.ท่าอุเทน (XS),SSK02VF-210,154,ฝนตก ฟ้าคะนอง,ภัยธรรมชาติ-พายุฤดูร้อน/พายุดีเปรสชั่น,ศจฟ,07:55,07:56,08:01,5,1. อนุสรณ์ ทองประสม,รถ : รถแก้ไฟท่าอุเทน,FUSE LINK 22 KV. 20 A.EEI-NEMA TYPE K,1,,2026-04-19
1401,19 เม.ย. 2569,08:04,08:21,17,กฟส.โพนสวรรค์ (XS),28029132,1,อากาศปกติ,ภัยธรรมชาติ-พายุฤดูร้อน/พายุดีเปรสชั่น,ศจฟ,08:04,07:05,08:23,78,1. เพชราวุธ โพชราช,รถ : โพนสวรรค์-02,,,,2026-04-19
1402,19 เม.ย. 2569,08:15,08:33,18,กฟส.ท่าอุเทน (XS),NNA01VF-230,467,ฝนตก ฟ้าคะนอง,ภัยธรรมชาติ-พายุฤดูร้อน/พายุดีเปรสชั่น,ศจฟ,08:15,08:16,08:45,29,1. อนุสรณ์ ทองประสม,รถ : รถแก้ไฟท่าอุเทน,FUSE LINK 22 KV. 30 A.EEI-NEMA TYPE K,1,,2026-04-19
1403,19 เม.ย. 2569,10:15,10:24,9,กฟส.โพนสวรรค์ (XS),SSK07F-08,2205,ฝนตก ฟ้าคะนอง,ต้นไม้-กิ่งไม้หักพาดสาย,ศจฟ,10:15,09:20,10:40,80,1. วรัญญู สังรวมใจ,รถ : โพนสวรรค์-03,FUSE LINK 22 KV. 20 A.EEI-NEMA TYPE K,1,,2026-04-19
1404,19 เม.ย. 2569,10:51,11:20,29,กฟส.ปลาปาก (XS),NNA07F-48/2,165,ฝนตก,ต้นไม้-กิ่งไม้หักพาดสาย,ศจฟ,10:51,10:52,11:31,39,1. สุธรรม จันทะผา,รถ : รถแก้ไฟปลาปาก 01,FUSE LINK 22 KV. 20 A.EEI-NEMA TYPE K,3,,2026-04-19
1405,19 เม.ย. 2569,11:02,09:00,0,กฟส.ท่าอุเทน (XS),67-038468,27,ฝนตก,อุปกรณ์-ชำรุด,ศจฟ,11:02,08:30,09:10,40,1. สุรธวัช วุฒิสาร,รถ : รถแก้ไฟท่าอุเทน,FUSE HOLDER 22 KV. 100 A. 12 KA.,1,,2026-04-19
1406,19 เม.ย. 2569,11:07,11:18,11,กฟส.นาแก (S),SOA08VF-502,987,ฝนตก ฟ้าคะนอง,ภัยธรรมชาติ-พายุฤดูร้อน/พายุดีเปรสชั่น,ศจฟ,11:07,11:15,11:20,5,1. พิษณุ คำคนซื่อ,รถ : นก-03,FUSE LINK 22 KV. 25 A.EEI-NEMA TYPE K,3,,2026-04-19
1407,19 เม.ย. 2569,11:08,11:32,24,กฟส.นาแก (S),SOA07VF-505,228,ฝนตก ฟ้าคะนอง,ภัยธรรมชาติ-พายุฤดูร้อน/พายุดีเปรสชั่น,ศจฟ,11:07,11:17,11:34,17,1. พิษณุ คำคนซื่อ,รถ : นก-03,FUSE LINK 22 KV. 25 A.EEI-NEMA TYPE K,3,,2026-04-19
1408,19 เม.ย. 2569,11:09,11:35,26,กฟส.นาแก (S),SOA07VF-504,1,ฝนตก ฟ้าคะนอง,ภัยธรรมชาติ-พายุฤดูร้อน/พายุดีเปรสชั่น,ศจฟ,11:09,11:17,11:38,22,1. พิษณุ คำคนซื่อ,รถ : นก-03,FUSE LINK 22 KV. 15 A.EEI-NEMA TYPE K,3,,2026-04-19
1409,19 เม.ย. 2569,11:18,10:05,0,กฟส.ท่าอุเทน (XS),SSK02VF-269,109,ฝนตก ลมแรง,สัตว์-นก/ค้างคาว,ศจฟ,11:18,09:20,10:35,75,1. สุรธวัช วุฒิสาร,รถ : รถแก้ไฟท่าอุเทน,FUSE LINK 22 KV. 25 A.EEI-NEMA TYPE K,1,,2026-04-19
1410,19 เม.ย. 2569,12:46,13:09,22,กฟส.ธาตุพนม (S),34-005474,57,อากาศปกติ,สัตว์-นก/ค้างคาว,ศจฟ,12:46,12:53,13:11,18,1. นรากร แสนโสม  | 2. พงศวัชร์ ธัญภัทร์อนันต์  | 3. ศรายุทธ์ ญาติสมบูรณ์  | 4. อุทัย สุมินทร์,รถ : กระเช้าธาตุพนม,FUSE LINK 22 KV. 3 A.EEI-NEMA TYPE K,2,,2026-04-19
1411,19 เม.ย. 2569,12:50,12:57,7,กฟส.โพนสวรรค์ (XS),66-004110,239,ฝนตก ฟ้าคะนอง,อุปกรณ์-ชำรุด,ศจฟ,12:50,10:50,12:35,105,1. วรัญญู สังรวมใจ,รถ : โพนสวรรค์-03,"H.R.C. FUSE, BLADE CONTACT, 100 A",2,,2026-04-19
1412,19 เม.ย. 2569,12:53,13:25,31,กฟส.ปลาปาก (XS),THA06F-84,78,ฝนตก,อุปกรณ์-ชำรุด,ศจฟ,12:53,12:53,13:31,38,1. สุธรรม จันทะผา,รถ : รถแก้ไฟปลาปาก 01,FUSE LINK 22 KV. 15 A.EEI-NEMA TYPE K,2,,2026-04-19
1413,19 เม.ย. 2569,13:12,13:33,20,กฟส.ธาตุพนม (S),THA06VF-035,55,ฝนตก ลมแรง,ต้นไม้-กิ่งไม้หักพาดสาย,ศจฟ,13:12,13:14,13:35,21,1. นรากร แสนโสม  | 2. พงศวัชร์ ธัญภัทร์อนันต์  | 3. ศรายุทธ์ ญาติสมบูรณ์  | 4. อุทัย สุมินทร์,รถ : กระเช้าธาตุพนม,FUSE LINK 22 KV. 10 A.EEI-NEMA TYPE K,3,,2026-04-19
1414,19 เม.ย. 2569,13:14,14:05,51,กฟส.โพนสวรรค์ (XS),67-031884,342,อากาศชื้น / หมอก,อุปกรณ์-ชำรุด,ศจฟ,13:14,13:15,14:40,85,1. วรัญญู สังรวมใจ,รถ : โพนสวรรค์-03,"H.R.C. FUSE, BLADE CONTACT, 100 A",1,,2026-04-19
1415,19 เม.ย. 2569,13:33,13:40,7,กฟส.ปลาปาก (XS),NNA07F-70,0,ฝนตก,อุปกรณ์-ชำรุด,ศจฟ,13:33,13:35,13:58,23,1. สุธรรม จันทะผา,รถ : รถแก้ไฟปลาปาก 01,FUSE LINK 22 KV. 25 A.EEI-NEMA TYPE K,1,,2026-04-19
1416,19 เม.ย. 2569,13:36,13:52,15,กฟส.ธาตุพนม (S),THA06VF-026,66,ฝนตก ลมแรง,อุปกรณ์-ชำรุด,ศจฟ,13:36,13:37,13:54,17,1. นรากร แสนโสม  | 2. พงศวัชร์ ธัญภัทร์อนันต์  | 3. ศรายุทธ์ ญาติสมบูรณ์  | 4. อุทัย สุมินทร์,รถ : กระเช้าธาตุพนม,FUSE LINK 22 KV. 25 A.EEI-NEMA TYPE K,2,,2026-04-19
1417,19 เม.ย. 2569,13:40,15:13,93,กฟส.บ้านแพง (S),BFA01VF-177-1,125,อากาศปกติ,ต้นไม้-กิ่งไม้หักพาดสาย,ศจฟ,13:40,13:41,14:45,64,1. รชานนท์ โมธรรม,รถ : กระเช้าบ้านแพง,FUSE LINK 22 KV. 15 A.EEI-NEMA TYPE K,2,,2026-04-19
1418,19 เม.ย. 2569,13:42,14:24,42,กฟส.ศรีสงคราม (XS),45-001625,217,ฝนตก ฟ้าคะนอง,ภัยธรรมชาติ-พายุฤดูร้อน/พายุดีเปรสชั่น,ศจฟ,13:42,13:43,14:57,74,1. ปัญจพงษ์ เศรษฐาไชย,รถ : ศรีสงคราม 02,"CABLE,AL,750 V,50 SQ.MM. TIS.293",10,,2026-04-19
1419,19 เม.ย. 2569,13:58,14:25,27,กฟส.ธาตุพนม (S),THA05VF-004,293,ฝนตก ฟ้าคะนอง,ภัยธรรมชาติ-พายุฤดูร้อน/พายุดีเปรสชั่น,ศจฟ,13:58,13:59,14:31,32,1. นรากร แสนโสม  | 2. พงศวัชร์ ธัญภัทร์อนันต์  | 3. ศรายุทธ์ ญาติสมบูรณ์  | 4. อุทัย สุมินทร์,รถ : กระเช้าธาตุพนม,FUSE HOLDER 22 KV. 100 A. 12 KA.,1,,2026-04-19
1420,19 เม.ย. 2569,14:24,15:21,56,กฟส.ปลาปาก (XS),NNA07F-36/6,882,ฝนตก,ภัยธรรมชาติ-พายุฤดูร้อน/พายุดีเปรสชั่น,ศจฟ,14:24,14:25,15:26,61,1. สุธรรม จันทะผา,รถ : รถแก้ไฟปลาปาก 01,FUSE LINK 22 KV. 25 A.EEI-NEMA TYPE K,2,,2026-04-19
1421,19 เม.ย. 2569,14:30,14:40,10,กฟจ.นครพนม (L),NNA02VF-006,3,ฝนตก,ภัยธรรมชาติ-พายุฤดูร้อน/พายุดีเปรสชั่น,ศจฟ,14:30,14:30,14:45,15,1. ชัยยา มาตขาว  | 2. ปรีชา เพ็งคำ  | 3. ภานุวัฒน์ สิงห์ทองไชย  | 4. สุรวุฒิ สุขแสงดาว  | 5. เกรียงไกร ลาหมัน,รถ : 81-1269 นพ (นพ 03),FUSE LINK 22 KV. 20 A.EEI-NEMA TYPE K,3,,2026-04-19
1422,19 เม.ย. 2569,14:31,15:50,79,กฟส.ธาตุพนม (S),THA01VF-001,420,ฝนตก ลมแรง,ภัยธรรมชาติ-พายุฤดูร้อน/พายุดีเปรสชั่น,ศจฟ,14:30,14:38,15:53,75,1. นรากร แสนโสม  | 2. พงศวัชร์ ธัญภัทร์อนันต์  | 3. ศรายุทธ์ ญาติสมบูรณ์  | 4. อุทัย สุมินทร์,รถ : กระเช้าธาตุพนม,FUSE LINK 22 KV. 30 A.EEI-NEMA TYPE K,3,,2026-04-19
1423,19 เม.ย. 2569,14:40,15:00,20,กฟจ.นครพนม (L),20-004447,134,ฝนตก ลมแรง,ภัยธรรมชาติ-พายุฤดูร้อน/พายุดีเปรสชั่น,ศจฟ,14:40,14:49,15:10,21,1. ชัยยา มาตขาว  | 2. ปรีชา เพ็งคำ  | 3. ภานุวัฒน์ สิงห์ทองไชย  | 4. สุรวุฒิ สุขแสงดาว  | 5. เกรียงไกร ลาหมัน,รถ : 81-1269 นพ (นพ 03),"H.R.C. FUSE, BLADE CONTACT, 100 A",3,,2026-04-19
1424,19 เม.ย. 2569,14:46,15:20,33,กฟจ.นครพนม (L),NNA02VF-038,186,ฝนตก ลมแรง,ภัยธรรมชาติ-พายุฤดูร้อน/พายุดีเปรสชั่น,ศจฟ,14:46,15:10,15:30,20,1. ชัยยา มาตขาว  | 2. ปรีชา เพ็งคำ  | 3. ภานุวัฒน์ สิงห์ทองไชย  | 4. สุรวุฒิ สุขแสงดาว  | 5. เกรียงไกร ลาหมัน,รถ : 81-1269 นพ (นพ 03),FUSE LINK 22 KV. 15 A.EEI-NEMA TYPE K,3,,2026-04-19
1425,19 เม.ย. 2569,14:53,16:28,94,กฟส.โพนสวรรค์ (XS),67-038796,596,อากาศชื้น / หมอก,ต้นไม้-กิ่งไม้หักพาดสาย,ศจฟ,14:53,14:56,16:30,94,1. วรัญญู สังรวมใจ,รถ : โพนสวรรค์-03,"H.R.C. FUSE, BLADE CONTACT, 160 A",2,,2026-04-19
1426,19 เม.ย. 2569,14:57,15:50,53,กฟจ.นครพนม (L),THA06VF-063,407,อากาศชื้น / หมอก,ต้นไม้-กิ่งไม้หักพาดสาย,ศจฟ,14:57,15:40,16:00,20,1. ชัยยา มาตขาว  | 2. ปรีชา เพ็งคำ  | 3. ภานุวัฒน์ สิงห์ทองไชย  | 4. สุรวุฒิ สุขแสงดาว  | 5. เกรียงไกร ลาหมัน,รถ : 81-1269 นพ (นพ 03),FUSE HOLDER 22 KV. 100 A. 12 KA.,1,,2026-04-19
1427,19 เม.ย. 2569,15:01,15:27,26,กฟจ.นครพนม (L),NNA04F-16-2,58,อากาศชื้น / หมอก,ต้นไม้-กิ่งไม้หักพาดสาย,ศจฟ,15:01,15:09,15:32,23,1. ชัยยา มาตขาว  | 2. ปรีชา เพ็งคำ  | 3. ภานุวัฒน์ สิงห์ทองไชย  | 4. สุรวุฒิ สุขแสงดาว  | 5. เกรียงไกร ลาหมัน,รถ : 3ฒภ 2576 กทม (นพ 01),FUSE LINK 22 KV. 15 A.EEI-NEMA TYPE K,2,,2026-04-19
1428,19 เม.ย. 2569,15:04,15:34,29,กฟจ.นครพนม (L),NNB01VF-032,46,อากาศชื้น / หมอก,ต้นไม้-กิ่งไม้หักพาดสาย,ศจฟ,15:04,15:14,15:36,22,1. ชัยยา มาตขาว  | 2. ปรีชา เพ็งคำ  | 3. ภานุวัฒน์ สิงห์ทองไชย  | 4. สุรวุฒิ สุขแสงดาว  | 5. เกรียงไกร ลาหมัน,รถ : 3ฒภ 2576 กทม (นพ 01),FUSE LINK 22 KV. 10 A.EEI-NEMA TYPE K,1,,2026-04-19
1429,19 เม.ย. 2569,15:13,15:27,14,กฟส.นาหว้า (XS),SSK06F-11/2,156,ฝนตก,ต้นไม้-กิ่งไม้หักพาดสาย,ศจฟ,15:13,15:25,15:50,25,1. สุรธรรม แพงเหนือ,รถ : นาหว้า 02,FUSE LINK 22 KV. 20 A.EEI-NEMA TYPE K,2,,2026-04-19
1430,19 เม.ย. 2569,15:30,16:54,84,กฟส.นาหว้า (XS),SSK06F-16,1740,ลมแรง,ต้นไม้-กิ่งไม้หักพาดสาย,ศจฟ,15:30,15:39,17:31,112,1. สุรธรรม แพงเหนือ,รถ : นาหว้า 02,FUSE LINK 22 KV. 30 A.EEI-NEMA TYPE K,2,,2026-04-19
1431,19 เม.ย. 2569,15:30,19:00,210,กฟส.นาหว้า (XS),SSK06F-20/1,36,ฝนตก,ต้นไม้-กิ่งไม้หักพาดสาย,ศจฟ,15:30,15:40,19:30,230,1. สุรธรรม แพงเหนือ,รถ : นาหว้า 02,FUSE LINK 22 KV. 20 A.EEI-NEMA TYPE K,2,,2026-04-19
1432,19 เม.ย. 2569,15:31,17:54,143,กฟส.นาหว้า (XS),SSK06F-17,63,ฝนตก,ต้นไม้-กิ่งไม้หักพาดสาย,ศจฟ,15:31,15:39,18:30,171,1. สุรธรรม แพงเหนือ,รถ : นาหว้า 02,FUSE LINK 22 KV. 25 A.EEI-NEMA TYPE K,2,,2026-04-19
1433,19 เม.ย. 2569,15:32,15:53,20,กฟส.นาหว้า (XS),POH25F-25,1,ฝนตก,ต้นไม้-กิ่งไม้หักพาดสาย,ศจฟ,15:32,15:38,16:30,52,1. สุรธรรม แพงเหนือ,รถ : นาหว้า 02,FUSE LINK 22 KV. 15 A.EEI-NEMA TYPE K,2,,2026-04-19
1434,19 เม.ย. 2569,15:42,16:02,20,กฟจ.นครพนม (L),53-002437,104,ฝนตก,ต้นไม้-กิ่งไม้หักพาดสาย,ศจฟ,15:42,16:01,16:04,3,1. ชัยยา มาตขาว  | 2. ปรีชา เพ็งคำ  | 3. ภานุวัฒน์ สิงห์ทองไชย  | 4. สุรวุฒิ สุขแสงดาว  | 5. เกรียงไกร ลาหมัน,รถ : 3ฒภ 2576 กทม (นพ 01),"H.R.C. FUSE, BLADE CONTACT, 100 A",1,,2026-04-19
1435,19 เม.ย. 2569,16:56,17:40,44,กฟส.ปลาปาก (XS),60-007943,48,ฝนตก,ต้นไม้-กิ่งไม้หักพาดสาย,ศจฟ,16:56,16:57,17:44,47,1. ราชันย์ กุลสุทธิ์,รถ : รถแก้ไฟปลาปาก 01,"CABLE,AL,750 V,50 SQ.MM. TIS.293",5,,2026-04-19
1436,19 เม.ย. 2569,17:00,18:00,60,กฟจ.นครพนม (L),NNA07F-36,823,ฝนตก,ต้นไม้-กิ่งไม้หักพาดสาย,ศจฟ,17:00,17:46,18:10,24,1. ชัยยา มาตขาว  | 2. วิเชียร สุวอ  | 3. สุรวุฒิ สุขแสงดาว,รถ : 81-1269 นพ (นพ 03),FUSE LINK 22 KV. 25 A.EEI-NEMA TYPE K,3,,2026-04-19
1437,19 เม.ย. 2569,17:00,18:30,90,กฟจ.นครพนม (L),NNA04F-26,902,ฝนตก,ต้นไม้-กิ่งไม้หักพาดสาย,ศจฟ,17:00,18:00,18:33,33,1. ชัยยา มาตขาว  | 2. วิเชียร สุวอ  | 3. สุรวุฒิ สุขแสงดาว,รถ : 81-1269 นพ (นพ 03),FUSE LINK 22 KV. 25 A.EEI-NEMA TYPE K,3,,2026-04-19
1438,19 เม.ย. 2569,17:00,19:00,120,กฟจ.นครพนม (L),60-000084,2,ฝนตก,ต้นไม้-กิ่งไม้หักพาดสาย,ศจฟ,17:00,17:56,18:50,54,1. ชัยยา มาตขาว  | 2. วิเชียร สุวอ  | 3. สุรวุฒิ สุขแสงดาว,รถ : 81-1269 นพ (นพ 03),"H.R.C. FUSE, BLADE CONTACT, 80 A",1,,2026-04-19
1439,19 เม.ย. 2569,17:41,18:13,31,กฟส.ปลาปาก (XS),60-031498,14,ฝนตก,ต้นไม้-กิ่งไม้หักพาดสาย,ศจฟ,17:41,17:42,18:15,33,1. ราชันย์ กุลสุทธิ์,รถ : รถแก้ไฟปลาปาก 01,FUSE LINK 22 KV. 3 A.EEI-NEMA TYPE K,2,,2026-04-19
1440,19 เม.ย. 2569,18:14,18:54,40,กฟส.ปลาปาก (XS),THA06F-87,283,ฝนตก,ต้นไม้-กิ่งไม้หักพาดสาย,ศจฟ,18:14,18:15,18:58,43,1. ราชันย์ กุลสุทธิ์,รถ : รถแก้ไฟปลาปาก 01,,,,2026-04-19
1441,19 เม.ย. 2569,18:15,19:09,54,กฟส.ปลาปาก (XS),THA06F-87,0,ฝนตก,ต้นไม้-กิ่งไม้หักพาดสาย,ศจฟ,18:14,19:07,19:14,7,1. ราชันย์ กุลสุทธิ์,รถ : รถแก้ไฟปลาปาก 01,FUSE LINK 22 KV. 25 A.EEI-NEMA TYPE K,2,,2026-04-19
1442,19 เม.ย. 2569,18:46,20:06,79,กฟส.โพนสวรรค์ (XS),25-001402,251,อากาศชื้น / หมอก,ภัยธรรมชาติ-พายุฤดูร้อน/พายุดีเปรสชั่น,ศจฟ,18:46,18:50,20:15,85,1. ทรงกลด มาศศรี,รถ : โพนสวรรค์-03,"H.R.C. FUSE, BLADE CONTACT, 100 A",2,,2026-04-19
1443,19 เม.ย. 2569,19:00,19:25,24,กฟจ.นครพนม (L),NNA05F-01/1,225,อากาศชื้น / หมอก,ภัยธรรมชาติ-พายุฤดูร้อน/พายุดีเปรสชั่น,ศจฟ,19:00,18:50,19:31,41,1. ชัยยา มาตขาว  | 2. วิเชียร สุวอ  | 3. สุรวุฒิ สุขแสงดาว,รถ : 81-1269 นพ (นพ 03),FUSE HOLDER 22 KV. 100 A. 12 KA.,2,,2026-04-19
1444,19 เม.ย. 2569,19:00,19:38,38,กฟจ.นครพนม (L),54-011701,19,อากาศชื้น / หมอก,ภัยธรรมชาติ-พายุฤดูร้อน/พายุดีเปรสชั่น,ศจฟ,19:00,19:28,19:49,21,1. ชัยยา มาตขาว  | 2. ปรีชา เพ็งคำ  | 3. ภานุวัฒน์ สิงห์ทองไชย  | 4. วิเชียร สุวอ  | 5. สุรวุฒิ สุขแสงดาว  | 6. เกริกฤทธิ์ จันทรโพธิ์ศรี,รถ : 3ฒภ 2576 กทม (นพ 01),"H.R.C. FUSE, BLADE CONTACT, 80 A",1,,2026-04-19
1445,19 เม.ย. 2569,19:01,19:50,49,กฟจ.นครพนม (L),NNB01VF-039,79,อากาศชื้น / หมอก,ภัยธรรมชาติ-พายุฤดูร้อน/พายุดีเปรสชั่น,ศจฟ,19:00,19:32,19:52,20,1. ชัยยา มาตขาว  | 2. ปรีชา เพ็งคำ  | 3. ภานุวัฒน์ สิงห์ทองไชย  | 4. วิเชียร สุวอ  | 5. สุรวุฒิ สุขแสงดาว  | 6. เกริกฤทธิ์ จันทรโพธิ์ศรี,รถ : 3ฒภ 2576 กทม (นพ 01),FUSE LINK 22 KV. 20 A.EEI-NEMA TYPE K,2,,2026-04-19
1446,19 เม.ย. 2569,19:16,20:33,76,กฟส.เรณูนคร (XS),THA02F-68,1525,ลมแรง,ภัยธรรมชาติ-พายุฤดูร้อน/พายุดีเปรสชั่น,ศจฟ,19:16,19:18,20:41,83,1. ณวุฒิ กลางประพันธ์,รถ : 80-7964 นพ รณ.01,"DROPOUT,FUSE,22 KV.100 A.12 KA",1,,2026-04-19
1447,19 เม.ย. 2569,20:38,20:00,0,กฟส.บ้านแพง (S),36-015134,247,ลมแรง,ภัยธรรมชาติ-พายุฤดูร้อน/พายุดีเปรสชั่น,ศจฟ,20:38,19:00,20:30,90,1. ชินดนัย คงชะสิงห์,รถ : กระเช้าบ้านแพง,"CABLE,AL,750 V,50 SQ.MM. TIS.293",10,,2026-04-19
1448,19 เม.ย. 2569,20:43,21:48,64,กฟส.โพนสวรรค์ (XS),21752764,1,อากาศชื้น / หมอก,ภัยธรรมชาติ-พายุฤดูร้อน/พายุดีเปรสชั่น,ศจฟ,20:43,20:50,21:53,63,1. ทรงกลด มาศศรี,รถ : โพนสวรรค์-03,"CABLE,CU,PVC,INS.&JAC. 600V, 2X10 SQ.MM.",7,,2026-04-19
1449,19 เม.ย. 2569,21:06,22:02,56,กฟส.ธาตุพนม (S),THA02VF-026,61,ฝนตก,ต้นไม้-ต้นไม้ล้มทับสาย,ศจฟ,21:06,21:11,22:03,52,1. ณวุฒิ กลางประพันธ์  | 2. นรากร แสนโสม  | 3. ศรายุทธ์ ญาติสมบูรณ์  | 4. อุทัย สุมินทร์,รถ : ธพ 03,FUSE LINK 22 KV. 10 A.EEI-NEMA TYPE K,2,,2026-04-19
1450,19 เม.ย. 2569,23:54,02:15,141,กฟส.ธาตุพนม (S),THA01VB-01,7519,ฝนตก ลมแรง,สภาพสิ่งแวดล้อม-สภาพสิ่งแวดล้อมอื่นๆ,ศจฟ,23:53,23:56,02:12,136,1. ณวุฒิ กลางประพันธ์  | 2. นรากร แสนโสม  | 3. ศรายุทธ์ ญาติสมบูรณ์  | 4. อุทัย สุมินทร์,รถ : 80-7964 นพ รณ.01,FUSE HOLDER 22 KV. 100 A. 12 KA.,2,,2026-04-19
1451,20 เม.ย. 2569,03:18,03:58,40,กฟส.เรณูนคร (XS),THA02F-67,65,ฝนตก ลมแรง,ภัยธรรมชาติ-พายุฤดูร้อน/พายุดีเปรสชั่น,ศจฟ,03:18,02:26,04:09,103,1. ณวุฒิ กลางประพันธ์,รถ : 80-7964 นพ รณ.01,"CABLE,AERIAL,AL 22 KV. 1X50 SQ.MM.",9,,2026-04-20
1452,20 เม.ย. 2569,06:49,07:30,40,กฟส.โพนสวรรค์ (XS),55-002153,72,อากาศปกติ,ภัยธรรมชาติ-พายุฤดูร้อน/พายุดีเปรสชั่น,ศจฟ,06:49,06:10,07:30,80,1. ทรงกลด มาศศรี  | 2. เพชราวุธ โพชราช,รถ : โพนสวรรค์-03,"CABLE,AL,750 V,50 SQ.MM. TIS.293",8,,2026-04-20
1453,20 เม.ย. 2569,06:59,07:52,53,กฟส.ศรีสงคราม (XS),54-005368,33,ฝนตก ฟ้าคะนอง,ภัยธรรมชาติ-พายุฤดูร้อน/พายุดีเปรสชั่น,ศจฟ,06:59,07:00,08:28,88,1. ปัญจพงษ์ เศรษฐาไชย,รถ : ศรีสงคราม 02,"BOLT,MACHINE M.16X170 MM.",1,,2026-04-20
1454,20 เม.ย. 2569,07:02,07:52,49,กฟส.เรณูนคร (XS),66-018364,64,ฝนตก ลมแรง,สภาพสิ่งแวดล้อม-สภาพสิ่งแวดล้อมอื่นๆ,ศจฟ,07:02,07:03,08:15,72,1. ณวุฒิ กลางประพันธ์,รถ : 80-7964 นพ รณ.01,"CONN.,PG,DOUBLE BOLT,AL 16-70 SQ.MM.",2,,2026-04-20
1455,20 เม.ย. 2569,07:38,08:29,51,กฟส.โพนสวรรค์ (XS),17897080,1,ลมแรง,ภัยธรรมชาติ-พายุฤดูร้อน/พายุดีเปรสชั่น,ศจฟ,07:38,07:35,08:31,56,1. ทรงกลด มาศศรี  | 2. เพชราวุธ โพชราช,รถ : โพนสวรรค์-03,"CABLE,CU,PVC,INS.&JAC. 600V, 2X10 SQ.MM.",7,,2026-04-20
1456,20 เม.ย. 2569,07:39,08:01,22,กฟจ.นครพนม (L),24-017788,3,ลมแรง,ภัยธรรมชาติ-พายุฤดูร้อน/พายุดีเปรสชั่น,ศจฟ,07:39,07:40,08:04,24,1. จันทะคาด บัวเคน  | 2. ชัยยา มาตขาว  | 3. พงษ์สนิจ ศรีวิชัย  | 4. ภานุวัฒน์ สิงห์ทองไชย  | 5. วิเชียร สุวอ  | 6. สุรวุฒิ สุขแสงดาว,รถ : 3ฒภ 2576 กทม (นพ 01),"H.R.C. FUSE, BLADE CONTACT, 80 A",1,,2026-04-20
1457,20 เม.ย. 2569,07:43,08:17,33,กฟจ.นครพนม (L),NNA07F-41,268,ลมแรง,ภัยธรรมชาติ-พายุฤดูร้อน/พายุดีเปรสชั่น,ศจฟ,07:43,07:43,08:26,43,1. จันทะคาด บัวเคน  | 2. ชัยยา มาตขาว  | 3. พงษ์สนิจ ศรีวิชัย  | 4. ภานุวัฒน์ สิงห์ทองไชย  | 5. วิเชียร สุวอ  | 6. สุรวุฒิ สุขแสงดาว,รถ : 3ฒภ 2576 กทม (นพ 01),FUSE LINK 22 KV. 20 A.EEI-NEMA TYPE K,1,,2026-04-20
1458,20 เม.ย. 2569,08:30,09:10,40,กฟจ.นครพนม (L),NNA07F-08,1,ลมแรง,ภัยธรรมชาติ-พายุฤดูร้อน/พายุดีเปรสชั่น,ศจฟ,08:30,08:30,09:13,43,1. ชัยยา มาตขาว  | 2. ณัฏฐศรันย์ อันทระบุตร  | 3. พิพัฒน์ นะระทะ  | 4. วิเชียร สุวอ  | 5. สันติ อินทิสาร  | 6. สุรวุฒิ สุขแสงดาว,รถ : 3ฒภ 2576 กทม (นพ 01),FUSE LINK 22 KV. 25 A.EEI-NEMA TYPE K,2,,2026-04-20
1459,20 เม.ย. 2569,09:00,10:00,60,กฟส.ธาตุพนม (S),THA01VF-001,420,ฝนตก ลมแรง,ภัยธรรมชาติ-พายุฤดูร้อน/พายุดีเปรสชั่น,ศจฟ,09:00,09:30,10:06,36,1. กฤตพงศ์ วงค์ขะวงค์  | 2. นรากร แสนโสม  | 3. เกรียงศักดิ์ สุพรรณคุ้ม,รถ : ธพ 03,FUSE LINK 22 KV. 30 A.EEI-NEMA TYPE K,3,,2026-04-20
1460,20 เม.ย. 2569,09:13,09:21,8,กฟส.ธาตุพนม (S),THA07VF-010,416,ฝนตก ลมแรง,สภาพสิ่งแวดล้อม-ฟ้าผ่า,ศจฟ,09:13,09:00,09:24,24,1. กฤตพงศ์ วงค์ขะวงค์  | 2. นรากร แสนโสม  | 3. เกรียงศักดิ์ สุพรรณคุ้ม,รถ : ธพ - 01,FUSE LINK 22 KV. 25 A.EEI-NEMA TYPE K,2,,2026-04-20
1461,20 เม.ย. 2569,09:14,10:05,51,กฟส.ธาตุพนม (S),THA05VF-004,293,ฝนตก,ต้นไม้-กิ่งไม้หักพาดสาย,ศจฟ,09:14,09:15,10:08,53,1. กฤตพงศ์ วงค์ขะวงค์  | 2. นรากร แสนโสม  | 3. เกรียงศักดิ์ สุพรรณคุ้ม,รถ : ธพ 03,FUSE LINK 22 KV. 20 A.EEI-NEMA TYPE K,3,,2026-04-20
1462,20 เม.ย. 2569,09:25,09:37,12,กฟส.นาหว้า (XS),63-023314,325,ฝนตก,ต้นไม้-กิ่งไม้หักพาดสาย,ศจฟ,09:25,09:00,09:43,43,1. อัมรินทร์ วะราวัง,รถ : นาหว้า 02,"CABLE,AL,750 V,50 SQ.MM. TIS.293",10,,2026-04-20
1463,20 เม.ย. 2569,09:50,10:19,29,กฟส.นาหว้า (XS),SSK06F-16,1740,ฝนตก,ต้นไม้-กิ่งไม้หักพาดสาย,ศจฟ,09:50,10:08,10:24,16,1. อัมรินทร์ วะราวัง,รถ : นาหว้า 02,"COND.,ACSR 50/8 SQ.MM.TIS.86",6,,2026-04-20
1464,20 เม.ย. 2569,10:08,10:17,9,กฟส.นาแก (S),SOA07VF-505-1,37,ฝนตก,ต้นไม้-กิ่งไม้หักพาดสาย,ศจฟ,10:08,10:09,10:19,10,1. อนาวิน อาจหาญ,รถ : นก-07,FUSE LINK 22 KV. 10 A.EEI-NEMA TYPE K,1,,2026-04-20
1465,20 เม.ย. 2569,10:10,10:30,20,กฟส.ธาตุพนม (S),THA01VF-049,36,ลมแรง,สภาพสิ่งแวดล้อม-ฟ้าผ่า,ศจฟ,10:10,10:26,10:47,21,1. กฤตพงศ์ วงค์ขะวงค์  | 2. นรากร แสนโสม  | 3. เกรียงศักดิ์ สุพรรณคุ้ม,รถ : ธพ - 01,FUSE LINK 22 KV. 10 A.EEI-NEMA TYPE K,2,,2026-04-20
1466,20 เม.ย. 2569,10:35,11:35,60,กฟส.ธาตุพนม (S),THA01VF-024,32,ฝนตก,สภาพสิ่งแวดล้อม-ฟ้าผ่า,ศจฟ,10:35,10:38,11:39,61,1. กฤตพงศ์ วงค์ขะวงค์  | 2. นรากร แสนโสม  | 3. เกรียงศักดิ์ สุพรรณคุ้ม,รถ : ธพ 03,FUSE LINK 22 KV. 15 A.EEI-NEMA TYPE K,2,,2026-04-20
1467,20 เม.ย. 2569,10:40,11:11,31,กฟส.นาหว้า (XS),SSK06F-17,63,ฝนตก,สภาพสิ่งแวดล้อม-ฟ้าผ่า,ศจฟ,10:40,11:00,11:15,15,1. อัมรินทร์ วะราวัง,รถ : นาหว้า 02,"COND.,ACSR 50/8 SQ.MM.TIS.86",5,,2026-04-20
1468,20 เม.ย. 2569,11:34,11:49,15,กฟส.บ้านแพง (S),57-002181,76,อากาศปกติ,สัตว์-กระรอก/กระแต/หนู,ศจฟ,11:34,11:35,12:02,27,1. รชานนท์ โมธรรม,รถ : กระเช้าบ้านแพง,FUSE LINK 22 KV. 5-6 A.EEI-NEMA TYPE K,2,,2026-04-20
1469,20 เม.ย. 2569,11:41,14:00,139,กฟส.นาแก (S),THA04VF-207,88,อากาศปกติ,อุปกรณ์-ชำรุด,ศจฟ,11:41,11:42,14:15,153,1. บัญชา ปู่บุตรชา  | 2. วรพันธุ์ ตันสมรส  | 3. อนาวิน อาจหาญ,รถ : นก-07,FUSE LINK 22 KV. 20 A.EEI-NEMA TYPE K,1,,2026-04-20
1470,20 เม.ย. 2569,12:00,09:53,0,กฟส.เรณูนคร (XS),THA02F-70,491,ฝนตก ลมแรง,ภัยธรรมชาติ-พายุฤดูร้อน/พายุดีเปรสชั่น,ศจฟ,12:00,08:49,09:55,66,1. ธิติ เรณู,รถ : 80-7964 นพ รณ.01,FUSE HOLDER 22 KV. 100 A. 12 KA.,1,,2026-04-20
1471,20 เม.ย. 2569,12:00,13:12,72,กฟส.ท่าอุเทน (XS),NNA01VF-224,491,ฝนตก ลมแรง,ภัยธรรมชาติ-พายุฤดูร้อน/พายุดีเปรสชั่น,ศจฟ,12:00,12:52,13:13,21,1. ปรินทร์ บุญเทียม,รถ : รถแก้ไฟท่าอุเทน,FUSE LINK 22 KV. 15 A.EEI-NEMA TYPE K,3,,2026-04-20
1472,20 เม.ย. 2569,12:00,13:16,76,กฟส.ท่าอุเทน (XS),NNA01VF-232,445,ฝนตก ลมแรง,ภัยธรรมชาติ-พายุฤดูร้อน/พายุดีเปรสชั่น,ศจฟ,12:00,12:55,13:18,23,1. ปรินทร์ บุญเทียม,รถ : รถแก้ไฟท่าอุเทน,FUSE LINK 22 KV. 20 A.EEI-NEMA TYPE K,3,,2026-04-20
1473,20 เม.ย. 2569,12:00,13:18,78,กฟส.ท่าอุเทน (XS),SSK02VF-229,18,ฝนตก ลมแรง,ภัยธรรมชาติ-พายุฤดูร้อน/พายุดีเปรสชั่น,ศจฟ,12:00,12:56,13:20,24,1. ปรินทร์ บุญเทียม,รถ : รถแก้ไฟท่าอุเทน,FUSE LINK 22 KV. 25 A.EEI-NEMA TYPE K,2,,2026-04-20
1474,20 เม.ย. 2569,12:00,13:21,81,กฟส.ท่าอุเทน (XS),20221548,1,ฝนตก ลมแรง,อุปกรณ์-ชำรุด,ศจฟ,12:00,13:00,13:23,23,1. ปรินทร์ บุญเทียม,รถ : รถแก้ไฟท่าอุเทน,"CABLE,CU,PVC,INS.&JAC. 600V, 2X10 SQ.MM.",2,,2026-04-20
1475,20 เม.ย. 2569,12:01,13:14,73,กฟส.ท่าอุเทน (XS),NNA01VF-230,364,ฝนตก ลมแรง,ภัยธรรมชาติ-พายุฤดูร้อน/พายุดีเปรสชั่น,ศจฟ,12:00,12:54,13:14,20,1. ปรินทร์ บุญเทียม,รถ : รถแก้ไฟท่าอุเทน,FUSE LINK 22 KV. 25 A.EEI-NEMA TYPE K,3,,2026-04-20
1476,20 เม.ย. 2569,12:20,13:06,45,กฟส.ศรีสงคราม (XS),60-016160,156,อากาศปกติ,อุปกรณ์-ติดตั้งไม่ได้มาตรฐาน,ศจฟ,12:20,12:25,13:34,69,1. ปัญจพงษ์ เศรษฐาไชย,รถ : ศรีสงคราม 02,"CABLE,AL,750 V,50 SQ.MM. TIS.293",5,,2026-04-20
1477,20 เม.ย. 2569,12:20,13:30,70,กฟส.ธาตุพนม (S),45-034427,202,อากาศปกติ,อุปกรณ์-ติดตั้งไม่ได้มาตรฐาน,ศจฟ,12:20,12:40,13:34,54,1. กฤตพงศ์ วงค์ขะวงค์  | 2. นรากร แสนโสม  | 3. เกรียงศักดิ์ สุพรรณคุ้ม,รถ : ธพ 03,"CABLE,AL,750 V,50 SQ.MM. TIS.293",10,,2026-04-20
1478,20 เม.ย. 2569,12:28,12:58,29,กฟส.นาหว้า (XS),63-034767,22,อากาศปกติ,อุปกรณ์-ติดตั้งไม่ได้มาตรฐาน,ศจฟ,12:28,12:36,13:00,24,1. อัมรินทร์ วะราวัง,รถ : นาหว้า 02,FUSE LINK 22 KV. 15 A.EEI-NEMA TYPE K,2,,2026-04-20
1479,20 เม.ย. 2569,13:12,13:58,45,กฟส.เรณูนคร (XS),THA02F-71I2,35,ฝนตก ลมแรง,ภัยธรรมชาติ-พายุฤดูร้อน/พายุดีเปรสชั่น,ศจฟ,13:12,13:13,14:09,56,1. สันติ จันทโคตร,รถ : รน-0001,"CABLE,AERIAL,AL 22 KV. 1X50 SQ.MM.",3,,2026-04-20
1480,20 เม.ย. 2569,13:37,13:58,20,กฟส.ธาตุพนม (S),THA05VF-029,14,ฝนตก ลมแรง,ภัยธรรมชาติ-พายุฤดูร้อน/พายุดีเปรสชั่น,ศจฟ,13:37,13:38,14:01,23,1. กฤตพงศ์ วงค์ขะวงค์  | 2. นรากร แสนโสม  | 3. เกรียงศักดิ์ สุพรรณคุ้ม,รถ : ธพ 03,FUSE LINK 22 KV. 30 A.EEI-NEMA TYPE K,3,,2026-04-20
1481,20 เม.ย. 2569,14:50,16:55,125,กฟส.บ้านแพง (S),6200943289,1,อากาศชื้น / หมอก,สภาพสิ่งแวดล้อม-การผุกร่อน/สนิม,ศจฟ,14:50,14:52,15:45,53,1. รชานนท์ โมธรรม,รถ : กระเช้าบ้านแพง,"CONN.,PG,DOUBLE BOLT,AL 25-95 SQ.MM.",2,,2026-04-20
1482,20 เม.ย. 2569,17:56,18:15,18,กฟส.นาแก (S),60-030812,79,อากาศปกติ,โหลดเกินพิกัด-โหลดเกินพิกัด,ศจฟ,17:56,17:57,18:19,22,1. บัญชา ปู่บุตรชา,รถ : นก-03,"H.R.C. FUSE, BLADE CONTACT, 50 A",1,,2026-04-20
1483,20 เม.ย. 2569,18:52,18:53,1,กฟส.นาทม (XS),SEK03VS-115,1686,อากาศปกติ,โหลดเกินพิกัด-โหลดเกินพิกัด,ศจฟ,18:52,18:54,19:30,36,1. วราวุธ นาขมิ้น,รถ : นาทม 02,,,,2026-04-20
1484,20 เม.ย. 2569,18:53,20:03,70,กฟส.นาทม (XS),SEK03F-97/1,105,อากาศปกติ,โหลดเกินพิกัด-โหลดเกินพิกัด,ศจฟ,18:53,18:55,20:30,95,1. วราวุธ นาขมิ้น,รถ : นาทม 02,FUSE LINK 22 KV. 15 A.EEI-NEMA TYPE K,1,,2026-04-20
1485,20 เม.ย. 2569,18:55,19:25,29,กฟส.นาแก (S),35-011983,34,อากาศปกติ,ต้นไม้-ต้นไม้ล้มทับสาย,ศจฟ,18:55,18:56,19:30,34,1. บัญชา ปู่บุตรชา,รถ : นก-03,"CABLE,AL,750 V,50 SQ.MM. TIS.293",2,,2026-04-20
1486,20 เม.ย. 2569,19:40,21:01,81,กฟส.ธาตุพนม (S),57-950959,169,ฝนตก,ต้นไม้-กิ่งไม้หักพาดสาย,ศจฟ,19:40,19:41,21:02,81,1. นรากร แสนโสม,รถ : กระเช้าธาตุพนม,FUSE LINK 22 KV. 15 A.EEI-NEMA TYPE K,1,,2026-04-20
1487,20 เม.ย. 2569,19:58,20:20,22,กฟส.นาแก (S),55-000440,58,อากาศปกติ,ต้นไม้-ต้นไม้ล้มทับสาย,ศจฟ,19:58,19:59,20:27,28,1. บัญชา ปู่บุตรชา,รถ : นก-03,"CABLE,AL,750 V,50 SQ.MM. TIS.293",2,,2026-04-20
1488,20 เม.ย. 2569,20:58,21:20,22,กฟส.นาแก (S),27485983,1,อากาศปกติ,อุปกรณ์-ชำรุด,ศจฟ,20:58,20:59,21:30,31,1. บัญชา ปู่บุตรชา,รถ : นก-03,"CONN.,PG,DOUBLE BOLT,AL 25-95 SQ.MM.",2,,2026-04-20
1489,20 เม.ย. 2569,21:15,22:10,54,กฟส.ธาตุพนม (S),THA07VF-010,416,ลมแรง,ต้นไม้-กิ่งไม้หักพาดสาย,ศจฟ,21:15,21:15,22:11,56,1. นรากร แสนโสม,รถ : กระเช้าธาตุพนม,FUSE LINK 22 KV. 25 A.EEI-NEMA TYPE K,1,,2026-04-20
1490,21 เม.ย. 2569,07:16,06:41,0,กฟส.ธาตุพนม (S),THA02VF-025,753,ลมแรง,ต้นไม้-กิ่งไม้หักพาดสาย,ศจฟ,07:16,06:01,06:43,42,1. อติชาติ เมืองงาม,รถ : กระเช้าธาตุพนม,FUSE LINK 22 KV. 30 A.EEI-NEMA TYPE K,1,,2026-04-21
1491,21 เม.ย. 2569,07:17,07:45,27,กฟส.ธาตุพนม (S),THA02VF-026,61,อากาศปกติ,สัตว์-นก/ค้างคาว,ศจฟ,07:17,06:44,07:30,46,1. อติชาติ เมืองงาม,รถ : กระเช้าธาตุพนม,FUSE LINK 22 KV. 10 A.EEI-NEMA TYPE K,1,,2026-04-21
1492,21 เม.ย. 2569,07:21,07:22,1,กฟจ.นครพนม (L),NNA04F-77-3,713,อากาศปกติ,ต้นไม้-ลมพัดต้นไม้มาแตะสาย,ศจฟ,07:21,06:21,07:24,63,1. ปรีชา เพ็งคำ  | 2. พิพัฒน์ พิมพ์ศรี,รถ : 3ฒภ 2576 กทม (นพ 01),FUSE LINK 22 KV. 25 A.EEI-NEMA TYPE K,2,,2026-04-21
1493,21 เม.ย. 2569,10:00,10:39,38,กฟส.นาแก (S),THA03VF-233-4,94,ฝนตก ลมแรง,อุปกรณ์-ชำรุด,ศจฟ,10:00,10:35,10:42,7,1. วรพันธุ์ ตันสมรส,รถ : นก-02,"COND.,ACSR 50/8 SQ.MM.TIS.86",3,,2026-04-21
1494,21 เม.ย. 2569,10:00,10:54,54,กฟส.นาแก (S),THA03VF-212,220,ฝนตก ลมแรง,อุปกรณ์-ชำรุด,ศจฟ,10:00,10:45,10:56,11,1. วรพันธุ์ ตันสมรส,รถ : นก-02,FUSE HOLDER 22 KV. 100 A. 12 KA.,1,,2026-04-21
1495,21 เม.ย. 2569,10:00,11:00,60,กฟส.นาแก (S),THA03VF-223-1,1,ฝนตก ลมแรง,อุปกรณ์-ชำรุด,ศจฟ,10:00,10:41,11:02,21,1. วรพันธุ์ ตันสมรส,รถ : นก-02,FUSE HOLDER 22 KV. 100 A. 12 KA.,1,,2026-04-21
1496,21 เม.ย. 2569,10:00,11:09,69,กฟส.นาแก (S),67-036327,9,ฝนตก ลมแรง,อุปกรณ์-ชำรุด,ศจฟ,10:00,10:30,11:12,42,1. วรพันธุ์ ตันสมรส,รถ : นก-02,"CABLE,AL,750 V,50 SQ.MM. TIS.293",4,,2026-04-21
1497,21 เม.ย. 2569,10:00,11:13,73,กฟส.นาแก (S),53-001214,38,ฝนตก ลมแรง,อุปกรณ์-ชำรุด,ศจฟ,10:00,10:28,11:15,47,1. วรพันธุ์ ตันสมรส,รถ : นก-02,"CABLE,AL,750 V,50 SQ.MM. TIS.293",4,,2026-04-21
1498,21 เม.ย. 2569,10:00,11:16,76,กฟส.นาแก (S),66-006430,37,ฝนตก ลมแรง,อุปกรณ์-ชำรุด,ศจฟ,10:00,10:27,11:21,54,1. วรพันธุ์ ตันสมรส,รถ : นก-02,"CABLE,AL,750 V,50 SQ.MM. TIS.293",3,,2026-04-21
1499,21 เม.ย. 2569,10:00,11:22,82,กฟส.นาแก (S),45-018209,17,ฝนตก ลมแรง,อุปกรณ์-ชำรุด,ศจฟ,10:00,10:25,11:24,59,1. วรพันธุ์ ตันสมรส,รถ : นก-02,"CABLE,AL,750 V,50 SQ.MM. TIS.293",4,,2026-04-21
1500,21 เม.ย. 2569,10:01,10:43,42,กฟส.นาแก (S),THA04VF-207,88,ฝนตก ลมแรง,อุปกรณ์-ชำรุด,ศจฟ,10:00,10:42,10:46,4,1. วรพันธุ์ ตันสมรส,รถ : นก-02,"DROPOUT,FUSE,22 KV.100 A.12 KA",2,,2026-04-21
1501,21 เม.ย. 2569,10:01,10:48,47,กฟส.นาแก (S),32-011634,19,ฝนตก ลมแรง,อุปกรณ์-ชำรุด,ศจฟ,10:00,10:45,10:51,6,1. วรพันธุ์ ตันสมรส,รถ : นก-02,"COND.,ACSR 50/8 SQ.MM.TIS.86",4,,2026-04-21
1502,21 เม.ย. 2569,10:01,10:57,56,กฟส.นาแก (S),THA04VF-221-2,40,ฝนตก ลมแรง,อุปกรณ์-ชำรุด,ศจฟ,10:00,10:43,10:59,16,1. วรพันธุ์ ตันสมรส,รถ : นก-02,"DROPOUT,FUSE,22 KV.100 A.12 KA",2,,2026-04-21
1503,21 เม.ย. 2569,10:30,11:11,40,กฟจ.นครพนม (L),NNB01VF-024,77,ฝนตก ลมแรง,อุปกรณ์-ชำรุด,ศจฟ,10:30,10:53,11:13,20,1. จันทะคาด บัวเคน  | 2. นลธวัช ศรีหาเศษ  | 3. พงษ์สนิจ ศรีวิชัย,รถ : 3ฒภ 2576 กทม (นพ 01),FUSE LINK 22 KV. 10 A.EEI-NEMA TYPE K,1,,2026-04-21
1504,21 เม.ย. 2569,11:00,11:48,47,กฟจ.นครพนม (L),NNB02VF-015,15,ฝนตก ลมแรง,อุปกรณ์-ชำรุด,ศจฟ,11:00,11:20,12:11,51,1. จันทะคาด บัวเคน  | 2. นลธวัช ศรีหาเศษ  | 3. พงษ์สนิจ ศรีวิชัย,รถ : 3ฒภ 2576 กทม (นพ 01),FUSE LINK 22 KV. 25 A.EEI-NEMA TYPE K,1,,2026-04-21
1505,21 เม.ย. 2569,11:23,12:50,87,กฟจ.นครพนม (L),NNA10VF-001-2,91,ฝนตก ลมแรง,อุปกรณ์-ชำรุด,ศจฟ,11:23,11:24,12:53,89,1. จันทะคาด บัวเคน  | 2. นลธวัช ศรีหาเศษ  | 3. พงษ์สนิจ ศรีวิชัย,รถ : 3ฒภ 2576 กทม (นพ 01),FUSE LINK 22 KV. 40 A.EEI-NEMA TYPE K,1,,2026-04-21
1506,21 เม.ย. 2569,13:00,14:04,64,กฟส.นาแก (S),62-007350,171,ฝนตก ลมแรง,อุปกรณ์-ชำรุด,ศจฟ,13:00,13:37,14:06,29,1. วรพันธุ์ ตันสมรส,รถ : นก-02,"DROPOUT,FUSE,22 KV.100 A.12 KA",1,,2026-04-21
1507,21 เม.ย. 2569,13:00,14:07,67,กฟส.นาแก (S),THA03VF-209,256,ฝนตก ลมแรง,อุปกรณ์-ชำรุด,ศจฟ,13:00,13:56,14:09,13,1. วรพันธุ์ ตันสมรส,รถ : นก-02,FUSE HOLDER 22 KV. 100 A. 12 KA.,1,,2026-04-21
1508,21 เม.ย. 2569,13:01,14:14,73,กฟส.นาแก (S),SOA07VF-506,275,ฝนตก ลมแรง,อุปกรณ์-ชำรุด,ศจฟ,13:00,13:53,14:16,23,1. วรพันธุ์ ตันสมรส,รถ : นก-02,FUSE HOLDER 22 KV. 100 A. 12 KA.,1,,2026-04-21
1509,21 เม.ย. 2569,13:26,13:55,29,กฟส.นาทม (XS),SSK08F-110,1,ฝนตก ลมแรง,อุปกรณ์-ชำรุด,ศจฟ,13:26,13:28,14:00,32,1. วราวุธ นาขมิ้น,รถ : นาทม 02,FUSE LINK 22 KV. 8 A.EEI-NEMA TYPE K,1,,2026-04-21
1510,21 เม.ย. 2569,18:03,17:05,0,กฟจ.นครพนม (L),29046096,1,ฝนตก ลมแรง,อุปกรณ์-ชำรุด,ศจฟ,18:03,16:30,17:15,45,1. ณัฏฐศรันย์ อันทระบุตร  | 2. ทศวรรษ มังคละคีรี,รถ : 3ฒภ 2576 กทม (นพ 01),"CONN.,PG,DOUBLE BOLT,AL 25-95 SQ.MM.",4,,2026-04-21
1511,21 เม.ย. 2569,20:07,20:53,45,กฟส.นาหว้า (XS),36-016506,174,อากาศปกติ,อุปกรณ์-ชำรุด,ศจฟ,20:07,20:08,20:56,48,1. กิตติศักดิ์ คำชนะ,รถ : นาหว้า 02,"H.R.C. FUSE, BLADE CONTACT, 160 A",2,,2026-04-21
1512,21 เม.ย. 2569,20:27,20:56,29,กฟจ.นครพนม (L),NNA04F-03,280,อากาศปกติ,อุปกรณ์-ชำรุด,ศจฟ,20:27,20:20,20:58,38,1. ณัฏฐศรันย์ อันทระบุตร  | 2. ทศวรรษ มังคละคีรี,รถ : 3ฒภ 2576 กทม (นพ 01),FUSE LINK 22 KV. 30 A.EEI-NEMA TYPE K,3,,2026-04-21
1513,21 เม.ย. 2569,22:28,23:35,67,กฟจ.นครพนม (L),40-001328,373,อากาศปกติ,อุปกรณ์-ชำรุด,ศจฟ,22:28,21:50,22:50,60,1. ณัฏฐศรันย์ อันทระบุตร  | 2. ทศวรรษ มังคละคีรี  | 3. พิพัฒน์ นะระทะ  | 4. สันติ อินทิสาร,รถ : 81-1269 นพ (นพ 03),"H.R.C. FUSE, BLADE CONTACT, 160 A",2,,2026-04-21
1514,21 เม.ย. 2569,22:29,23:38,69,กฟจ.นครพนม (L),NNB02VF-011,584,อากาศปกติ,อุปกรณ์-ชำรุด,ศจฟ,22:29,00:30,01:07,1477,1. ณัฏฐศรันย์ อันทระบุตร  | 2. ทศวรรษ มังคละคีรี  | 3. พิพัฒน์ นะระทะ  | 4. สันติ อินทิสาร,รถ : 81-1269 นพ (นพ 03),"CABLE,AL,750 V,95 SQ.MM. TIS.293",5,,2026-04-21
1515,21 เม.ย. 2569,23:24,23:28,4,กฟส.ท่าอุเทน (XS),NNA01VF-230,450,อากาศปกติ,อุปกรณ์-ชำรุด,ศจฟ,23:24,23:25,23:31,6,1. อนุสรณ์ ทองประสม,รถ : รถแก้ไฟท่าอุเทน,FUSE LINK 22 KV. 30 A.EEI-NEMA TYPE K,2,,2026-04-21
1516,21 เม.ย. 2569,23:39,00:01,22,กฟส.ท่าอุเทน (XS),6100801295,1,อากาศปกติ,อุปกรณ์-ชำรุด,ศจฟ,23:39,23:40,00:37,57,1. อนุสรณ์ ทองประสม,รถ : รถแก้ไฟท่าอุเทน,,,,2026-04-21
1517,22 เม.ย. 2569,07:03,07:42,38,กฟส.โพนสวรรค์ (XS),SSK07F-0130,4,อากาศปกติ,อุปกรณ์-ชำรุด,ศจฟ,07:03,07:05,07:59,54,1. เพชราวุธ โพชราช,รถ : โพนสวรรค์-02,FUSE LINK 22 KV. 15 A.EEI-NEMA TYPE K,1,,2026-04-22
1518,22 เม.ย. 2569,08:38,10:39,121,กฟส.ท่าอุเทน (XS),39-005874,119,อากาศชื้น / หมอก,อุปกรณ์-ชำรุด,ศจฟ,08:38,08:39,10:42,123,1. อนุสรณ์ ทองประสม,รถ : รถแก้ไฟท่าอุเทน,H.R.C. FUSE 250 A.DIN OR BS,1,,2026-04-22
1519,22 เม.ย. 2569,09:14,10:14,60,กฟจ.นครพนม (L),NNA07F-40,397,อากาศปกติ,สัตว์-กระรอก/กระแต/หนู,ศจฟ,09:14,09:15,10:16,61,1. จันทะคาด บัวเคน  | 2. ถวิล เมษาคุณ  | 3. หฤษฎ์ ถูระวัน,รถ : 3ฒภ 2576 กทม (นพ 01),FUSE LINK 22 KV. 25 A.EEI-NEMA TYPE K,3,,2026-04-22
1520,22 เม.ย. 2569,10:18,10:53,35,กฟจ.นครพนม (L),NNB01VF-033,307,อากาศปกติ,สัตว์-กระรอก/กระแต/หนู,ศจฟ,10:18,10:20,10:57,37,1. จันทะคาด บัวเคน  | 2. ถวิล เมษาคุณ  | 3. หฤษฎ์ ถูระวัน,รถ : 3ฒภ 2576 กทม (นพ 01),FUSE LINK 22 KV. 25 A.EEI-NEMA TYPE K,2,,2026-04-22
1521,22 เม.ย. 2569,10:30,15:20,290,กฟส.เรณูนคร (XS),,0,ฝนตก ลมแรง,ภัยธรรมชาติ-พายุฤดูร้อน/พายุดีเปรสชั่น,ศจฟ,10:29,11:19,15:20,241,1. ณวุฒิ กลางประพันธ์,รถ : 80-7964 นพ รณ.01,"DROPOUT,FUSE,22 KV.100 A.12 KA",1,,2026-04-22
1522,22 เม.ย. 2569,10:59,11:41,42,กฟส.ท่าอุเทน (XS),37-012112,171,อากาศชื้น / หมอก,ภัยธรรมชาติ-พายุฤดูร้อน/พายุดีเปรสชั่น,ศจฟ,10:59,11:01,11:44,43,1. อนุสรณ์ ทองประสม,รถ : รถแก้ไฟท่าอุเทน,H.R.C. FUSE 250 A.DIN OR BS,1,,2026-04-22
1523,22 เม.ย. 2569,12:00,12:15,15,กฟส.เรณูนคร (XS),31-000531,40,ฝนตก ลมแรง,ภัยธรรมชาติ-พายุฤดูร้อน/พายุดีเปรสชั่น,ศจฟ,12:00,12:01,12:41,40,1. ณวุฒิ กลางประพันธ์,รถ : 80-7964 นพ รณ.01,"FSD, FULL INSULATED, 1X400A, 400V",1,,2026-04-22
1524,22 เม.ย. 2569,13:20,15:18,118,กฟจ.นครพนม (L),NNB01VB-01,17949,ฝนตก ฟ้าคะนอง,ภัยธรรมชาติ-พายุฤดูร้อน/พายุดีเปรสชั่น,ศจฟ,13:20,13:32,15:33,121,1. จันทะคาด บัวเคน  | 2. ถวิล เมษาคุณ  | 3. หฤษฎ์ ถูระวัน,รถ : 3ฒภ 2576 กทม (นพ 01),"INSULATOR,LINE-POST, 22 KV.,57-2L,P/A",1,,2026-04-22
1525,22 เม.ย. 2569,13:55,14:23,27,กฟจ.นครพนม (L),NNA06F-07/1,1,ฝนตก ฟ้าคะนอง,ภัยธรรมชาติ-พายุฤดูร้อน/พายุดีเปรสชั่น,ศจฟ,13:55,13:56,14:26,31,1. จันทะคาด บัวเคน  | 2. ถวิล เมษาคุณ  | 3. หฤษฎ์ ถูระวัน,รถ : 3ฒภ 2576 กทม (นพ 01),FUSE LINK 22 KV. 25 A.EEI-NEMA TYPE K,2,,2026-04-22
1526,22 เม.ย. 2569,14:27,14:30,3,กฟส.ธาตุพนม (S),THA02VF-032,103,ฝนตก ลมแรง,ภัยธรรมชาติ-พายุฤดูร้อน/พายุดีเปรสชั่น,ศจฟ,14:27,13:27,15:05,98,1. ณวุฒิ กลางประพันธ์  | 2. นรากร แสนโสม,รถ : 80-7964 นพ รณ.01,"CABLE,AERIAL,AL 22 KV. 1X50 SQ.MM.",10,,2026-04-22
1527,22 เม.ย. 2569,14:28,13:15,0,กฟส.เรณูนคร (XS),36-001761,75,ฝนตก ลมแรง,ภัยธรรมชาติ-พายุฤดูร้อน/พายุดีเปรสชั่น,ศจฟ,14:28,12:32,13:15,43,1. ณวุฒิ กลางประพันธ์,รถ : รน-0001,"FSD, FULL INSULATED, 1X400A, 400V",1,,2026-04-22
1528,22 เม.ย. 2569,15:00,15:05,5,กฟส.นาหว้า (XS),63-034767,22,ฝนตก ลมแรง,ภัยธรรมชาติ-พายุฤดูร้อน/พายุดีเปรสชั่น,ศจฟ,15:00,15:00,15:08,8,1. อัมรินทร์ วะราวัง,รถ : นาหว้า 02,"CABLE,AL,750 V,50 SQ.MM. TIS.293",6,,2026-04-22
1529,22 เม.ย. 2569,15:45,16:03,18,กฟจ.นครพนม (L),NNA04F-08,261,ฝนตก ลมแรง,ภัยธรรมชาติ-พายุฤดูร้อน/พายุดีเปรสชั่น,ศจฟ,15:45,15:47,16:05,18,1. จันทะคาด บัวเคน  | 2. ถวิล เมษาคุณ  | 3. หฤษฎ์ ถูระวัน,รถ : 3ฒภ 2576 กทม (นพ 01),FUSE LINK 22 KV. 15 A.EEI-NEMA TYPE K,3,,2026-04-22
1530,22 เม.ย. 2569,15:52,15:55,3,กฟส.ธาตุพนม (S),THA02VF-032,103,ฝนตก,ต้นไม้-กิ่งไม้หักพาดสาย,ศจฟ,15:52,13:52,15:57,125,1. ณวุฒิ กลางประพันธ์  | 2. นรากร แสนโสม,รถ : กระเช้าธาตุพนม,FUSE LINK 22 KV. 3 A.EEI-NEMA TYPE K,2,,2026-04-22
1531,22 เม.ย. 2569,16:06,16:33,27,กฟจ.นครพนม (L),NNA04F-20,906,ฝนตก ฟ้าคะนอง,ภัยธรรมชาติ-พายุฤดูร้อน/พายุดีเปรสชั่น,ศจฟ,16:06,16:07,16:35,28,1. จันทะคาด บัวเคน  | 2. ถวิล เมษาคุณ  | 3. หฤษฎ์ ถูระวัน,รถ : 3ฒภ 2576 กทม (นพ 01),FUSE LINK 22 KV. 20 A.EEI-NEMA TYPE K,3,,2026-04-22
1532,22 เม.ย. 2569,16:30,18:34,124,กฟจ.นครพนม (L),49-007461,89,อากาศปกติ,อุปกรณ์-ชำรุด,ศจฟ,16:30,17:01,19:01,120,1. จันทะคาด บัวเคน  | 2. ถวิล เมษาคุณ  | 3. ธนัช บัวศรี  | 4. ธราดล โทพล  | 5. นลธวัช ศรีหาเศษ  | 6. พงศ์อิสรา ภักดี  | 7. พงษ์สนิจ ศรีวิชัย  | 8. พิพัฒน์ นะระทะ  | 9. วสันต์ชัย ดวงสูงเนิน  | 10. หฤษฎ์ ถูระวัน  | 11. อนุสรณ์ พนมศักดิ์,รถ : รถกระเช้า (04),"CONN.,PG,DOUBLE BOLT,AL 25-95 SQ.MM.",3,,2026-04-22
1533,22 เม.ย. 2569,17:50,18:32,42,กฟจ.นครพนม (L),59-024414,53,ฝนตก ลมแรง,สัตว์-กระรอก/กระแต/หนู,ศจฟ,17:50,18:24,18:34,10,1. ธราดล โทพล  | 2. นลธวัช ศรีหาเศษ  | 3. พงศ์อิสรา ภักดี  | 4. พงษ์สนิจ ศรีวิชัย  | 5. อนุสรณ์ พนมศักดิ์,รถ : 3ฒภ 2576 กทม (นพ 01),"H.R.C. FUSE, BLADE CONTACT, 100 A",1,,2026-04-22
1534,22 เม.ย. 2569,18:30,22:21,231,กฟจ.นครพนม (L),NNB01VF-023,1243,ฝนตก ลมแรง,สัตว์-กระรอก/กระแต/หนู,ศจฟ,18:30,19:18,22:28,190,1. ชัยยา มาตขาว  | 2. ธราดล โทพล  | 3. นลธวัช ศรีหาเศษ  | 4. พงศ์อิสรา ภักดี  | 5. พงษ์สนิจ ศรีวิชัย  | 6. พิพัฒน์ นะระทะ  | 7. ภานุวัฒน์ สิงห์ทองไชย  | 8. วสันต์ชัย ดวงสูงเนิน  | 9. อนุสรณ์ พนมศักดิ์,รถ : 81-1269 นพ (นพ 03),FUSE LINK 22 KV. 15 A.EEI-NEMA TYPE K,2,,2026-04-22
1535,22 เม.ย. 2569,19:15,20:00,45,กฟส.ธาตุพนม (S),63-024203,25,อากาศปกติ,สัตว์-กระรอก/กระแต/หนู,ศจฟ,19:15,19:29,20:04,35,1. นรากร แสนโสม  | 2. พงศวัชร์ ธัญภัทร์อนันต์,รถ : กระเช้าธาตุพนม,"CABLE,AL,750 V,50 SQ.MM. TIS.293",3,,2026-04-22
1536,22 เม.ย. 2569,19:15,22:20,185,กฟจ.นครพนม (L),NNA02VF-020,63,อากาศปกติ,สัตว์-กระรอก/กระแต/หนู,ศจฟ,19:15,19:56,22:28,152,1. ชัยยา มาตขาว  | 2. ธราดล โทพล  | 3. นลธวัช ศรีหาเศษ  | 4. พงศ์อิสรา ภักดี  | 5. พงษ์สนิจ ศรีวิชัย  | 6. พิพัฒน์ นะระทะ  | 7. ภานุวัฒน์ สิงห์ทองไชย  | 8. วสันต์ชัย ดวงสูงเนิน  | 9. อนุสรณ์ พนมศักดิ์,รถ : 81-1269 นพ (นพ 03),FUSE LINK 22 KV. 10 A.EEI-NEMA TYPE K,2,,2026-04-22
1537,22 เม.ย. 2569,19:50,22:18,148,กฟจ.นครพนม (L),NNA02VF-005,1,อากาศปกติ,สัตว์-กระรอก/กระแต/หนู,ศจฟ,19:50,20:35,22:27,112,1. ชัยยา มาตขาว  | 2. ธราดล โทพล  | 3. นลธวัช ศรีหาเศษ  | 4. พงศ์อิสรา ภักดี  | 5. พงษ์สนิจ ศรีวิชัย  | 6. พิพัฒน์ นะระทะ  | 7. ภานุวัฒน์ สิงห์ทองไชย  | 8. วสันต์ชัย ดวงสูงเนิน  | 9. อนุสรณ์ พนมศักดิ์,รถ : 81-1269 นพ (นพ 03),FUSE LINK 22 KV. 15 A.EEI-NEMA TYPE K,2,,2026-04-22
1538,22 เม.ย. 2569,20:00,22:18,138,กฟจ.นครพนม (L),NNB02VF-002,81,ฝนตก ลมแรง,ต้นไม้-กิ่งไม้หักพาดสาย,ศจฟ,20:00,20:37,22:21,104,1. ชัยยา มาตขาว  | 2. ธราดล โทพล  | 3. นลธวัช ศรีหาเศษ  | 4. พงศ์อิสรา ภักดี  | 5. พงษ์สนิจ ศรีวิชัย  | 6. พิพัฒน์ นะระทะ  | 7. ภานุวัฒน์ สิงห์ทองไชย  | 8. วสันต์ชัย ดวงสูงเนิน  | 9. อนุสรณ์ พนมศักดิ์,รถ : 3ฒภ 2576 กทม (นพ 01),FUSE LINK 22 KV. 20 A.EEI-NEMA TYPE K,1,,2026-04-22
1539,22 เม.ย. 2569,20:00,22:28,148,กฟจ.นครพนม (L),58-017414,12,ฝนตก ลมแรง,ต้นไม้-ต้นไม้ล้มทับสาย,ศจฟ,20:00,20:41,22:31,110,1. ชัยยา มาตขาว  | 2. ธราดล โทพล  | 3. นลธวัช ศรีหาเศษ  | 4. พงศ์อิสรา ภักดี  | 5. พงษ์สนิจ ศรีวิชัย  | 6. พิพัฒน์ นะระทะ  | 7. ภานุวัฒน์ สิงห์ทองไชย  | 8. วสันต์ชัย ดวงสูงเนิน  | 9. อนุสรณ์ พนมศักดิ์,รถ : 3ฒภ 2576 กทม (นพ 01),"CABLE,AL,750 V,95 SQ.MM. TIS.293",5,,2026-04-22
1540,22 เม.ย. 2569,20:15,22:42,147,กฟจ.นครพนม (L),36-007248,88,ฝนตก ลมแรง,ต้นไม้-ต้นไม้ล้มทับสาย,ศจฟ,20:15,20:56,22:46,110,1. ชัยยา มาตขาว  | 2. ธราดล โทพล  | 3. นลธวัช ศรีหาเศษ  | 4. พงศ์อิสรา ภักดี  | 5. พงษ์สนิจ ศรีวิชัย  | 6. พิพัฒน์ นะระทะ  | 7. ภานุวัฒน์ สิงห์ทองไชย  | 8. วสันต์ชัย ดวงสูงเนิน  | 9. อนุสรณ์ พนมศักดิ์,รถ : 3ฒภ 2576 กทม (นพ 01),"H.R.C. FUSE, BLADE CONTACT, 80 A",1,,2026-04-22
1541,22 เม.ย. 2569,20:20,21:30,70,กฟจ.นครพนม (L),NNA05F-01/1,225,ฝนตก ลมแรง,ต้นไม้-ต้นไม้ล้มทับสาย,ศจฟ,20:20,21:30,21:35,1445,1. ชัยยา มาตขาว  | 2. ธราดล โทพล  | 3. นลธวัช ศรีหาเศษ  | 4. พงศ์อิสรา ภักดี  | 5. พงษ์สนิจ ศรีวิชัย  | 6. พิพัฒน์ นะระทะ  | 7. ภานุวัฒน์ สิงห์ทองไชย  | 8. วสันต์ชัย ดวงสูงเนิน  | 9. อนุสรณ์ พนมศักดิ์,รถ : 80-8285 (นพ 02),FUSE LINK 22 KV. 10 A.EEI-NEMA TYPE K,3,,2026-04-22
1542,22 เม.ย. 2569,21:00,22:00,60,กฟจ.นครพนม (L),NNA08VF-043,30,ฝนตก ลมแรง,ต้นไม้-ต้นไม้ล้มทับสาย,ศจฟ,21:00,21:34,22:10,36,1. ชัยยา มาตขาว  | 2. ธราดล โทพล  | 3. นลธวัช ศรีหาเศษ  | 4. พงศ์อิสรา ภักดี  | 5. พงษ์สนิจ ศรีวิชัย  | 6. พิพัฒน์ นะระทะ  | 7. ภานุวัฒน์ สิงห์ทองไชย  | 8. วสันต์ชัย ดวงสูงเนิน  | 9. อนุสรณ์ พนมศักดิ์,รถ : 80-8285 (นพ 02),FUSE LINK 22 KV. 8 A.EEI-NEMA TYPE K,2,,2026-04-22
1543,22 เม.ย. 2569,21:20,22:59,99,กฟจ.นครพนม (L),36-008631,298,อากาศปกติ,อุปกรณ์-ชำรุด,ศจฟ,21:20,22:03,23:10,67,1. ชัยยา มาตขาว  | 2. ธราดล โทพล  | 3. นลธวัช ศรีหาเศษ  | 4. พงศ์อิสรา ภักดี  | 5. พงษ์สนิจ ศรีวิชัย  | 6. พิพัฒน์ นะระทะ  | 7. ภานุวัฒน์ สิงห์ทองไชย  | 8. วสันต์ชัย ดวงสูงเนิน  | 9. อนุสรณ์ พนมศักดิ์,รถ : 3ฒภ 2576 กทม (นพ 01),"CABLE,AL,750 V,95 SQ.MM. TIS.293",5,,2026-04-22
1544,22 เม.ย. 2569,21:45,22:45,60,กฟส.โพนสวรรค์ (XS),56-010571,83,อากาศปกติ,อุปกรณ์-ชำรุด,ศจฟ,21:45,21:50,23:06,76,1. วรัญญู สังรวมใจ,รถ : โพนสวรรค์-03,"H.R.C. FUSE, BLADE CONTACT, 80 A",2,,2026-04-22
1545,22 เม.ย. 2569,22:50,23:00,10,กฟจ.นครพนม (L),58-007679,117,อากาศปกติ,อุปกรณ์-ชำรุด,ศจฟ,22:50,23:00,23:40,40,1. ชัยยา มาตขาว  | 2. ธราดล โทพล  | 3. นลธวัช ศรีหาเศษ  | 4. พงศ์อิสรา ภักดี  | 5. พงษ์สนิจ ศรีวิชัย  | 6. พิพัฒน์ นะระทะ  | 7. ภานุวัฒน์ สิงห์ทองไชย  | 8. วสันต์ชัย ดวงสูงเนิน  | 9. อนุสรณ์ พนมศักดิ์,รถ : 80-8285 (นพ 02),"CABLE,AL,750 V,95 SQ.MM. TIS.293",5,,2026-04-22
1546,22 เม.ย. 2569,23:25,23:49,24,กฟส.นาแก (S),THA04VF-211-2,31,อากาศปกติ,สัตว์-งู,ศจฟ,23:25,23:37,23:57,20,1. พิษณุ คำคนซื่อ,รถ : นก-03,FUSE HOLDER 22 KV. 100 A. 12 KA.,1,,2026-04-22
1547,22 เม.ย. 2569,23:40,00:40,60,กฟส.บ้านแพง (S),SSK08F-58,188,ลมแรง,ต้นไม้-ลมพัดต้นไม้มาแตะสาย,ศจฟ,23:40,23:48,00:46,58,1. สุริยา ทะวงศ์ษา,รถ : กระเช้าบ้านแพง,FUSE LINK 22 KV. 30 A.EEI-NEMA TYPE K,2,,2026-04-22
1548,23 เม.ย. 2569,,20:30,0,กฟจ.นครพนม (L),NNA04F-10/1,1,ฝนตก ฟ้าคะนอง,ต้นไม้-กิ่งไม้หักพาดสาย,ศจฟ,23:00,19:30,21:29,119,1. ถวิล เมษาคุณ  | 2. พิพัฒน์ พิมพ์ศรี  | 3. สันติ อินทิสาร,รถ : 81-1269 นพ (นพ 03),FUSE LINK 22 KV. 10 A.EEI-NEMA TYPE K,1,,2026-04-23
1549,23 เม.ย. 2569,07:00,08:06,66,กฟส.โพนสวรรค์ (XS),SSK07F-01,383,อากาศชื้น / หมอก,ต้นไม้-กิ่งไม้หักพาดสาย,ศจฟ,07:00,06:00,08:30,150,1. วรัญญู สังรวมใจ  | 2. เพชราวุธ โพชราช,รถ : โพนสวรรค์-03,FUSE LINK 22 KV. 25 A.EEI-NEMA TYPE K,2,,2026-04-23
1550,23 เม.ย. 2569,07:00,08:22,82,กฟจ.นครพนม (L),45-008752,82,อากาศปกติ,สัตว์-งู,ศจฟ,07:00,08:03,08:24,21,1. ชัยยา มาตขาว  | 2. ณัฏฐศรันย์ อันทระบุตร  | 3. ธราดล โทพล  | 4. นลธวัช ศรีหาเศษ  | 5. พงศ์อิสรา ภักดี  | 6. พงษ์สนิจ ศรีวิชัย  | 7. พิพัฒน์ นะระทะ  | 8. ภานุวัฒน์ สิงห์ทองไชย  | 9. อนุสรณ์ พนมศักดิ์,รถ : 81-1269 นพ (นพ 03),FUSE LINK 22 KV. 10 A.EEI-NEMA TYPE K,1,,2026-04-23
1551,23 เม.ย. 2569,07:20,08:12,51,กฟจ.นครพนม (L),NNA02VF-008,312,อากาศปกติ,สัตว์-กระรอก/กระแต/หนู,ศจฟ,07:20,08:03,08:14,11,1. ชัยยา มาตขาว  | 2. ณัฏฐศรันย์ อันทระบุตร  | 3. ธราดล โทพล  | 4. นลธวัช ศรีหาเศษ  | 5. พงศ์อิสรา ภักดี  | 6. พงษ์สนิจ ศรีวิชัย  | 7. พิพัฒน์ นะระทะ  | 8. ภานุวัฒน์ สิงห์ทองไชย  | 9. อนุสรณ์ พนมศักดิ์,รถ : 81-1269 นพ (นพ 03),FUSE LINK 22 KV. 25 A.EEI-NEMA TYPE K,1,,2026-04-23
1552,23 เม.ย. 2569,09:26,09:45,18,กฟส.ท่าอุเทน (XS),67-021467,400,อากาศปกติ,สัตว์-กระรอก/กระแต/หนู,ศจฟ,09:26,09:28,09:47,19,1. วีระพงษ์ วงตรี  | 2. อภิรักษ์ สาตะรักษ์,รถ : -,H.R.C. FUSE 250 A.DIN OR BS,4,,2026-04-23
1553,23 เม.ย. 2569,09:55,09:58,3,กฟส.ท่าอุเทน (XS),NNA01VF-230,301,ฝนตก ลมแรง,ต้นไม้-กิ่งไม้หักพาดสาย,ศจฟ,09:55,08:40,10:00,80,1. วีระพงษ์ วงตรี  | 2. อภิรักษ์ สาตะรักษ์,รถ : -,FUSE LINK 22 KV. 15 A.EEI-NEMA TYPE K,3,,2026-04-23
1554,23 เม.ย. 2569,09:59,10:25,26,กฟส.ธาตุพนม (S),THA06VF-011,564,ฝนตก ลมแรง,ต้นไม้-กิ่งไม้หักพาดสาย,ศจฟ,09:59,10:00,10:34,34,1. นรากร แสนโสม,รถ : กระเช้าธาตุพนม,FUSE LINK 22 KV. 20 A.EEI-NEMA TYPE K,2,,2026-04-23
1555,23 เม.ย. 2569,10:02,08:30,0,กฟส.นาหว้า (XS),SSK06F-18/4,57,อากาศปกติ,ต้นไม้-กิ่งไม้หักพาดสาย,ศจฟ,10:02,08:00,08:30,30,1. ศิลารักษ์ วิภา,รถ : นาหว้า 02,FUSE LINK 22 KV. 8 A.EEI-NEMA TYPE K,2,,2026-04-23
1556,23 เม.ย. 2569,10:04,11:24,79,กฟส.นาแก (S),THA04VF-211-2,31,ฝนตก ลมแรง,ต้นไม้-กิ่งไม้หักพาดสาย,ศจฟ,10:04,10:06,11:29,83,1. วรพันธุ์ ตันสมรส  | 2. อนาวิน อาจหาญ,รถ : นก-02,"CABLE,AERIAL,AL 22 KV. 1X185 SQ.MM.",3,,2026-04-23
1557,23 เม.ย. 2569,10:06,11:21,75,กฟส.นาแก (S),65-007827,38,ฝนตก ลมแรง,ต้นไม้-กิ่งไม้หักพาดสาย,ศจฟ,10:06,10:07,11:23,76,1. วรพันธุ์ ตันสมรส  | 2. อนาวิน อาจหาญ,รถ : นก-02,"CONN.,PG,DOUBLE BOLT,AL 25-95 SQ.MM.",2,,2026-04-23
1558,23 เม.ย. 2569,10:07,11:17,70,กฟส.นาแก (S),THA04VF-221-1,1,ฝนตก ลมแรง,ต้นไม้-กิ่งไม้หักพาดสาย,ศจฟ,10:07,10:08,11:19,71,1. วรพันธุ์ ตันสมรส  | 2. อนาวิน อาจหาญ,รถ : นก-02,"CABLE,AERIAL,AL 22 KV. 1X185 SQ.MM.",3,,2026-04-23
1559,23 เม.ย. 2569,10:08,11:11,63,กฟส.นาแก (S),43-003423,35,ฝนตก ลมแรง,ต้นไม้-กิ่งไม้หักพาดสาย,ศจฟ,10:08,10:09,11:13,64,1. วรพันธุ์ ตันสมรส  | 2. อนาวิน อาจหาญ,รถ : นก-02,"CONN.,PG,DOUBLE BOLT,AL 25-95 SQ.MM.",2,,2026-04-23
1560,23 เม.ย. 2569,10:08,11:14,66,กฟส.นาแก (S),32-001544,8,ฝนตก ลมแรง,ต้นไม้-กิ่งไม้หักพาดสาย,ศจฟ,10:08,10:08,11:16,68,1. วรพันธุ์ ตันสมรส  | 2. อนาวิน อาจหาญ,รถ : นก-02,"CABLE,AERIAL,AL 22 KV. 1X185 SQ.MM.",3,,2026-04-23
1561,23 เม.ย. 2569,10:10,11:05,54,กฟส.นาแก (S),SOA08VF-513,246,ลมแรง,ต้นไม้-กิ่งไม้หักพาดสาย,ศจฟ,10:10,10:11,11:07,56,1. วรพันธุ์ ตันสมรส  | 2. อนาวิน อาจหาญ,รถ : นก-02,"COND.,ACSR 50/8 SQ.MM.TIS.86",5,,2026-04-23
1562,23 เม.ย. 2569,10:24,10:33,9,กฟส.ท่าอุเทน (XS),22-005685,318,ลมแรง,ต้นไม้-กิ่งไม้หักพาดสาย,ศจฟ,10:24,09:26,10:35,69,1. วีระพงษ์ วงตรี  | 2. อภิรักษ์ สาตะรักษ์,รถ : รถแก้ไฟท่าอุเทน,H.R.C. FUSE 250 A.DIN OR BS,2,,2026-04-23
1563,23 เม.ย. 2569,10:52,12:01,69,กฟส.ธาตุพนม (S),29-011508,309,อากาศปกติ,ต้นไม้-กิ่งไม้หักพาดสาย,ศจฟ,10:52,10:56,12:05,69,1. นรากร แสนโสม  | 2. สันติ จันทโคตร,รถ : กระเช้าธาตุพนม,FUSE LINK 22 KV. 8 A.EEI-NEMA TYPE K,2,,2026-04-23
1564,23 เม.ย. 2569,11:29,12:26,56,กฟจ.นครพนม (L),NNB01VF-025,11,อากาศปกติ,ต้นไม้-กิ่งไม้หักพาดสาย,ศจฟ,11:29,11:29,12:28,59,1. ประจล ศรีสุราช  | 2. ปรีชา เพ็งคำ  | 3. เกริกฤทธิ์ จันทรโพธิ์ศรี,รถ : 3ฒภ 2576 กทม (นพ 01),FUSE LINK 22 KV. 3 A.EEI-NEMA TYPE K,2,,2026-04-23
1565,23 เม.ย. 2569,13:09,15:41,152,กฟจ.นครพนม (L),59-024414,53,อากาศปกติ,ต้นไม้-กิ่งไม้หักพาดสาย,ศจฟ,13:09,13:42,15:43,121,1. ประจล ศรีสุราช  | 2. ปรีชา เพ็งคำ  | 3. เกริกฤทธิ์ จันทรโพธิ์ศรี,รถ : 3ฒภ 2576 กทม (นพ 01),"H.R.C. FUSE, BLADE CONTACT, 100 A",2,,2026-04-23
1566,23 เม.ย. 2569,14:20,15:12,51,กฟส.ศรีสงคราม (XS),SSK08VF-003,228,อากาศปกติ,ต้นไม้-กิ่งไม้หักพาดสาย,ศจฟ,14:20,14:20,15:00,40,1. วุฒิชัย เหมเมือง,รถ : ศรีสงคราม 01,FUSE LINK 22 KV. 15 A.EEI-NEMA TYPE K,2,,2026-04-23
1567,23 เม.ย. 2569,14:41,15:37,56,กฟจ.นครพนม (L),NNA04F-77-3,713,อากาศปกติ,ต้นไม้-กิ่งไม้หักพาดสาย,ศจฟ,14:41,14:45,15:39,54,1. ประจล ศรีสุราช  | 2. ปรีชา เพ็งคำ  | 3. เกริกฤทธิ์ จันทรโพธิ์ศรี,รถ : 3ฒภ 2576 กทม (นพ 01),FUSE LINK 22 KV. 15 A.EEI-NEMA TYPE K,2,,2026-04-23
1568,23 เม.ย. 2569,15:21,15:43,22,กฟส.ศรีสงคราม (XS),SSK02VF-016,30,อากาศปกติ,ต้นไม้-กิ่งไม้หักพาดสาย,ศจฟ,15:21,15:21,15:45,24,1. วุฒิชัย เหมเมือง,รถ : ศรีสงคราม 01,FUSE LINK 22 KV. 10 A.EEI-NEMA TYPE K,1,,2026-04-23
1569,23 เม.ย. 2569,15:35,17:41,126,กฟจ.นครพนม (L),,6784,ฝนตก ฟ้าคะนอง,ต้นไม้-กิ่งไม้หักพาดสาย,ศจฟ,15:35,15:46,17:53,127,1. ประจล ศรีสุราช  | 2. ปรีชา เพ็งคำ  | 3. พงษ์สนิจ ศรีวิชัย  | 4. เกริกฤทธิ์ จันทรโพธิ์ศรี,รถ : รถกระเช้า (04),"CABLE,AERIAL,AL 22 KV. 1X185 SQ.MM.",9,,2026-04-23
1570,23 เม.ย. 2569,16:01,16:42,40,กฟส.ศรีสงคราม (XS),SSK01VF-018,2,ฝนตก ฟ้าคะนอง,ภัยธรรมชาติ-พายุฤดูร้อน/พายุดีเปรสชั่น,ศจฟ,16:01,16:03,16:58,55,1. ปัญจพงษ์ เศรษฐาไชย,รถ : ศรีสงคราม 02,FUSE LINK 22 KV. 8 A.EEI-NEMA TYPE K,2,,2026-04-23
1571,23 เม.ย. 2569,16:28,17:19,51,กฟส.ศรีสงคราม (XS),SSK02VF-020,730,ฝนตก ฟ้าคะนอง,ภัยธรรมชาติ-พายุฤดูร้อน/พายุดีเปรสชั่น,ศจฟ,16:28,16:29,17:45,76,1. ปัญจพงษ์ เศรษฐาไชย  | 2. วุฒิชัย เหมเมือง,รถ : ศรีสงคราม 01,FUSE LINK 22 KV. 20 A.EEI-NEMA TYPE K,1,,2026-04-23
1572,23 เม.ย. 2569,17:15,18:00,45,กฟส.บ้านแพง (S),SSK08F-65-1,521,ฝนตก ลมแรง,สภาพสิ่งแวดล้อม-ฟ้าผ่า,ศจฟ,17:15,17:20,18:00,40,1. ทศพร เจริญสว่าง,รถ : กระเช้าบ้านแพง,FUSE LINK 22 KV. 20 A.EEI-NEMA TYPE K,1,,2026-04-23
1573,23 เม.ย. 2569,17:50,18:21,31,กฟส.ปลาปาก (XS),NNA07F-48/9,421,ฝนตก ลมแรง,สภาพสิ่งแวดล้อม-ฟ้าผ่า,ศจฟ,17:50,17:55,18:37,42,1. สุธรรม จันทะผา,รถ : รถแก้ไฟปลาปาก 01,FUSE LINK 22 KV. 25 A.EEI-NEMA TYPE K,3,,2026-04-23
1574,23 เม.ย. 2569,18:20,19:06,45,กฟส.ศรีสงคราม (XS),SSK01VF-030,29,ฝนตก ลมแรง,ภัยธรรมชาติ-พายุฤดูร้อน/พายุดีเปรสชั่น,ศจฟ,18:20,18:27,19:30,63,1. ปัญจพงษ์ เศรษฐาไชย,รถ : ศรีสงคราม 02,FUSE LINK 22 KV. 15 A.EEI-NEMA TYPE K,3,,2026-04-23
1575,23 เม.ย. 2569,18:20,20:08,108,กฟจ.นครพนม (L),NNB02VF-003,12,ฝนตก ลมแรง,ภัยธรรมชาติ-พายุฤดูร้อน/พายุดีเปรสชั่น,ศจฟ,18:20,18:56,19:40,44,1. ถวิล เมษาคุณ  | 2. สันติ อินทิสาร,รถ : 3ฒภ 2576 กทม (นพ 01),FUSE LINK 22 KV. 20 A.EEI-NEMA TYPE K,2,,2026-04-23
1576,23 เม.ย. 2569,18:50,19:21,31,กฟส.ปลาปาก (XS),NNA07F-37,382,ฝนตก ลมแรง,ภัยธรรมชาติ-พายุฤดูร้อน/พายุดีเปรสชั่น,ศจฟ,18:50,18:53,19:24,31,1. สุธรรม จันทะผา,รถ : รถแก้ไฟปลาปาก 01,FUSE LINK 22 KV. 20 A.EEI-NEMA TYPE K,3,,2026-04-23
1577,23 เม.ย. 2569,18:51,20:01,70,กฟส.โพนสวรรค์ (XS),SSK07F-10,449,ลมแรง,ภัยธรรมชาติ-พายุฤดูร้อน/พายุดีเปรสชั่น,ศจฟ,18:50,18:54,20:32,98,1. ทรงกลด มาศศรี,รถ : โพนสวรรค์-03,FUSE LINK 22 KV. 30 A.EEI-NEMA TYPE K,2,,2026-04-23
1578,23 เม.ย. 2569,19:25,19:35,10,กฟส.ปลาปาก (XS),63-000054,26,ฝนตก ลมแรง,ต้นไม้-ลมพัดต้นไม้มาแตะสาย,ศจฟ,19:25,19:28,19:39,11,1. สุธรรม จันทะผา,รถ : รถแก้ไฟปลาปาก 01,"CABLE,AL,750 V,50 SQ.MM. TIS.293",4,,2026-04-23
1579,23 เม.ย. 2569,19:45,20:02,17,กฟส.ปลาปาก (XS),51-000910,113,ฝนตก ลมแรง,สัตว์-แมลง/แมง,ศจฟ,19:45,19:52,20:07,15,1. สุธรรม จันทะผา,รถ : รถแก้ไฟปลาปาก 01,FUSE HOLDER 22 KV. 100 A. 12 KA.,1,,2026-04-23
1580,23 เม.ย. 2569,19:46,20:47,61,กฟส.นาทม (XS),SEK03F-89,319,ฝนตก,สัตว์-แมลง/แมง,ศจฟ,19:45,19:56,20:51,55,1. อิทธิพันธ์ กาวรรณธง,รถ : นาทม 02,FUSE LINK 22 KV. 25 A.EEI-NEMA TYPE K,3,,2026-04-23
1581,23 เม.ย. 2569,19:50,20:53,63,กฟส.นาทม (XS),SEK03F-90,9,ฝนตก,สัตว์-แมลง/แมง,ศจฟ,19:50,19:57,20:55,58,1. อิทธิพันธ์ กาวรรณธง,รถ : นาทม 02,FUSE LINK 22 KV. 15 A.EEI-NEMA TYPE K,3,,2026-04-23
1582,23 เม.ย. 2569,20:25,20:56,31,กฟส.ปลาปาก (XS),41-007770,262,ฝนตก ลมแรง,ต้นไม้-ต้นไม้ล้มทับสาย,ศจฟ,20:25,20:42,21:06,24,1. สุธรรม จันทะผา,รถ : รถแก้ไฟปลาปาก 01,"CABLE,AL,750 V,50 SQ.MM. TIS.293",3,,2026-04-23
1583,23 เม.ย. 2569,23:00,00:30,0,กฟจ.นครพนม (L),60-004824,71,อากาศปกติ,ต้นไม้-ต้นไม้ล้มทับสาย,ศจฟ,23:00,22:00,00:30,150,1. ถวิล เมษาคุณ  | 2. พิพัฒน์ พิมพ์ศรี  | 3. สันติ อินทิสาร,รถ : 81-1269 นพ (นพ 03),"CONN.,PG,DOUBLE BOLT,AL 25-95 SQ.MM.",2,,2026-04-23
1584,24 เม.ย. 2569,01:35,04:45,190,กฟส.ท่าอุเทน (XS),,1070,ฝนตก ฟ้าคะนอง,ต้นไม้-กิ่งไม้หักพาดสาย,ศจฟ,01:35,01:52,05:47,235,1. อภิรักษ์ สาตะรักษ์,รถ : รถแก้ไฟท่าอุเทน,,,,2026-04-24
1585,24 เม.ย. 2569,01:51,01:34,0,กฟส.ท่าอุเทน (XS),SSK02VF-240,1070,ฝนตก ฟ้าคะนอง,ต้นไม้-กิ่งไม้หักพาดสาย,ศจฟ,01:51,00:03,01:35,92,1. อภิรักษ์ สาตะรักษ์,รถ : รถแก้ไฟท่าอุเทน,,,,2026-04-24
1586,24 เม.ย. 2569,01:59,03:16,76,กฟส.ศรีสงคราม (XS),SSK02VF-004,881,ฝนตก ฟ้าคะนอง,ภัยธรรมชาติ-พายุฤดูร้อน/พายุดีเปรสชั่น,ศจฟ,01:59,01:59,03:39,100,1. ปัญจพงษ์ เศรษฐาไชย,รถ : ศรีสงคราม 02,FUSE LINK 22 KV. 30 A.EEI-NEMA TYPE K,3,,2026-04-24
1587,24 เม.ย. 2569,03:09,03:20,11,กฟส.ธาตุพนม (S),37-018903,302,ฝนตก ฟ้าคะนอง,ภัยธรรมชาติ-พายุฤดูร้อน/พายุดีเปรสชั่น,ศจฟ,03:09,02:30,03:20,50,1. ธิติ เรณู  | 2. ธีรพิชญ์ มิ่งขวัญ  | 3. อติชาติ เมืองงาม,รถ : กระเช้าธาตุพนม,"CABLE,AL,750 V,50 SQ.MM. TIS.293",1,,2026-04-24
1588,24 เม.ย. 2569,03:40,04:46,66,กฟส.ศรีสงคราม (XS),SSK02VF-034,208,ฝนตก ฟ้าคะนอง,ภัยธรรมชาติ-พายุฤดูร้อน/พายุดีเปรสชั่น,ศจฟ,03:40,03:41,05:30,109,1. ปัญจพงษ์ เศรษฐาไชย,รถ : ศรีสงคราม 02,FUSE LINK 22 KV. 25 A.EEI-NEMA TYPE K,3,,2026-04-24
1589,24 เม.ย. 2569,03:49,04:55,66,กฟส.โพนสวรรค์ (XS),NNA01F-44,115,อากาศปกติ,ภัยธรรมชาติ-พายุฤดูร้อน/พายุดีเปรสชั่น,ศจฟ,03:49,03:53,05:27,94,1. ทรงกลด มาศศรี,รถ : โพนสวรรค์-03,FUSE LINK 22 KV. 30 A.EEI-NEMA TYPE K,2,,2026-04-24
1590,24 เม.ย. 2569,05:55,07:00,64,กฟส.โพนสวรรค์ (XS),63-034830,162,ฝนตก ลมแรง,ภัยธรรมชาติ-พายุฤดูร้อน/พายุดีเปรสชั่น,ศจฟ,05:55,05:56,07:22,86,1. ทรงกลด มาศศรี,รถ : โพนสวรรค์-03,"CABLE,AL,750 V,50 SQ.MM. TIS.293",10,,2026-04-24
1591,24 เม.ย. 2569,06:01,06:08,7,กฟส.ท่าอุเทน (XS),NNA01VF-230,467,ฝนตก ลมแรง,ภัยธรรมชาติ-พายุฤดูร้อน/พายุดีเปรสชั่น,ศจฟ,06:01,04:31,06:13,102,1. อภิรักษ์ สาตะรักษ์,รถ : รถแก้ไฟท่าอุเทน,FUSE LINK 22 KV. 30 A.EEI-NEMA TYPE K,3,,2026-04-24
1592,24 เม.ย. 2569,06:07,07:08,61,กฟส.ท่าอุเทน (XS),NNA01VF-232,314,ฝนตก ลมแรง,ภัยธรรมชาติ-พายุฤดูร้อน/พายุดีเปรสชั่น,ศจฟ,06:07,06:08,07:11,63,1. อภิรักษ์ สาตะรักษ์,รถ : รถแก้ไฟท่าอุเทน,FUSE LINK 22 KV. 20 A.EEI-NEMA TYPE K,4,,2026-04-24
1593,24 เม.ย. 2569,06:08,08:01,113,กฟส.วังยาง (XS),41-001840,233,ฝนตก,อุปกรณ์-ชำรุด,ศจฟ,06:08,06:09,08:03,114,1. ปิยะ แสนเมือง,รถ : วย.02,"CONN.,PG,TRIPLE BOLT,AL70-18S SQ.MM.",4,,2026-04-24
1594,24 เม.ย. 2569,06:18,07:24,66,กฟส.ศรีสงคราม (XS),SSK02VF-009,224,ฝนตก ฟ้าคะนอง,ภัยธรรมชาติ-พายุฤดูร้อน/พายุดีเปรสชั่น,ศจฟ,06:18,06:19,07:52,93,1. ปัญจพงษ์ เศรษฐาไชย,รถ : ศรีสงคราม 02,FUSE LINK 22 KV. 15 A.EEI-NEMA TYPE K,2,,2026-04-24
1595,24 เม.ย. 2569,06:26,06:00,0,กฟส.ธาตุพนม (S),THA06F-12/01,1,ฝนตก ฟ้าคะนอง,ภัยธรรมชาติ-พายุฤดูร้อน/พายุดีเปรสชั่น,ศจฟ,06:26,05:00,06:30,90,1. ธิติ เรณู  | 2. ธีรพิชญ์ มิ่งขวัญ  | 3. อติชาติ เมืองงาม,รถ : กระเช้าธาตุพนม,FUSE LINK 22 KV. 10 A.EEI-NEMA TYPE K,2,,2026-04-24
1596,24 เม.ย. 2569,07:46,08:30,44,กฟส.ท่าอุเทน (XS),SSK02VF-251,112,ฝนตก ฟ้าคะนอง,ภัยธรรมชาติ-พายุฤดูร้อน/พายุดีเปรสชั่น,ศจฟ,07:46,07:09,08:41,92,1. อภิรักษ์ สาตะรักษ์,รถ : รถแก้ไฟท่าอุเทน,FUSE LINK 22 KV. 15 A.EEI-NEMA TYPE K,3,,2026-04-24
1597,24 เม.ย. 2569,07:47,10:17,150,กฟส.ท่าอุเทน (XS),SSK02VF-201,628,ฝนตก ฟ้าคะนอง,ภัยธรรมชาติ-พายุฤดูร้อน/พายุดีเปรสชั่น,ศจฟ,07:47,07:48,10:53,185,1. อภิรักษ์ สาตะรักษ์,รถ : รถแก้ไฟท่าอุเทน,FUSE LINK 22 KV. 30 A.EEI-NEMA TYPE K,2,,2026-04-24
1598,24 เม.ย. 2569,07:48,08:29,40,กฟส.โพนสวรรค์ (XS),29-013830,222,ฝนตก ฟ้าคะนอง,ภัยธรรมชาติ-พายุฤดูร้อน/พายุดีเปรสชั่น,ศจฟ,07:48,07:30,08:31,61,1. ทรงกลด มาศศรี,รถ : โพนสวรรค์-03,"H.R.C. FUSE, BLADE CONTACT, 100 A",2,,2026-04-24
1599,24 เม.ย. 2569,07:50,09:20,90,กฟส.ศรีสงคราม (XS),,2834,ฝนตก ฟ้าคะนอง,ภัยธรรมชาติ-พายุฤดูร้อน/พายุดีเปรสชั่น,ศจฟ,07:50,07:50,10:00,130,1. ปัญจพงษ์ เศรษฐาไชย,รถ : ศรีสงคราม 02,,,,2026-04-24
1600,24 เม.ย. 2569,08:41,12:27,226,กฟจ.นครพนม (L),,1265,ฝนตก ฟ้าคะนอง,ภัยธรรมชาติ-พายุฤดูร้อน/พายุดีเปรสชั่น,ศจฟ,08:41,10:05,12:31,146,1. กิติศักดิ์ หาราช  | 2. จันทะคาด บัวเคน  | 3. ถวิล เมษาคุณ  | 4. ทศวรรษ มังคละคีรี  | 5. ธำรงรัตน์ สระแก้ว  | 6. ปรีชา เพ็งคำ  | 7. วสันต์ชัย ดวงสูงเนิน  | 8. สุรวุฒิ สุขแสงดาว,รถ : 80-8285 (นพ 02),"CABLE,AERIAL,AL 22 KV. 1X185 SQ.MM.",9,,2026-04-24
1601,24 เม.ย. 2569,09:00,10:29,88,กฟส.นาทม (XS),SEK03F-85,42,ฝนตก ลมแรง,ภัยธรรมชาติ-พายุฤดูร้อน/พายุดีเปรสชั่น,ศจฟ,09:00,09:01,10:16,75,1. วราวุธ นาขมิ้น,รถ : นาทม 02,"CONN.,PG,DOUBLE BOLT,AL 25-95 SQ.MM.",2,,2026-04-24
1602,24 เม.ย. 2569,09:10,10:55,105,กฟจ.นครพนม (L),58-017563,41,ฝนตก ฟ้าคะนอง,สัตว์-นก/ค้างคาว,ศจฟ,09:10,09:00,09:40,40,1. นลธวัช ศรีหาเศษ  | 2. ภานุวัฒน์ สิงห์ทองไชย  | 3. สันติ อินทิสาร,รถ : 81-1269 นพ (นพ 03),FUSE LINK 22 KV. 8 A.EEI-NEMA TYPE K,2,,2026-04-24
1603,24 เม.ย. 2569,10:00,11:20,79,กฟส.ท่าอุเทน (XS),NNA01VF-204,1145,ฝนตก ฟ้าคะนอง,สัตว์-นก/ค้างคาว,ศจฟ,10:00,10:07,11:24,77,1. ปรินทร์ บุญเทียม  | 2. สุรธวัช วุฒิสาร  | 3. อภิรักษ์ สาตะรักษ์,รถ : รถแก้ไฟท่าอุเทน,FUSE LINK 22 KV. 30 A.EEI-NEMA TYPE K,2,,2026-04-24
1604,24 เม.ย. 2569,10:20,10:25,5,กฟส.เรณูนคร (XS),THA02F-68,1525,ฝนตก ลมแรง,ภัยธรรมชาติ-พายุฤดูร้อน/พายุดีเปรสชั่น,ศจฟ,10:20,09:23,10:30,67,1. ณวุฒิ กลางประพันธ์,รถ : 80-7964 นพ รณ.01,FUSE LINK 22 KV. 15 A.EEI-NEMA TYPE K,3,,2026-04-24
1605,24 เม.ย. 2569,10:31,10:34,3,กฟส.โพนสวรรค์ (XS),SSK09F-38,3314,ฝนตก ลมแรง,ภัยธรรมชาติ-พายุฤดูร้อน/พายุดีเปรสชั่น,ศจฟ,10:31,08:50,10:00,70,1. วรัญญู สังรวมใจ,รถ : โพนสวรรค์-03,FUSE LINK 22 KV. 25 A.EEI-NEMA TYPE K,2,,2026-04-24
1606,24 เม.ย. 2569,10:40,10:54,14,กฟส.โพนสวรรค์ (XS),NNA01F-41,3314,ฝนตก,ภัยธรรมชาติ-พายุฤดูร้อน/พายุดีเปรสชั่น,ศจฟ,10:40,10:01,11:11,70,1. วรัญญู สังรวมใจ,รถ : โพนสวรรค์-03,FUSE LINK 22 KV. 25 A.EEI-NEMA TYPE K,2,,2026-04-24
1607,24 เม.ย. 2569,10:45,11:02,17,กฟส.เรณูนคร (XS),THA02F-67,65,ฝนตก ลมแรง,ภัยธรรมชาติ-พายุฤดูร้อน/พายุดีเปรสชั่น,ศจฟ,10:45,10:25,11:16,51,1. ณวุฒิ กลางประพันธ์,รถ : 80-7964 นพ รณ.01,FUSE LINK 22 KV. 15 A.EEI-NEMA TYPE K,3,,2026-04-24
1608,24 เม.ย. 2569,11:00,11:14,14,กฟส.นาแก (S),62-007350,171,ฝนตก ลมแรง,ภัยธรรมชาติ-พายุฤดูร้อน/พายุดีเปรสชั่น,ศจฟ,11:00,11:09,11:17,8,1. วรพันธุ์ ตันสมรส,รถ : นก-02,"CABLE,AERIAL,AL 22 KV. 1X185 SQ.MM.",1,,2026-04-24
1609,24 เม.ย. 2569,11:01,11:50,49,กฟส.ท่าอุเทน (XS),SSK02VF-269,109,ฝนตก ฟ้าคะนอง,ภัยธรรมชาติ-พายุฤดูร้อน/พายุดีเปรสชั่น,ศจฟ,11:00,11:05,11:52,47,1. ปรินทร์ บุญเทียม  | 2. สุรธวัช วุฒิสาร  | 3. อภิรักษ์ สาตะรักษ์,รถ : รถแก้ไฟท่าอุเทน,FUSE LINK 22 KV. 25 A.EEI-NEMA TYPE K,3,,2026-04-24
1610,24 เม.ย. 2569,11:10,15:54,284,กฟจ.นครพนม (L),NNB02VF-015,15,ฝนตก ฟ้าคะนอง,ภัยธรรมชาติ-พายุฤดูร้อน/พายุดีเปรสชั่น,ศจฟ,11:10,11:00,13:56,176,1. ชัยยา มาตขาว  | 2. ณัฏฐศรันย์ อันทระบุตร  | 3. นลธวัช ศรีหาเศษ  | 4. ประจล ศรีสุราช  | 5. ภานุวัฒน์ สิงห์ทองไชย  | 6. สันติ อินทิสาร  | 7. หฤษฎ์ ถูระวัน,รถ : 81-1269 นพ (นพ 03),FUSE LINK 22 KV. 20 A.EEI-NEMA TYPE K,2,,2026-04-24
1611,24 เม.ย. 2569,11:20,13:39,139,กฟส.วังยาง (XS),SOA07F-558,1332,ฝนตก,ภัยธรรมชาติ-พายุโซนร้อน/ใต้ฝุ่น,ศจฟ,11:20,12:16,13:41,86,1. ปิยะ แสนเมือง,รถ : วย.02,FUSE LINK 22 KV. 20 A.EEI-NEMA TYPE K,2,,2026-04-24
1612,24 เม.ย. 2569,11:30,12:19,49,กฟส.นาแก (S),THA04VF-225-1,168,ฝนตก ลมแรง,ภัยธรรมชาติ-พายุโซนร้อน/ใต้ฝุ่น,ศจฟ,11:30,12:12,12:22,10,1. วรพันธุ์ ตันสมรส,รถ : นก-02,"COND.,ACSR 50/8 SQ.MM.TIS.86",5,,2026-04-24
1613,24 เม.ย. 2569,11:30,12:24,54,กฟส.โพนสวรรค์ (XS),40-001027,422,อากาศชื้น / หมอก,ภัยธรรมชาติ-พายุฤดูร้อน/พายุดีเปรสชั่น,ศจฟ,11:30,11:20,12:50,90,1. วรัญญู สังรวมใจ,รถ : โพนสวรรค์-03,"H.R.C. FUSE, BLADE CONTACT, 160 A",2,,2026-04-24
1614,24 เม.ย. 2569,11:30,21:30,2040,กฟจ.นครพนม (L),NNA04F-10,810,อากาศชื้น / หมอก,ภัยธรรมชาติ-พายุฤดูร้อน/พายุดีเปรสชั่น,ศจฟ,11:30,12:07,12:40,33,1. ณัฏฐศรันย์ อันทระบุตร  | 2. ประจล ศรีสุราช  | 3. หฤษฎ์ ถูระวัน,รถ : 3ฒภ 2576 กทม (นพ 01),FUSE HOLDER 22 KV. 100 A. 12 KA.,3,,2026-04-24
1615,24 เม.ย. 2569,11:42,15:58,256,กฟจ.นครพนม (L),,14022,ฝนตก ฟ้าคะนอง,ภัยธรรมชาติ-พายุฤดูร้อน/พายุดีเปรสชั่น,ศจฟ,11:42,12:59,14:55,116,1. ชัยยา มาตขาว  | 2. ณัฏฐศรันย์ อันทระบุตร  | 3. นลธวัช ศรีหาเศษ  | 4. ประจล ศรีสุราช  | 5. ภานุวัฒน์ สิงห์ทองไชย  | 6. สันติ อินทิสาร  | 7. หฤษฎ์ ถูระวัน,รถ : 81-1269 นพ (นพ 03),FUSE LINK 22 KV. 25 A.EEI-NEMA TYPE K,3,,2026-04-24
1616,24 เม.ย. 2569,12:00,12:38,38,กฟส.ปลาปาก (XS),THA06F-86,411,ฝนตก ฟ้าคะนอง,ภัยธรรมชาติ-พายุฤดูร้อน/พายุดีเปรสชั่น,ศจฟ,12:00,12:18,12:42,24,1. สุธรรม จันทะผา,รถ : รถแก้ไฟปลาปาก 01,FUSE LINK 22 KV. 40 A.EEI-NEMA TYPE K,3,,2026-04-24
1617,24 เม.ย. 2569,12:01,21:39,2018,กฟจ.นครพนม (L),NNA07F-31,983,ฝนตก ฟ้าคะนอง,ภัยธรรมชาติ-พายุฤดูร้อน/พายุดีเปรสชั่น,ศจฟ,12:00,12:28,12:50,1462,1. ณัฏฐศรันย์ อันทระบุตร  | 2. ประจล ศรีสุราช  | 3. หฤษฎ์ ถูระวัน,รถ : 3ฒภ 2576 กทม (นพ 01),FUSE LINK 22 KV. 25 A.EEI-NEMA TYPE K,3,,2026-04-24
1618,24 เม.ย. 2569,13:00,14:04,64,กฟส.ปลาปาก (XS),60-007952,11,ฝนตก ลมแรง,ภัยธรรมชาติ-พายุฤดูร้อน/พายุดีเปรสชั่น,ศจฟ,13:00,13:54,14:38,44,1. สุธรรม จันทะผา,รถ : รถแก้ไฟปลาปาก 01,"H.R.C. FUSE, BLADE CONTACT, 80 A",1,,2026-04-24
1619,24 เม.ย. 2569,13:01,14:05,64,กฟส.ธาตุพนม (S),THA06VF-025,1,ฝนตก ลมแรง,ภัยธรรมชาติ-พายุฤดูร้อน/พายุดีเปรสชั่น,ศจฟ,13:00,13:06,14:09,63,1. นรากร แสนโสม,รถ : 80-7964 นพ รณ.01,FUSE HOLDER 22 KV. 100 A. 12 KA.,1,,2026-04-24
1620,24 เม.ย. 2569,13:32,15:49,137,กฟส.ท่าอุเทน (XS),,944,ฝนตก ฟ้าคะนอง,ภัยธรรมชาติ-พายุฤดูร้อน/พายุดีเปรสชั่น,ศจฟ,13:31,13:50,15:50,120,1. ปรินทร์ บุญเทียม  | 2. สุรธวัช วุฒิสาร  | 3. อภิรักษ์ สาตะรักษ์,รถ : รถแก้ไฟท่าอุเทน,,,,2026-04-24
1621,24 เม.ย. 2569,13:40,14:01,20,กฟส.เรณูนคร (XS),THA02F-61,640,ฝนตก ลมแรง,ภัยธรรมชาติ-พายุฤดูร้อน/พายุดีเปรสชั่น,ศจฟ,13:40,13:40,14:38,58,1. ณวุฒิ กลางประพันธ์,รถ : รน-0001,FUSE LINK 22 KV. 10 A.EEI-NEMA TYPE K,4,,2026-04-24
1622,24 เม.ย. 2569,13:49,16:02,133,กฟส.ท่าอุเทน (XS),,0,ฝนตก ฟ้าคะนอง,ภัยธรรมชาติ-พายุฤดูร้อน/พายุดีเปรสชั่น,ศจฟ,13:49,14:02,16:03,121,1. ปรินทร์ บุญเทียม  | 2. สุรธวัช วุฒิสาร  | 3. อภิรักษ์ สาตะรักษ์,รถ : รถแก้ไฟท่าอุเทน,,,,2026-04-24
1623,24 เม.ย. 2569,14:09,16:09,120,กฟส.ศรีสงคราม (XS),,1164,ฝนตก ฟ้าคะนอง,ภัยธรรมชาติ-พายุฤดูร้อน/พายุดีเปรสชั่น,ศจฟ,14:09,14:32,16:28,116,1. ปัญจพงษ์ เศรษฐาไชย,รถ : ศรีสงคราม 02,,,,2026-04-24
1624,24 เม.ย. 2569,14:10,15:11,61,กฟส.ศรีสงคราม (XS),61-014932,294,ฝนตก ลมแรง,ภัยธรรมชาติ-พายุฤดูร้อน/พายุดีเปรสชั่น,ศจฟ,14:10,14:14,15:13,59,1. วุฒิชัย เหมเมือง,รถ : ศรีสงคราม 01,FUSE HOLDER 22 KV. 100 A. 12 KA.,1,,2026-04-24
1625,24 เม.ย. 2569,14:20,16:15,115,กฟส.นาหว้า (XS),50-001702,50,ฝนตก ลมแรง,ภัยธรรมชาติ-พายุฤดูร้อน/พายุดีเปรสชั่น,ศจฟ,14:20,15:09,16:16,67,1. อัมรินทร์ วะราวัง,รถ : นาหว้า 02,"CABLE,AL,750 V,50 SQ.MM. TIS.293",8,,2026-04-24
1626,24 เม.ย. 2569,14:20,21:52,1892,กฟจ.นครพนม (L),NNA07F-31-1,1,ฝนตก ลมแรง,ภัยธรรมชาติ-พายุฤดูร้อน/พายุดีเปรสชั่น,ศจฟ,14:20,15:06,15:30,24,1. ณัฏฐศรันย์ อันทระบุตร  | 2. ประจล ศรีสุราช  | 3. หฤษฎ์ ถูระวัน,รถ : 3ฒภ 2576 กทม (นพ 01),FUSE LINK 22 KV. 5-6 A.EEI-NEMA TYPE K,3,,2026-04-24
1627,24 เม.ย. 2569,14:30,15:00,29,กฟจ.นครพนม (L),60-013663,75,ฝนตก ลมแรง,ภัยธรรมชาติ-พายุฤดูร้อน/พายุดีเปรสชั่น,ศจฟ,14:30,15:03,15:40,37,1. ชัยยา มาตขาว  | 2. ณัฏฐศรันย์ อันทระบุตร  | 3. นลธวัช ศรีหาเศษ  | 4. ประจล ศรีสุราช  | 5. ภานุวัฒน์ สิงห์ทองไชย  | 6. สันติ อินทิสาร  | 7. หฤษฎ์ ถูระวัน,รถ : 80-8285 (นพ 02),"H.R.C. FUSE, BLADE CONTACT, 160 A",1,,2026-04-24
1628,24 เม.ย. 2569,15:00,21:58,1858,กฟจ.นครพนม (L),44-004140,1,ฝนตก ลมแรง,ภัยธรรมชาติ-พายุฤดูร้อน/พายุดีเปรสชั่น,ศจฟ,15:00,15:44,16:10,26,1. ณัฏฐศรันย์ อันทระบุตร  | 2. ประจล ศรีสุราช  | 3. หฤษฎ์ ถูระวัน,รถ : 3ฒภ 2576 กทม (นพ 01),"H.R.C. FUSE, BLADE CONTACT, 80 A",5,,2026-04-24
1629,24 เม.ย. 2569,15:20,23:13,473,กฟจ.นครพนม (L),67-035720,47,ฝนตก ฟ้าคะนอง,ภัยธรรมชาติ-พายุฤดูร้อน/พายุดีเปรสชั่น,ศจฟ,15:20,16:24,17:20,56,1. ชัยยา มาตขาว  | 2. ณัฏฐศรันย์ อันทระบุตร  | 3. นลธวัช ศรีหาเศษ  | 4. ประจล ศรีสุราช  | 5. ภานุวัฒน์ สิงห์ทองไชย  | 6. สันติ อินทิสาร  | 7. หฤษฎ์ ถูระวัน,รถ : 81-1269 นพ (นพ 03),"H.R.C. FUSE, BLADE CONTACT, 100 A",2,,2026-04-24
1630,24 เม.ย. 2569,15:40,16:30,49,กฟจ.นครพนม (L),67-006195,66,ฝนตก ฟ้าคะนอง,ภัยธรรมชาติ-พายุฤดูร้อน/พายุดีเปรสชั่น,ศจฟ,15:40,16:00,16:40,40,1. ชัยยา มาตขาว  | 2. ณัฏฐศรันย์ อันทระบุตร  | 3. นลธวัช ศรีหาเศษ  | 4. ประจล ศรีสุราช  | 5. ภานุวัฒน์ สิงห์ทองไชย  | 6. สันติ อินทิสาร  | 7. หฤษฎ์ ถูระวัน,รถ : 80-8285 (นพ 02),FUSE LINK 22 KV. 8 A.EEI-NEMA TYPE K,2,,2026-04-24
1631,24 เม.ย. 2569,16:54,17:06,12,กฟส.นาแก (S),SOA08VF-506,213,ฝนตก ลมแรง,ภัยธรรมชาติ-พายุฤดูร้อน/พายุดีเปรสชั่น,ศจฟ,16:54,17:04,17:08,4,1. วรพันธุ์ ตันสมรส,รถ : นก-03,FUSE LINK 22 KV. 20 A.EEI-NEMA TYPE K,3,,2026-04-24
1632,24 เม.ย. 2569,16:55,17:10,15,กฟส.นาแก (S),SOA07VF-505,228,ฝนตก ลมแรง,ภัยธรรมชาติ-พายุฤดูร้อน/พายุดีเปรสชั่น,ศจฟ,16:54,17:04,17:12,8,1. วรพันธุ์ ตันสมรส,รถ : นก-03,"CONN.,PG,TRIPLE BOLT,AL70-18S SQ.MM.",3,,2026-04-24
1633,24 เม.ย. 2569,16:57,17:13,15,กฟส.นาแก (S),SOA07VF-505-2,48,ฝนตก ลมแรง,ภัยธรรมชาติ-พายุฤดูร้อน/พายุดีเปรสชั่น,ศจฟ,16:57,17:04,17:16,12,1. วรพันธุ์ ตันสมรส,รถ : นก-03,FUSE LINK 22 KV. 10 A.EEI-NEMA TYPE K,3,,2026-04-24
1634,24 เม.ย. 2569,17:05,17:50,45,กฟส.ศรีสงคราม (XS),SSK08VF-051,82,ฝนตก ลมแรง,ภัยธรรมชาติ-พายุฤดูร้อน/พายุดีเปรสชั่น,ศจฟ,17:05,17:08,18:10,62,1. วุฒิชัย เหมเมือง,รถ : ศรีสงคราม 01,FUSE LINK 22 KV. 15 A.EEI-NEMA TYPE K,2,,2026-04-24
1635,24 เม.ย. 2569,17:19,20:20,181,กฟส.ท่าอุเทน (XS),NNA01VF-208,14550,ฝนตก ฟ้าคะนอง,ภัยธรรมชาติ-พายุฤดูร้อน/พายุดีเปรสชั่น,ศจฟ,17:19,18:31,20:21,110,1. อนุสรณ์ ทองประสม  | 2. อภิรักษ์ สาตะรักษ์,รถ : รถแก้ไฟท่าอุเทน,FUSE LINK 22 KV. 15 A.EEI-NEMA TYPE K,3,,2026-04-24
1636,24 เม.ย. 2569,17:21,22:22,301,กฟส.ท่าอุเทน (XS),NNA01VF-224,14550,ฝนตก ฟ้าคะนอง,ภัยธรรมชาติ-พายุฤดูร้อน/พายุดีเปรสชั่น,ศจฟ,17:21,20:32,22:24,112,1. อนุสรณ์ ทองประสม  | 2. อภิรักษ์ สาตะรักษ์,รถ : รถแก้ไฟท่าอุเทน,FUSE LINK 22 KV. 20 A.EEI-NEMA TYPE K,3,,2026-04-24
1637,24 เม.ย. 2569,17:25,17:29,4,กฟส.ท่าอุเทน (XS),67-038468,27,ฝนตก ฟ้าคะนอง,ภัยธรรมชาติ-พายุฤดูร้อน/พายุดีเปรสชั่น,ศจฟ,17:25,16:27,17:31,64,1. อภิรักษ์ สาตะรักษ์,รถ : รถแก้ไฟท่าอุเทน,"H.R.C. FUSE, BLADE CONTACT, 100 A",1,,2026-04-24
1638,24 เม.ย. 2569,17:25,19:31,126,กฟส.ท่าอุเทน (XS),NNA01VF-204,14550,ฝนตก ฟ้าคะนอง,ภัยธรรมชาติ-พายุฤดูร้อน/พายุดีเปรสชั่น,ศจฟ,17:25,17:30,19:17,107,1. อนุสรณ์ ทองประสม  | 2. อภิรักษ์ สาตะรักษ์,รถ : รถแก้ไฟท่าอุเทน,FUSE LINK 22 KV. 30 A.EEI-NEMA TYPE K,2,,2026-04-24
1639,24 เม.ย. 2569,18:22,17:50,0,กฟส.โพนสวรรค์ (XS),35-011440,214,ฝนตก ฟ้าคะนอง,ภัยธรรมชาติ-พายุฤดูร้อน/พายุดีเปรสชั่น,ศจฟ,18:22,16:40,18:27,107,1. วสุธา หล้าพรหม,รถ : โพนสวรรค์-03,"H.R.C. FUSE, BLADE CONTACT, 100 A",2,,2026-04-24
1640,24 เม.ย. 2569,18:47,19:04,17,กฟส.ปลาปาก (XS),THA06F-85,45,ฝนตก ฟ้าคะนอง,ภัยธรรมชาติ-พายุฤดูร้อน/พายุดีเปรสชั่น,ศจฟ,18:47,18:55,19:45,50,1. ราชันย์ กุลสุทธิ์,รถ : รถแก้ไฟปลาปาก 01,FUSE LINK 22 KV. 25 A.EEI-NEMA TYPE K,2,,2026-04-24
1641,24 เม.ย. 2569,18:48,20:03,75,กฟส.ท่าอุเทน (XS),NNA01VF-208,14549,ฝนตก ฟ้าคะนอง,ภัยธรรมชาติ-พายุฤดูร้อน/พายุดีเปรสชั่น,ศจฟ,18:48,18:56,20:05,69,1. อนุสรณ์ ทองประสม  | 2. อภิรักษ์ สาตะรักษ์,รถ : -,FUSE LINK 22 KV. 20 A.EEI-NEMA TYPE K,1,,2026-04-24
1642,24 เม.ย. 2569,18:50,19:10,20,กฟส.โพนสวรรค์ (XS),59-020634,247,ฝนตก ฟ้าคะนอง,ภัยธรรมชาติ-พายุฤดูร้อน/พายุดีเปรสชั่น,ศจฟ,18:50,18:30,19:50,80,1. วสุธา หล้าพรหม,รถ : โพนสวรรค์-03,"H.R.C. FUSE, BLADE CONTACT, 100 A",1,,2026-04-24
1643,24 เม.ย. 2569,19:45,20:32,47,กฟส.ศรีสงคราม (XS),SSK01VF-030,29,ฝนตก ลมแรง,อุปกรณ์-ชำรุด,ศจฟ,19:45,19:45,20:34,49,1. วุฒิชัย เหมเมือง,รถ : ศรีสงคราม 02,FUSE LINK 22 KV. 20 A.EEI-NEMA TYPE K,2,,2026-04-24
1644,24 เม.ย. 2569,20:13,21:09,56,กฟส.ปลาปาก (XS),65-011984,40,ฝนตก ลมแรง,อุปกรณ์-ชำรุด,ศจฟ,20:13,20:14,21:11,57,1. ราชันย์ กุลสุทธิ์,รถ : รถแก้ไฟปลาปาก 01,"CABLE,AL,750 V,50 SQ.MM. TIS.293",3,,2026-04-24
1645,24 เม.ย. 2569,22:40,23:12,31,กฟส.ท่าอุเทน (XS),SSK02VF-232,36,ฝนตก ลมแรง,อุปกรณ์-ชำรุด,ศจฟ,22:40,22:41,23:55,74,1. อภิรักษ์ สาตะรักษ์,รถ : รถแก้ไฟท่าอุเทน,FUSE LINK 22 KV. 8 A.EEI-NEMA TYPE K,1,,2026-04-24
1646,25 เม.ย. 2569,07:48,04:50,0,กฟส.ท่าอุเทน (XS),SSK02VF-265,123,ฝนตก ลมแรง,อุปกรณ์-ชำรุด,ศจฟ,07:48,03:20,05:10,110,1. อภิรักษ์ สาตะรักษ์,รถ : รถแก้ไฟท่าอุเทน,FUSE LINK 22 KV. 15 A.EEI-NEMA TYPE K,2,,2026-04-25
1647,25 เม.ย. 2569,07:56,08:31,35,กฟส.ท่าอุเทน (XS),BFA09VF-220,4,ลมแรง,อุปกรณ์-ชำรุด,ศจฟ,07:56,06:25,08:33,128,1. อภิรักษ์ สาตะรักษ์,รถ : รถแก้ไฟท่าอุเทน,FUSE LINK 22 KV. 5-6 A.EEI-NEMA TYPE K,2,,2026-04-25
1648,25 เม.ย. 2569,08:00,08:30,29,กฟจ.นครพนม (L),61-101833,9,อากาศชื้น / หมอก,อุปกรณ์-ชำรุด,ศจฟ,08:00,06:30,08:30,120,1. ชัยยา มาตขาว  | 2. ปรีชา เพ็งคำ  | 3. พงศ์อิสรา ภักดี  | 4. ภานุวัฒน์ สิงห์ทองไชย  | 5. เกรียงไกร ลาหมัน,รถ : รถกระเช้า (04),"DROPOUT,FUSE,22 KV.100 A.12 KA",2,,2026-04-25
1649,25 เม.ย. 2569,08:10,06:26,0,กฟส.ท่าอุเทน (XS),60-027588,58,อากาศชื้น / หมอก,อุปกรณ์-ชำรุด,ศจฟ,08:10,04:40,06:28,108,1. อภิรักษ์ สาตะรักษ์,รถ : รถแก้ไฟท่าอุเทน,"H.R.C. FUSE, BLADE CONTACT, 100 A",1,,2026-04-25
1650,25 เม.ย. 2569,12:15,13:28,73,กฟส.โพนสวรรค์ (XS),26-009077,46,ฝนตก ลมแรง,ภัยธรรมชาติ-พายุฤดูร้อน/พายุดีเปรสชั่น,ศจฟ,12:15,12:35,14:59,144,1. เพชราวุธ โพชราช,รถ : โพนสวรรค์-03,"H.R.C. FUSE, BLADE CONTACT, 100 A",2,,2026-04-25
1651,25 เม.ย. 2569,14:40,15:31,51,กฟส.ธาตุพนม (S),THA01VF-016,814,อากาศปกติ,ภัยธรรมชาติ-พายุฤดูร้อน/พายุดีเปรสชั่น,ศจฟ,14:40,14:50,15:50,60,1. ธีรพิชญ์ มิ่งขวัญ  | 2. อุทัย สุมินทร์,รถ : กระเช้าธาตุพนม,FUSE LINK 22 KV. 10 A.EEI-NEMA TYPE K,2,,2026-04-25
1652,25 เม.ย. 2569,14:50,16:00,70,กฟจ.นครพนม (L),NNB01VF-031,533,อากาศปกติ,ภัยธรรมชาติ-พายุฤดูร้อน/พายุดีเปรสชั่น,ศจฟ,14:50,15:00,15:40,40,1. กิติศักดิ์ หาราช  | 2. ชัยยา มาตขาว  | 3. พงศ์อิสรา ภักดี  | 4. หิรัญ พลไกรสร,รถ : 3ฒภ 2576 กทม (นพ 01),FUSE LINK 22 KV. 25 A.EEI-NEMA TYPE K,3,,2026-04-25
1653,25 เม.ย. 2569,16:20,16:30,10,กฟจ.นครพนม (L),27-008406,117,อากาศปกติ,ภัยธรรมชาติ-พายุฤดูร้อน/พายุดีเปรสชั่น,ศจฟ,16:20,15:50,16:35,45,1. กิติศักดิ์ หาราช  | 2. ชัยยา มาตขาว  | 3. พงศ์อิสรา ภักดี  | 4. หิรัญ พลไกรสร,รถ : 3ฒภ 2576 กทม (นพ 01),"CABLE,AL,750 V,95 SQ.MM. TIS.293",4,,2026-04-25
1654,25 เม.ย. 2569,17:03,18:43,100,กฟส.โพนสวรรค์ (XS),20821458,1,อากาศปกติ,ภัยธรรมชาติ-พายุฤดูร้อน/พายุดีเปรสชั่น,ศจฟ,17:03,17:05,19:23,138,1. วรัญญู สังรวมใจ,รถ : โพนสวรรค์-03,"CABLE,CU,PVC,INS.&JAC. 600V, 2X10 SQ.MM.",7,,2026-04-25
1655,25 เม.ย. 2569,17:07,17:35,27,กฟส.นาทม (XS),SEK03-88,21,อากาศปกติ,ภัยธรรมชาติ-พายุฤดูร้อน/พายุดีเปรสชั่น,ศจฟ,17:07,17:08,17:43,35,1. วราวุธ นาขมิ้น,รถ : นาทม 02,FUSE LINK 22 KV. 8 A.EEI-NEMA TYPE K,2,,2026-04-25
1656,25 เม.ย. 2569,17:52,18:35,42,กฟส.นาทม (XS),67-031938,307,อากาศปกติ,ภัยธรรมชาติ-พายุฤดูร้อน/พายุดีเปรสชั่น,ศจฟ,17:52,17:53,18:45,52,1. วราวุธ นาขมิ้น,รถ : นาทม 02,"CABLE,AL,750 V,50 SQ.MM. TIS.293",5,,2026-04-25
1657,25 เม.ย. 2569,18:26,18:43,17,กฟจ.นครพนม (L),28-018944,62,อากาศปกติ,ภัยธรรมชาติ-พายุฤดูร้อน/พายุดีเปรสชั่น,ศจฟ,18:26,18:27,18:47,20,1. จันทะคาด บัวเคน  | 2. ณัฏฐศรันย์ อันทระบุตร  | 3. พงษ์สนิจ ศรีวิชัย  | 4. หฤษฎ์ ถูระวัน,รถ : 81-1269 นพ (นพ 03),"CONN.,PG,DOUBLE BOLT,AL 25-95 SQ.MM.",2,,2026-04-25
1658,25 เม.ย. 2569,19:30,22:09,159,กฟจ.นครพนม (L),NNB01VF-029,1,อากาศปกติ,ภัยธรรมชาติ-พายุฤดูร้อน/พายุดีเปรสชั่น,ศจฟ,19:30,19:38,20:00,22,1. จันทะคาด บัวเคน  | 2. หฤษฎ์ ถูระวัน,รถ : 3ฒภ 2576 กทม (นพ 01),FUSE LINK 22 KV. 15 A.EEI-NEMA TYPE K,2,,2026-04-25
1659,25 เม.ย. 2569,22:44,22:20,0,กฟส.ท่าอุเทน (XS),NNA01VF-208,529,อากาศชื้น / หมอก,ภัยธรรมชาติ-พายุฤดูร้อน/พายุดีเปรสชั่น,ศจฟ,22:44,22:00,22:40,40,1. สุรธวัช วุฒิสาร,รถ : รถแก้ไฟท่าอุเทน,FUSE LINK 22 KV. 20 A.EEI-NEMA TYPE K,1,,2026-04-25
1660,26 เม.ย. 2569,07:00,07:36,36,กฟส.โพนสวรรค์ (XS),35-011440,214,อากาศชื้น / หมอก,ภัยธรรมชาติ-พายุฤดูร้อน/พายุดีเปรสชั่น,ศจฟ,07:00,05:30,08:30,180,1. วรัญญู สังรวมใจ,รถ : โพนสวรรค์-03,"H.R.C. FUSE, BLADE CONTACT, 100 A",2,,2026-04-26
1661,26 เม.ย. 2569,07:30,08:15,45,กฟส.ท่าอุเทน (XS),22-005697,304,อากาศชื้น / หมอก,ภัยธรรมชาติ-พายุฤดูร้อน/พายุดีเปรสชั่น,ศจฟ,07:30,06:30,08:10,100,1. สุรธวัช วุฒิสาร,รถ : รถแก้ไฟท่าอุเทน,H.R.C. FUSE 32-36 A.DIN OR BS,1,,2026-04-26
1662,26 เม.ย. 2569,07:35,02:10,0,กฟส.ท่าอุเทน (XS),SSK02VF-258,713,อากาศชื้น / หมอก,ภัยธรรมชาติ-พายุฤดูร้อน/พายุดีเปรสชั่น,ศจฟ,07:35,01:10,02:20,70,1. สุรธวัช วุฒิสาร,รถ : รถแก้ไฟท่าอุเทน,FUSE LINK 22 KV. 30 A.EEI-NEMA TYPE K,1,,2026-04-26
1663,26 เม.ย. 2569,07:43,12:59,316,กฟส.ศรีสงคราม (XS),SSK07VB-01,0,อากาศปกติ,ภัยธรรมชาติ-พายุฤดูร้อน/พายุดีเปรสชั่น,ศจฟ,07:43,07:45,08:50,65,1. วุฒิชัย เหมเมือง,รถ : ศรีสงคราม 01,,,,2026-04-26
1664,26 เม.ย. 2569,09:10,09:16,6,กฟส.นาหว้า (XS),SSK04VF-115,140,อากาศปกติ,ภัยธรรมชาติ-พายุฤดูร้อน/พายุดีเปรสชั่น,ศจฟ,09:10,08:00,08:30,30,1. ศิลารักษ์ วิภา,รถ : -,FUSE LINK 22 KV. 25 A.EEI-NEMA TYPE K,1,,2026-04-26
1665,26 เม.ย. 2569,09:10,09:25,15,กฟส.ศรีสงคราม (XS),SSK07VF-004,1593,อากาศปกติ,ภัยธรรมชาติ-พายุฤดูร้อน/พายุดีเปรสชั่น,ศจฟ,09:10,09:17,10:00,43,1. วุฒิชัย เหมเมือง,รถ : ศรีสงคราม 02,FUSE LINK 22 KV. 30 A.EEI-NEMA TYPE K,1,,2026-04-26
1666,26 เม.ย. 2569,09:58,10:20,22,กฟส.นาแก (S),THA03VF-202-6,21,อากาศปกติ,สัตว์-งู,ศจฟ,09:58,10:02,10:33,31,1. บัญชา ปู่บุตรชา,รถ : นก-03,FUSE LINK 22 KV. 3 A.EEI-NEMA TYPE K,1,,2026-04-26
1667,26 เม.ย. 2569,10:02,10:20,18,กฟส.ธาตุพนม (S),THA07VF-001,23,ฝนตก,สัตว์-งู,ศจฟ,10:02,10:03,10:22,19,1. นรากร แสนโสม,รถ : กระเช้าธาตุพนม,FUSE LINK 22 KV. 15 A.EEI-NEMA TYPE K,3,,2026-04-26
1668,26 เม.ย. 2569,10:26,10:50,24,กฟจ.นครพนม (L),NNB02VF-015,15,ฝนตก,สัตว์-งู,ศจฟ,10:26,10:34,10:55,21,1. ปรีชา เพ็งคำ  | 2. ภานุวัฒน์ สิงห์ทองไชย  | 3. เกรียงไกร ลาหมัน,รถ : 3ฒภ 2576 กทม (นพ 01),FUSE LINK 22 KV. 20 A.EEI-NEMA TYPE K,1,,2026-04-26
1669,26 เม.ย. 2569,10:27,11:00,33,กฟส.ธาตุพนม (S),44-001377,54,อากาศปกติ,สัตว์-งู,ศจฟ,10:26,10:33,11:03,30,1. นรากร แสนโสม,รถ : กระเช้าธาตุพนม,"CABLE,AL,750 V,50 SQ.MM. TIS.293",3,,2026-04-26
1670,26 เม.ย. 2569,10:33,10:45,12,กฟส.นาแก (S),23809839,1,อากาศปกติ,อุปกรณ์-ชำรุด,ศจฟ,10:33,10:36,10:55,19,1. บัญชา ปู่บุตรชา,รถ : นก-03,"CONN.,PG,DOUBLE BOLT,AL 25-95 SQ.MM.",1,,2026-04-26
1671,26 เม.ย. 2569,11:19,11:38,18,กฟจ.นครพนม (L),NNA07F-46,1,อากาศปกติ,อุปกรณ์-ชำรุด,ศจฟ,11:19,11:24,11:40,16,1. ปรีชา เพ็งคำ  | 2. ภานุวัฒน์ สิงห์ทองไชย  | 3. เกรียงไกร ลาหมัน,รถ : 3ฒภ 2576 กทม (นพ 01),FUSE LINK 22 KV. 15 A.EEI-NEMA TYPE K,1,,2026-04-26
1672,26 เม.ย. 2569,12:15,12:30,15,กฟส.บ้านแพง (S),SSK08F-68,39,ลมแรง,ต้นไม้-ต้นไม้ล้มทับสาย,ศจฟ,12:15,12:16,12:50,34,1. จตุรภุช สะท้านอิทธิฤทธิ์,รถ : กระเช้าบ้านแพง,FUSE LINK 22 KV. 15 A.EEI-NEMA TYPE K,2,,2026-04-26
1673,26 เม.ย. 2569,12:23,12:56,33,กฟส.ธาตุพนม (S),49-002041,111,อากาศปกติ,สัตว์-งู,ศจฟ,12:23,12:24,12:59,35,1. นรากร แสนโสม,รถ : กระเช้าธาตุพนม,FUSE LINK 22 KV. 5-6 A.EEI-NEMA TYPE K,2,,2026-04-26
1674,26 เม.ย. 2569,12:53,14:00,67,กฟส.ศรีสงคราม (XS),,3967,อากาศชื้น / หมอก,สภาพสิ่งแวดล้อม-ความชื้น,ศจฟ,12:52,12:59,14:10,71,1. เชาวลิต หัสรินทร์,รถ : ศรีสงคราม 02,,,,2026-04-26
1675,26 เม.ย. 2569,13:02,13:29,27,กฟส.ธาตุพนม (S),THA01VF-051,14,อากาศปกติ,ต้นไม้-กิ่งไม้หักพาดสาย,ศจฟ,13:02,13:05,13:31,26,1. นรากร แสนโสม,รถ : กระเช้าธาตุพนม,FUSE LINK 22 KV. 8 A.EEI-NEMA TYPE K,2,,2026-04-26
1676,26 เม.ย. 2569,13:20,13:33,13,กฟจ.นครพนม (L),67-031937,37,อากาศปกติ,ต้นไม้-กิ่งไม้หักพาดสาย,ศจฟ,13:20,13:30,13:35,5,1. ปรีชา เพ็งคำ  | 2. ภานุวัฒน์ สิงห์ทองไชย  | 3. เกรียงไกร ลาหมัน,รถ : 3ฒภ 2576 กทม (นพ 01),"H.R.C. FUSE, BLADE CONTACT, 160 A",1,,2026-04-26
1677,26 เม.ย. 2569,13:32,13:59,27,กฟส.ธาตุพนม (S),THA01VF-31,451,อากาศปกติ,ต้นไม้-กิ่งไม้หักพาดสาย,ศจฟ,13:32,13:33,14:02,29,1. นรากร แสนโสม,รถ : กระเช้าธาตุพนม,FUSE LINK 22 KV. 20 A.EEI-NEMA TYPE K,3,,2026-04-26
1678,26 เม.ย. 2569,14:43,15:09,26,กฟส.ปลาปาก (XS),61-004020,66,อากาศปกติ,อุปกรณ์-ชำรุด,ศจฟ,14:43,14:50,15:17,27,1. นครินทร์ จำปาทิ,รถ : รถแก้ไฟปลาปาก 01,FUSE HOLDER 22 KV. 100 A. 12 KA.,1,,2026-04-26
1679,26 เม.ย. 2569,16:40,17:40,60,กฟส.นาทม (XS),SSK08F-92,1410,อากาศปกติ,อุปกรณ์-ชำรุด,ศจฟ,16:40,16:55,17:52,57,1. วราวุธ นาขมิ้น,รถ : นาทม 02,"CONN.,SPLICE,TENSIONLESS AL 95 SQ.MM.",1,,2026-04-26
1680,26 เม.ย. 2569,19:14,19:16,2,กฟส.นาแก (S),THA03VF-231,39,ฝนตก,อุปกรณ์-ชำรุด,ศจฟ,19:14,19:15,19:18,3,1. วรพันธุ์ ตันสมรส,รถ : นก-03,FUSE HOLDER 22 KV. 100 A. 12 KA.,1,,2026-04-26
1681,26 เม.ย. 2569,21:44,21:30,0,กฟส.ธาตุพนม (S),21698752,1,อากาศปกติ,อุปกรณ์-ชำรุด,ศจฟ,21:44,21:00,21:30,30,1. ธีรพิชญ์ มิ่งขวัญ,รถ : กระเช้าธาตุพนม,"CONN.,PG,DOUBLE BOLT,AL 16-70 SQ.MM.",2,,2026-04-26
1682,27 เม.ย. 2569,05:00,02:01,0,กฟส.ท่าอุเทน (XS),BFA09VF-227,1,อากาศปกติ,อุปกรณ์-ชำรุด,ศจฟ,05:00,00:05,02:03,118,1. อภิรักษ์ สาตะรักษ์,รถ : รถแก้ไฟท่าอุเทน,FUSE LINK 22 KV. 5-6 A.EEI-NEMA TYPE K,1,,2026-04-27
1683,27 เม.ย. 2569,07:14,07:23,9,กฟส.ท่าอุเทน (XS),65-028145,10,อากาศปกติ,อุปกรณ์-ชำรุด,ศจฟ,07:14,05:50,07:24,94,1. อภิรักษ์ สาตะรักษ์,รถ : รถแก้ไฟท่าอุเทน,FUSE LINK 22 KV. 3 A.EEI-NEMA TYPE K,1,,2026-04-27
1684,27 เม.ย. 2569,10:03,10:36,33,กฟส.นาแก (S),53-009742,29,อากาศปกติ,สัตว์-งู,ศจฟ,10:03,09:50,10:30,40,1. อนาวิน อาจหาญ,รถ : นก-03,FUSE HOLDER 22 KV. 100 A. 12 KA.,1,,2026-04-27
1685,27 เม.ย. 2569,10:13,10:38,24,กฟส.ศรีสงคราม (XS),32-010572,5,อากาศปกติ,สัตว์-งู,ศจฟ,10:13,10:14,11:05,51,1. ปัญจพงษ์ เศรษฐาไชย,รถ : ศรีสงคราม 02,FUSE LINK 22 KV. 3 A.EEI-NEMA TYPE K,1,,2026-04-27
1686,27 เม.ย. 2569,11:44,12:25,40,กฟส.ศรีสงคราม (XS),SSK02VF-019,2,อากาศปกติ,สัตว์-งู,ศจฟ,11:44,11:45,12:55,70,1. ปัญจพงษ์ เศรษฐาไชย,รถ : ศรีสงคราม 02,FUSE LINK 22 KV. 10 A.EEI-NEMA TYPE K,1,,2026-04-27
1687,27 เม.ย. 2569,11:52,12:30,38,กฟส.ปลาปาก (XS),64-019139,55,อากาศปกติ,สัตว์-งู,ศจฟ,11:52,11:53,12:44,51,1. สุธรรม จันทะผา,รถ : รถแก้ไฟปลาปาก 01,H.R.C. FUSE 50 A.DIN OR BS,1,,2026-04-27
1688,27 เม.ย. 2569,13:58,14:50,51,กฟส.ศรีสงคราม (XS),SSK02VF-009,224,อากาศปกติ,สัตว์-นก/ค้างคาว,ศจฟ,13:58,13:59,14:55,56,1. เชาวลิต หัสรินทร์,รถ : ศรีสงคราม 01,FUSE LINK 22 KV. 20 A.EEI-NEMA TYPE K,2,,2026-04-27
1689,27 เม.ย. 2569,14:32,15:08,36,กฟส.ศรีสงคราม (XS),SSK01VF-034,2,อากาศปกติ,สัตว์-นก/ค้างคาว,ศจฟ,14:32,14:32,15:34,62,1. ปัญจพงษ์ เศรษฐาไชย,รถ : ศรีสงคราม 02,FUSE LINK 22 KV. 20 A.EEI-NEMA TYPE K,1,,2026-04-27
1690,27 เม.ย. 2569,14:39,14:33,0,กฟจ.นครพนม (L),NNA02VF-016,2,อากาศปกติ,สัตว์-นก/ค้างคาว,ศจฟ,14:39,14:00,14:35,35,1. กิติศักดิ์ หาราช  | 2. ทศวรรษ มังคละคีรี  | 3. ประจล ศรีสุราช,รถ : 3ฒภ 2576 กทม (นพ 01),FUSE LINK 22 KV. 8 A.EEI-NEMA TYPE K,2,,2026-04-27
1691,27 เม.ย. 2569,15:36,15:59,22,กฟจ.นครพนม (L),63-034769,100,อากาศปกติ,สัตว์-นก/ค้างคาว,ศจฟ,15:36,14:55,15:35,40,1. กิติศักดิ์ หาราช  | 2. ทศวรรษ มังคละคีรี  | 3. ประจล ศรีสุราช,รถ : 3ฒภ 2576 กทม (นพ 01),"H.R.C. FUSE, BLADE CONTACT, 80 A",2,,2026-04-27
1692,27 เม.ย. 2569,15:51,15:59,8,กฟส.นาแก (S),THA04VF-204,892,อากาศปกติ,สัตว์-กระรอก/กระแต/หนู,ศจฟ,15:51,15:05,16:00,55,1. อนาวิน อาจหาญ,รถ : นก-03,FUSE LINK 22 KV. 25 A.EEI-NEMA TYPE K,3,,2026-04-27
1693,27 เม.ย. 2569,16:53,17:05,12,กฟส.ปลาปาก (XS),36-010709,250,ลมแรง,สัตว์-กระรอก/กระแต/หนู,ศจฟ,16:53,16:55,17:09,14,1. สุธรรม จันทะผา,รถ : รถแก้ไฟปลาปาก 01,"H.R.C. FUSE, BLADE CONTACT, 160 A",1,,2026-04-27
1694,27 เม.ย. 2569,17:20,18:15,54,กฟส.บ้านแพง (S),,602,อากาศปกติ,อุปกรณ์-ชำรุด,ศจฟ,17:20,17:41,18:34,53,1. ชินดนัย คงชะสิงห์,รถ : กระเช้าบ้านแพง,"TIE WIRE,AL 4.0 MM.",2,,2026-04-27
1695,27 เม.ย. 2569,17:21,17:37,15,กฟส.ปลาปาก (XS),NNA07F-39,202,ลมแรง,อุปกรณ์-ชำรุด,ศจฟ,17:21,17:22,17:46,24,1. สุธรรม จันทะผา,รถ : รถแก้ไฟปลาปาก 01,FUSE LINK 22 KV. 20 A.EEI-NEMA TYPE K,2,,2026-04-27
1696,27 เม.ย. 2569,19:30,00:12,282,กฟจ.นครพนม (L),NNA02F-10,155,ลมแรง,อุปกรณ์-ชำรุด,ศจฟ,19:30,20:02,00:14,252,1. ปรีชา เพ็งคำ  | 2. วิเชียร สุวอ  | 3. สันติ อินทิสาร  | 4. เกรียงไกร ลาหมัน,รถ : 81-1269 นพ (นพ 03),FUSE LINK 22 KV. 25 A.EEI-NEMA TYPE K,2,,2026-04-27
1697,27 เม.ย. 2569,19:30,22:30,180,กฟจ.นครพนม (L),NNA01VF-027,93,ฝนตก ฟ้าคะนอง,อุปกรณ์-ชำรุด,ศจฟ,19:30,20:06,08:15,729,1. ปรีชา เพ็งคำ  | 2. วิเชียร สุวอ  | 3. สันติ อินทิสาร  | 4. เกรียงไกร ลาหมัน,รถ : 81-1269 นพ (นพ 03),FUSE LINK 22 KV. 15 A.EEI-NEMA TYPE K,2,,2026-04-27
1698,27 เม.ย. 2569,19:30,23:30,240,กฟจ.นครพนม (L),37-018933,155,ฝนตก ฟ้าคะนอง,อุปกรณ์-ชำรุด,ศจฟ,19:30,20:08,21:29,81,1. ปรีชา เพ็งคำ  | 2. วิเชียร สุวอ  | 3. สันติ อินทิสาร  | 4. เกรียงไกร ลาหมัน,รถ : 3ฒภ 2576 กทม (นพ 01),"H.R.C. FUSE, BLADE CONTACT, 160 A",2,,2026-04-27
1699,27 เม.ย. 2569,19:31,19:58,27,กฟจ.นครพนม (L),NNB01VF-023,1242,ลมแรง,อุปกรณ์-ชำรุด,ศจฟ,19:30,19:57,00:00,243,1. ปรีชา เพ็งคำ  | 2. วิเชียร สุวอ  | 3. สันติ อินทิสาร  | 4. เกรียงไกร ลาหมัน,รถ : 81-1269 นพ (นพ 03),FUSE LINK 22 KV. 10 A.EEI-NEMA TYPE K,1,,2026-04-27
1700,27 เม.ย. 2569,19:31,20:11,40,กฟจ.นครพนม (L),NNA04F-10/1,1,ฝนตก ฟ้าคะนอง,อุปกรณ์-ชำรุด,ศจฟ,19:30,19:30,20:10,40,1. ปรีชา เพ็งคำ  | 2. วิเชียร สุวอ  | 3. สันติ อินทิสาร  | 4. เกรียงไกร ลาหมัน,รถ : 3ฒภ 2576 กทม (นพ 01),FUSE LINK 22 KV. 20 A.EEI-NEMA TYPE K,2,,2026-04-27
1701,27 เม.ย. 2569,20:00,20:36,36,กฟส.ท่าอุเทน (XS),NNA08VF-216,38,ฝนตก ลมแรง,ต้นไม้-กิ่งไม้หักพาดสาย,ศจฟ,20:00,20:30,20:38,8,1. วีระพงษ์ วงตรี,รถ : -,FUSE LINK 22 KV. 15 A.EEI-NEMA TYPE K,4,,2026-04-27
1702,27 เม.ย. 2569,20:00,20:54,54,กฟส.ท่าอุเทน (XS),NNA01VF-203,10,ฝนตก ลมแรง,ต้นไม้-กิ่งไม้หักพาดสาย,ศจฟ,20:00,20:45,20:50,5,1. วีระพงษ์ วงตรี,รถ : -,FUSE LINK 22 KV. 10 A.EEI-NEMA TYPE K,3,,2026-04-27
1703,27 เม.ย. 2569,20:00,20:56,56,กฟส.ท่าอุเทน (XS),67-038468,27,ฝนตก ลมแรง,อุปกรณ์-ชำรุด,ศจฟ,20:00,20:50,20:55,5,1. วีระพงษ์ วงตรี,รถ : -,H.R.C. FUSE 250 A.DIN OR BS,3,,2026-04-27
1704,27 เม.ย. 2569,20:01,20:39,38,กฟส.ท่าอุเทน (XS),NNA08VF-209,1,ฝนตก ลมแรง,ต้นไม้-ต้นไม้ล้มทับสาย,ศจฟ,20:00,20:40,20:44,4,1. วีระพงษ์ วงตรี,รถ : -,FUSE LINK 22 KV. 10 A.EEI-NEMA TYPE K,3,,2026-04-27
1705,27 เม.ย. 2569,20:30,07:23,25133,กฟจ.นครพนม (L),NNA08VF-015,1,ฝนตก ลมแรง,อุปกรณ์-ชำรุด,ศจฟ,20:30,20:53,07:25,25112,1. ปรีชา เพ็งคำ  | 2. วิเชียร สุวอ  | 3. สันติ อินทิสาร  | 4. เกรียงไกร ลาหมัน,รถ : 81-1269 นพ (นพ 03),FUSE LINK 22 KV. 25 A.EEI-NEMA TYPE K,2,,2026-04-27
1706,27 เม.ย. 2569,20:40,00:15,215,กฟจ.นครพนม (L),NNA08VF-039,1,ฝนตก ลมแรง,อุปกรณ์-ชำรุด,ศจฟ,20:40,21:17,00:17,180,1. ปรีชา เพ็งคำ  | 2. วิเชียร สุวอ  | 3. สันติ อินทิสาร  | 4. เกรียงไกร ลาหมัน,รถ : 81-1269 นพ (นพ 03),FUSE LINK 22 KV. 25 A.EEI-NEMA TYPE K,2,,2026-04-27
1707,28 เม.ย. 2569,01:47,06:19,272,กฟส.ธาตุพนม (S),THA03VB-01,198,ฝนตก ลมแรง,อุปกรณ์-ชำรุด,ศจฟ,01:47,04:48,06:38,110,1. สันติ จันทโคตร,รถ : 80-7964 นพ รณ.01,FUSE LINK 22 KV. 30 A.EEI-NEMA TYPE K,1,,2026-04-28
1708,28 เม.ย. 2569,06:50,07:17,27,กฟส.ท่าอุเทน (XS),NNA01VF-208,529,ฝนตก ลมแรง,ต้นไม้-กิ่งไม้หักพาดสาย,ศจฟ,06:50,02:00,03:30,90,1. วีระพงษ์ วงตรี  | 2. อภิรักษ์ สาตะรักษ์,รถ : -,FUSE LINK 22 KV. 10 A.EEI-NEMA TYPE K,3,,2026-04-28
1709,28 เม.ย. 2569,06:51,07:11,20,กฟส.โพนสวรรค์ (XS),NNA01F-38,1739,ฝนตก ฟ้าคะนอง,ภัยธรรมชาติ-พายุฤดูร้อน/พายุดีเปรสชั่น,ศจฟ,06:51,17:04,18:30,86,1. เพชราวุธ โพชราช,รถ : โพนสวรรค์-02,FUSE LINK 22 KV. 40 A.EEI-NEMA TYPE K,3,,2026-04-28
1710,28 เม.ย. 2569,06:52,07:24,31,กฟส.โพนสวรรค์ (XS),NNA01F-41,758,ฝนตก ฟ้าคะนอง,ภัยธรรมชาติ-พายุฤดูร้อน/พายุดีเปรสชั่น,ศจฟ,06:52,19:10,20:17,67,1. เพชราวุธ โพชราช,รถ : โพนสวรรค์-02,FUSE LINK 22 KV. 25 A.EEI-NEMA TYPE K,3,,2026-04-28
1711,28 เม.ย. 2569,06:53,07:40,47,กฟส.โพนสวรรค์ (XS),28-018077,225,ฝนตก ลมแรง,ภัยธรรมชาติ-พายุฤดูร้อน/พายุดีเปรสชั่น,ศจฟ,06:52,05:20,08:01,161,1. เพชราวุธ โพชราช,รถ : โพนสวรรค์-02,"CABLE,AL,750 V,50 SQ.MM. TIS.293",15,,2026-04-28
1712,28 เม.ย. 2569,06:53,07:28,35,กฟส.โพนสวรรค์ (XS),NNA01F-39,527,ฝนตก ลมแรง,ภัยธรรมชาติ-พายุฤดูร้อน/พายุดีเปรสชั่น,ศจฟ,06:53,20:19,21:53,94,1. เพชราวุธ โพชราช,รถ : โพนสวรรค์-02,FUSE LINK 22 KV. 25 A.EEI-NEMA TYPE K,2,,2026-04-28
1713,28 เม.ย. 2569,06:54,07:36,42,กฟส.โพนสวรรค์ (XS),NNA01F-22/1,908,ฝนตก ลมแรง,ภัยธรรมชาติ-พายุฤดูร้อน/พายุดีเปรสชั่น,ศจฟ,06:54,03:20,05:12,112,1. เพชราวุธ โพชราช,รถ : โพนสวรรค์-02,FUSE LINK 22 KV. 15 A.EEI-NEMA TYPE K,2,,2026-04-28
1714,28 เม.ย. 2569,07:02,07:32,29,กฟส.โพนสวรรค์ (XS),NNA01F-45,876,ฝนตก ลมแรง,ภัยธรรมชาติ-พายุฤดูร้อน/พายุดีเปรสชั่น,ศจฟ,07:02,01:06,03:19,133,1. เพชราวุธ โพชราช,รถ : โพนสวรรค์-02,FUSE LINK 22 KV. 25 A.EEI-NEMA TYPE K,4,,2026-04-28
1715,28 เม.ย. 2569,08:26,08:00,0,กฟส.บ้านแพง (S),SSK08F-65,789,ฝนตก ฟ้าคะนอง,ภัยธรรมชาติ-พายุฤดูร้อน/พายุดีเปรสชั่น,ศจฟ,08:26,07:30,08:30,60,1. ชินดนัย คงชะสิงห์,รถ : กระเช้าบ้านแพง,FUSE LINK 22 KV. 15 A.EEI-NEMA TYPE K,2,,2026-04-28
1716,28 เม.ย. 2569,08:38,11:13,155,กฟส.นาหว้า (XS),SSK04VF-107,865,ฝนตก ฟ้าคะนอง,ภัยธรรมชาติ-พายุฤดูร้อน/พายุดีเปรสชั่น,ศจฟ,08:38,10:28,11:16,48,1. อัมรินทร์ วะราวัง,รถ : นาหว้า 02,FUSE LINK 22 KV. 25 A.EEI-NEMA TYPE K,1,,2026-04-28
1717,28 เม.ย. 2569,08:39,11:50,191,กฟส.ธาตุพนม (S),THA01VF-001,419,ฝนตก,ต้นไม้-กิ่งไม้หักพาดสาย,ศจฟ,08:39,10:28,12:00,92,1. นรากร แสนโสม  | 2. เกรียงศักดิ์ สุพรรณคุ้ม,รถ : ธพ 03,FUSE LINK 22 KV. 20 A.EEI-NEMA TYPE K,3,,2026-04-28
1718,28 เม.ย. 2569,08:59,09:20,20,กฟส.บ้านแพง (S),SEK01F-61,314,อากาศปกติ,อุปกรณ์-ชำรุด,ศจฟ,08:59,09:05,10:34,89,1. รชานนท์ โมธรรม,รถ : บ้านแพง01,FUSE LINK 22 KV. 30 A.EEI-NEMA TYPE K,2,,2026-04-28
1719,28 เม.ย. 2569,09:43,11:23,100,กฟส.ธาตุพนม (S),THA02VF-013,339,ฝนตก,ต้นไม้-ต้นไม้ล้มทับสาย,ศจฟ,09:43,10:40,11:25,45,1. นรากร แสนโสม  | 2. เกรียงศักดิ์ สุพรรณคุ้ม,รถ : ธพ 03,FUSE LINK 22 KV. 20 A.EEI-NEMA TYPE K,3,,2026-04-28
1720,28 เม.ย. 2569,10:00,11:07,67,กฟส.ธาตุพนม (S),THA02VF-012,206,ฝนตก,ต้นไม้-กิ่งไม้หักพาดสาย,ศจฟ,10:00,09:00,09:40,40,1. นรากร แสนโสม  | 2. เกรียงศักดิ์ สุพรรณคุ้ม,รถ : กระเช้าธาตุพนม,FUSE LINK 22 KV. 25 A.EEI-NEMA TYPE K,3,,2026-04-28
1721,28 เม.ย. 2569,10:30,11:17,47,กฟส.ธาตุพนม (S),THA07VF-018,106,ฝนตก ลมแรง,ต้นไม้-กิ่งไม้หักพาดสาย,ศจฟ,10:30,11:12,11:19,7,1. นรากร แสนโสม,รถ : กระเช้าธาตุพนม,FUSE LINK 22 KV. 15 A.EEI-NEMA TYPE K,2,,2026-04-28
1722,28 เม.ย. 2569,10:33,11:23,49,กฟส.ธาตุพนม (S),THA05VF-020,2,ฝนตก ฟ้าคะนอง,ต้นไม้-กิ่งไม้หักพาดสาย,ศจฟ,10:33,11:17,11:26,9,1. นรากร แสนโสม,รถ : กระเช้าธาตุพนม,FUSE LINK 22 KV. 25 A.EEI-NEMA TYPE K,3,,2026-04-28
1723,28 เม.ย. 2569,11:00,11:55,54,กฟจ.นครพนม (L),NNA01VF-048,287,ฝนตก ฟ้าคะนอง,ต้นไม้-กิ่งไม้หักพาดสาย,ศจฟ,11:00,08:30,09:13,43,1. ทศวรรษ มังคละคีรี  | 2. ธำรงรัตน์ สระแก้ว,รถ : 3ฒภ 2576 กทม (นพ 01),FUSE LINK 22 KV. 3 A.EEI-NEMA TYPE K,2,,2026-04-28
1724,28 เม.ย. 2569,11:01,11:57,56,กฟจ.นครพนม (L),NNA02VF-013,957,ฝนตก ฟ้าคะนอง,ต้นไม้-กิ่งไม้หักพาดสาย,ศจฟ,11:00,10:00,10:57,57,1. ทศวรรษ มังคละคีรี  | 2. ธำรงรัตน์ สระแก้ว,รถ : 3ฒภ 2576 กทม (นพ 01),FUSE LINK 22 KV. 20 A.EEI-NEMA TYPE K,2,,2026-04-28
1725,28 เม.ย. 2569,11:25,11:33,8,กฟส.ธาตุพนม (S),THA01VF-024,32,ฝนตก ฟ้าคะนอง,ต้นไม้-กิ่งไม้หักพาดสาย,ศจฟ,11:25,11:26,11:35,9,1. นรากร แสนโสม  | 2. เกรียงศักดิ์ สุพรรณคุ้ม,รถ : กระเช้าธาตุพนม,FUSE LINK 22 KV. 15 A.EEI-NEMA TYPE K,2,,2026-04-28
1726,28 เม.ย. 2569,11:27,13:04,97,กฟส.ธาตุพนม (S),THA07VF-023,40,ฝนตก,ต้นไม้-ต้นไม้เลื้อย/โตมาแตะสาย,ศจฟ,11:27,11:31,13:06,95,1. นรากร แสนโสม  | 2. เกรียงศักดิ์ สุพรรณคุ้ม,รถ : ธพ 03,FUSE LINK 22 KV. 10 A.EEI-NEMA TYPE K,2,,2026-04-28
1727,28 เม.ย. 2569,11:51,12:10,18,กฟส.ธาตุพนม (S),THA06VF-016,1758,ฝนตก ฟ้าคะนอง,ต้นไม้-กิ่งไม้หักพาดสาย,ศจฟ,11:51,11:52,12:15,23,1. นรากร แสนโสม  | 2. เกรียงศักดิ์ สุพรรณคุ้ม,รถ : กระเช้าธาตุพนม,FUSE LINK 22 KV. 20 A.EEI-NEMA TYPE K,3,,2026-04-28
1728,28 เม.ย. 2569,12:00,12:40,40,กฟส.นาแก (S),THA03VF-202,711,ฝนตก ลมแรง,ต้นไม้-กิ่งไม้หักพาดสาย,ศจฟ,12:00,12:25,12:42,17,1. วรพันธุ์ ตันสมรส,รถ : นก-02,FUSE LINK 22 KV. 30 A.EEI-NEMA TYPE K,3,,2026-04-28
1729,28 เม.ย. 2569,12:00,12:42,42,กฟส.นาแก (S),THA04VF-236,207,อากาศปกติ,ต้นไม้-กิ่งไม้หักพาดสาย,ศจฟ,12:00,12:26,12:45,19,1. วรพันธุ์ ตันสมรส,รถ : นก-02,FUSE LINK 22 KV. 20 A.EEI-NEMA TYPE K,3,,2026-04-28
1730,28 เม.ย. 2569,12:01,12:48,47,กฟส.นาแก (S),THA04VF-231-1,125,ฝนตก ลมแรง,ต้นไม้-กิ่งไม้หักพาดสาย,ศจฟ,12:00,12:39,12:50,11,1. วรพันธุ์ ตันสมรส,รถ : นก-02,FUSE LINK 22 KV. 10 A.EEI-NEMA TYPE K,3,,2026-04-28
1731,28 เม.ย. 2569,14:00,14:45,45,กฟจ.นครพนม (L),31-000862,25,ฝนตก ลมแรง,ต้นไม้-กิ่งไม้หักพาดสาย,ศจฟ,14:00,13:00,14:47,107,1. ทศวรรษ มังคละคีรี  | 2. ธำรงรัตน์ สระแก้ว,รถ : 3ฒภ 2576 กทม (นพ 01),"CABLE,AL,750 V,50 SQ.MM. TIS.293",10,,2026-04-28
1732,28 เม.ย. 2569,14:00,15:52,112,กฟจ.นครพนม (L),53-007590,51,ฝนตก ลมแรง,ต้นไม้-กิ่งไม้หักพาดสาย,ศจฟ,14:00,15:00,15:53,53,1. ทศวรรษ มังคละคีรี  | 2. ธำรงรัตน์ สระแก้ว,รถ : 3ฒภ 2576 กทม (นพ 01),"CONN.,PG,DOUBLE BOLT,AL 25-95 SQ.MM.",2,,2026-04-28
1733,28 เม.ย. 2569,14:20,16:02,102,กฟส.นาทม (XS),54-011702,35,ฝนตก ลมแรง,ต้นไม้-กิ่งไม้หักพาดสาย,ศจฟ,14:20,14:53,16:08,75,1. วราวุธ นาขมิ้น,รถ : นาทม 02,"CABLE,AL,750 V,50 SQ.MM. TIS.293",5,,2026-04-28
1734,28 เม.ย. 2569,17:16,19:00,104,กฟส.นาหว้า (XS),SSK04VF-101,902,ฝนตก ลมแรง,ต้นไม้-กิ่งไม้หักพาดสาย,ศจฟ,17:16,18:14,19:04,50,1. อัมรินทร์ วะราวัง,รถ : -,COVERED TIE WIRE.AL.4.0 MM.,2,,2026-04-28
1735,28 เม.ย. 2569,18:18,18:15,0,กฟส.ธาตุพนม (S),63-035887,177,ฝนตก ลมแรง,ต้นไม้-กิ่งไม้หักพาดสาย,ศจฟ,18:18,17:20,18:20,60,1. ปริเยศ หาญพงศ์ศรี,รถ : กระเช้าธาตุพนม,"CABLE,AL,750 V,50 SQ.MM. TIS.293",4,,2026-04-28
1736,28 เม.ย. 2569,18:29,18:43,14,กฟส.นาแก (S),THA04VF-211,311,ฝนตก ลมแรง,ต้นไม้-กิ่งไม้หักพาดสาย,ศจฟ,18:29,18:30,18:45,15,1. วรพันธุ์ ตันสมรส,รถ : นก-03,FUSE LINK 22 KV. 20 A.EEI-NEMA TYPE K,3,,2026-04-28
1737,28 เม.ย. 2569,18:30,19:05,35,กฟส.ปลาปาก (XS),THA02F-38/1,259,ลมแรง,สัตว์-งู,ศจฟ,18:30,18:31,20:06,95,1. ศักดิพัฒน์ บุราณเดช,รถ : รถแก้ไฟปลาปาก 01,FUSE LINK 22 KV. 20 A.EEI-NEMA TYPE K,3,,2026-04-28
1738,28 เม.ย. 2569,18:31,18:46,15,กฟส.นาแก (S),THA04VF-228,1309,ฝนตก ลมแรง,สัตว์-งู,ศจฟ,18:31,18:32,18:48,16,1. วรพันธุ์ ตันสมรส,รถ : นก-03,FUSE LINK 22 KV. 30 A.EEI-NEMA TYPE K,3,,2026-04-28
1739,28 เม.ย. 2569,19:40,18:17,0,กฟจ.นครพนม (L),61-004913,7,ฝนตก ลมแรง,สัตว์-งู,ศจฟ,19:40,17:00,18:00,60,1. ทศวรรษ มังคละคีรี  | 2. ภานุวัฒน์ สิงห์ทองไชย,รถ : 81-1269 นพ (นพ 03),"CABLE,AL,750 V,50 SQ.MM. TIS.293",10,,2026-04-28
1740,28 เม.ย. 2569,19:46,20:01,15,กฟส.นาแก (S),THA04VF-241,240,ฝนตก ลมแรง,สัตว์-งู,ศจฟ,19:46,19:46,20:03,17,1. วรพันธุ์ ตันสมรส,รถ : นก-03,FUSE LINK 22 KV. 10 A.EEI-NEMA TYPE K,3,,2026-04-28
1741,28 เม.ย. 2569,19:49,20:07,18,กฟส.นาหว้า (XS),SSK06F-16/1,195,ฝนตก ลมแรง,สัตว์-งู,ศจฟ,19:49,19:50,20:09,19,1. อัมรินทร์ วะราวัง,รถ : นาหว้า 02,FUSE LINK 22 KV. 20 A.EEI-NEMA TYPE K,2,,2026-04-28
1742,28 เม.ย. 2569,19:50,20:28,38,กฟส.ศรีสงคราม (XS),BFA01VF-205,631,ฝนตก ฟ้าคะนอง,ภัยธรรมชาติ-พายุฤดูร้อน/พายุดีเปรสชั่น,ศจฟ,19:49,19:50,20:52,62,1. ปัญจพงษ์ เศรษฐาไชย,รถ : ศรีสงคราม 02,FUSE LINK 22 KV. 25 A.EEI-NEMA TYPE K,2,,2026-04-28
1743,28 เม.ย. 2569,19:57,21:30,93,กฟจ.นครพนม (L),NNB01VF-035,311,ฝนตก ฟ้าคะนอง,ภัยธรรมชาติ-พายุฤดูร้อน/พายุดีเปรสชั่น,ศจฟ,19:57,19:58,21:30,92,1. ชัยยา มาตขาว  | 2. ทศวรรษ มังคละคีรี  | 3. ประจล ศรีสุราช,รถ : 3ฒภ 2576 กทม (นพ 01),FUSE LINK 22 KV. 25 A.EEI-NEMA TYPE K,3,,2026-04-28
1744,28 เม.ย. 2569,20:16,20:17,1,กฟส.นาแก (S),52-003578,188,ฝนตก ลมแรง,ภัยธรรมชาติ-พายุฤดูร้อน/พายุดีเปรสชั่น,ศจฟ,20:16,20:17,20:19,3,1. วรพันธุ์ ตันสมรส,รถ : นก-03,FUSE LINK 22 KV. 5-6 A.EEI-NEMA TYPE K,2,,2026-04-28
1745,28 เม.ย. 2569,20:40,22:26,106,กฟจ.นครพนม (L),65-031423,109,ฝนตก ลมแรง,ภัยธรรมชาติ-พายุฤดูร้อน/พายุดีเปรสชั่น,ศจฟ,20:40,20:30,21:30,60,1. ทศวรรษ มังคละคีรี  | 2. ภานุวัฒน์ สิงห์ทองไชย,รถ : 81-1269 นพ (นพ 03),"CONN.,PG,DOUBLE BOLT,AL 25-95 SQ.MM.",2,,2026-04-28
1746,28 เม.ย. 2569,21:03,22:30,87,กฟจ.นครพนม (L),NNA04F-10/1,1,ฝนตก ลมแรง,ภัยธรรมชาติ-พายุฤดูร้อน/พายุดีเปรสชั่น,ศจฟ,21:03,21:30,23:00,90,1. ชัยยา มาตขาว  | 2. ทศวรรษ มังคละคีรี  | 3. ประจล ศรีสุราช,รถ : 3ฒภ 2576 กทม (นพ 01),FUSE LINK 22 KV. 25 A.EEI-NEMA TYPE K,2,,2026-04-28
1747,28 เม.ย. 2569,22:19,22:30,11,กฟส.บ้านแพง (S),SSK08F-65-1,521,อากาศปกติ,สัตว์-งู,ศจฟ,22:19,22:00,22:30,30,1. ณัฐดนัย ขันถม,รถ : กระเช้าบ้านแพง,FUSE LINK 22 KV. 15 A.EEI-NEMA TYPE K,2,,2026-04-28
1748,28 เม.ย. 2569,22:25,08:11,586,กฟส.นาหว้า (XS),60-027549,9,อากาศปกติ,สัตว์-งู,ศจฟ,22:25,22:25,08:37,612,1. สุรธรรม แพงเหนือ,รถ : นาหว้า 02,"CABLE,AL,750 V,50 SQ.MM. TIS.293",2,,2026-04-28
1749,29 เม.ย. 2569,06:42,06:48,6,กฟส.โพนสวรรค์ (XS),51-002664,51,อากาศปกติ,ภัยธรรมชาติ-พายุฤดูร้อน/พายุดีเปรสชั่น,ศจฟ,06:42,04:40,06:40,120,1. ทรงกลด มาศศรี  | 2. เพชราวุธ โพชราช,รถ : โพนสวรรค์-03,"H.R.C. FUSE, BLADE CONTACT, 80 A",2,,2026-04-29
1750,29 เม.ย. 2569,06:43,07:25,42,กฟส.ศรีสงคราม (XS),SSK01VF-025,222,อากาศปกติ,ฉุกเฉิน-ฉุกเฉินอื่นๆ,ศจฟ,06:43,06:44,07:56,72,1. ปัญจพงษ์ เศรษฐาไชย,รถ : ศรีสงคราม 02,FUSE LINK 22 KV. 25 A.EEI-NEMA TYPE K,1,,2026-04-29
1751,29 เม.ย. 2569,06:55,07:24,29,กฟส.โพนสวรรค์ (XS),SSK07F-03,54,อากาศปกติ,ฉุกเฉิน-ฉุกเฉินอื่นๆ,ศจฟ,06:55,06:00,07:32,92,1. ทรงกลด มาศศรี  | 2. เพชราวุธ โพชราช,รถ : โพนสวรรค์-03,FUSE LINK 22 KV. 15 A.EEI-NEMA TYPE K,2,,2026-04-29
1752,29 เม.ย. 2569,08:01,08:12,11,กฟส.โพนสวรรค์ (XS),5800670717,1,อากาศชื้น / หมอก,ภัยธรรมชาติ-พายุฤดูร้อน/พายุดีเปรสชั่น,ศจฟ,08:01,07:35,08:32,57,1. ทรงกลด มาศศรี  | 2. เพชราวุธ โพชราช,รถ : โพนสวรรค์-03,"CABLE,CU,PVC,INS.&JAC. 600V, 2X10 SQ.MM.",7,,2026-04-29
1753,29 เม.ย. 2569,10:30,15:04,274,กฟส.โพนสวรรค์ (XS),NNA01F-42,38,อากาศปกติ,ภัยธรรมชาติ-พายุฤดูร้อน/พายุดีเปรสชั่น,ศจฟ,10:30,11:35,13:05,90,1. เพชราวุธ โพชราช,รถ : โพนสวรรค์-03,FUSE LINK 22 KV. 15 A.EEI-NEMA TYPE K,2,,2026-04-29
1754,29 เม.ย. 2569,13:00,11:32,0,กฟจ.นครพนม (L),NNB02VF-031,123,อากาศปกติ,สัตว์-งู,ศจฟ,13:00,10:37,11:34,57,1. ถวิล เมษาคุณ  | 2. ปรีชา เพ็งคำ  | 3. พิพัฒน์ พิมพ์ศรี,รถ : 3ฒภ 2576 กทม (นพ 01),FUSE LINK 22 KV. 15 A.EEI-NEMA TYPE K,2,,2026-04-29
1755,29 เม.ย. 2569,14:00,14:00,0,กฟจ.นครพนม (L),NNB01VF-005,139,อากาศปกติ,สัตว์-งู,ศจฟ,14:00,13:00,14:01,61,1. ถวิล เมษาคุณ  | 2. ปรีชา เพ็งคำ  | 3. พิพัฒน์ พิมพ์ศรี,รถ : 3ฒภ 2576 กทม (นพ 01),FUSE LINK 22 KV. 15 A.EEI-NEMA TYPE K,1,,2026-04-29
1756,29 เม.ย. 2569,16:26,10:00,0,กฟจ.นครพนม (L),65-031423,109,อากาศปกติ,ต้นไม้-ต้นไม้ล้มทับสาย,ศจฟ,16:26,08:30,09:30,60,1. ถวิล เมษาคุณ  | 2. ปรีชา เพ็งคำ  | 3. พิพัฒน์ พิมพ์ศรี,รถ : 3ฒภ 2576 กทม (นพ 01),"CABLE,AL,750 V,50 SQ.MM. TIS.293",15,,2026-04-29
1757,29 เม.ย. 2569,16:32,16:30,0,กฟจ.นครพนม (L),64-008211,40,อากาศปกติ,ต้นไม้-ต้นไม้ล้มทับสาย,ศจฟ,16:32,15:00,16:30,90,1. ธำรงรัตน์ สระแก้ว  | 2. พิพัฒน์ พิมพ์ศรี  | 3. สุรวุฒิ สุขแสงดาว  | 4. เกรียงไกร ลาหมัน,รถ : 3ฒภ 2576 กทม (นพ 01),"CABLE,AL,750 V,50 SQ.MM. TIS.293",10,,2026-04-29
1758,29 เม.ย. 2569,18:02,19:21,79,กฟจ.นครพนม (L),NNA01VF-059,103,อากาศปกติ,ต้นไม้-ลมพัดต้นไม้มาแตะสาย,ศจฟ,18:02,18:03,19:22,79,1. ธำรงรัตน์ สระแก้ว  | 2. พิพัฒน์ พิมพ์ศรี  | 3. สุรวุฒิ สุขแสงดาว  | 4. เกรียงไกร ลาหมัน,รถ : 3ฒภ 2576 กทม (นพ 01),FUSE LINK 22 KV. 15 A.EEI-NEMA TYPE K,2,,2026-04-29
1759,29 เม.ย. 2569,19:46,21:05,79,กฟส.โพนสวรรค์ (XS),SSK09F-08,295,ลมแรง,ภัยธรรมชาติ-พายุฤดูร้อน/พายุดีเปรสชั่น,ศจฟ,19:46,19:30,21:18,108,1. วรัญญู สังรวมใจ,รถ : โพนสวรรค์-03,FUSE LINK 22 KV. 20 A.EEI-NEMA TYPE K,1,,2026-04-29
1760,29 เม.ย. 2569,21:37,21:39,2,กฟส.ธาตุพนม (S),63-033027,66,ลมแรง,ภัยธรรมชาติ-พายุฤดูร้อน/พายุดีเปรสชั่น,ศจฟ,21:37,20:34,21:34,60,1. อติชาติ เมืองงาม,รถ : กระเช้าธาตุพนม,"HOTLINE BAIL-CLAMP,MAIN 70-185 SQ.MM.",3,,2026-04-29
1761,30 เม.ย. 2569,06:10,07:11,61,กฟส.ศรีสงคราม (XS),SSK02VF-020,730,ฝนตก,ภัยธรรมชาติ-พายุฤดูร้อน/พายุดีเปรสชั่น,ศจฟ,06:10,06:15,07:27,72,1. ปัญจพงษ์ เศรษฐาไชย,รถ : ศรีสงคราม 02,FUSE LINK 22 KV. 20 A.EEI-NEMA TYPE K,1,,2026-04-30
1762,30 เม.ย. 2569,06:40,08:21,101,กฟส.โพนสวรรค์ (XS),SSK09F-07,1888,อากาศชื้น / หมอก,ภัยธรรมชาติ-พายุฤดูร้อน/พายุดีเปรสชั่น,ศจฟ,06:40,06:00,08:30,150,1. วรัญญู สังรวมใจ,รถ : โพนสวรรค์-03,FUSE LINK 22 KV. 20 A.EEI-NEMA TYPE K,1,,2026-04-30
1763,30 เม.ย. 2569,07:32,08:03,31,กฟส.ศรีสงคราม (XS),SSK01VF-020,510,ฝนตก,ภัยธรรมชาติ-พายุฤดูร้อน/พายุดีเปรสชั่น,ศจฟ,07:32,07:33,08:28,55,1. ปัญจพงษ์ เศรษฐาไชย,รถ : ศรีสงคราม 02,FUSE LINK 22 KV. 25 A.EEI-NEMA TYPE K,1,,2026-04-30
1764,30 เม.ย. 2569,09:28,10:41,73,กฟจ.นครพนม (L),45-025097,28,ฝนตก,ภัยธรรมชาติ-พายุฤดูร้อน/พายุดีเปรสชั่น,ศจฟ,09:28,09:30,10:49,79,1. ถวิล เมษาคุณ  | 2. วิเชียร สุวอ  | 3. หฤษฎ์ ถูระวัน,รถ : รถกระเช้า (04),"CABLE,AL,750 V,50 SQ.MM. TIS.293",20,,2026-04-30
1765,30 เม.ย. 2569,10:20,10:41,20,กฟส.บ้านแพง (S),56-009540,100,ฝนตก,ภัยธรรมชาติ-พายุฤดูร้อน/พายุดีเปรสชั่น,ศจฟ,10:20,10:21,10:45,24,1. รชานนท์ โมธรรม,รถ : กระเช้าบ้านแพง,H.R.C. FUSE 50 A.DIN OR BS,1,,2026-04-30
1766,30 เม.ย. 2569,10:50,11:12,22,กฟจ.นครพนม (L),NNA04F-05,503,อากาศปกติ,สัตว์-งู,ศจฟ,10:50,10:51,11:14,23,1. ถวิล เมษาคุณ  | 2. วิเชียร สุวอ  | 3. หฤษฎ์ ถูระวัน,รถ : รถกระเช้า (04),FUSE HOLDER 22 KV. 100 A. 12 KA.,1,,2026-04-30
1767,30 เม.ย. 2569,10:53,11:07,14,กฟส.บ้านแพง (S),SSK08F-63,103,อากาศปกติ,สัตว์-งู,ศจฟ,10:53,10:54,11:10,16,1. รชานนท์ โมธรรม,รถ : กระเช้าบ้านแพง,"COND.,ACSR 50/8 SQ.MM.TIS.86",15,,2026-04-30
1768,30 เม.ย. 2569,11:18,12:32,73,กฟจ.นครพนม (L),68-004458,39,ฝนตก ลมแรง,ต้นไม้-ต้นไม้ล้มทับสาย,ศจฟ,11:18,11:23,12:34,71,1. ถวิล เมษาคุณ  | 2. วิเชียร สุวอ  | 3. หฤษฎ์ ถูระวัน,รถ : รถกระเช้า (04),"CABLE,AL,750 V,50 SQ.MM. TIS.293",20,,2026-04-30
1769,30 เม.ย. 2569,11:29,14:39,190,กฟจ.นครพนม (L),59-024393,115,ฝนตก ลมแรง,ต้นไม้-ต้นไม้ล้มทับสาย,ศจฟ,11:29,11:30,14:41,191,1. ถวิล เมษาคุณ  | 2. ปรีชา เพ็งคำ  | 3. ภานุวัฒน์ สิงห์ทองไชย  | 4. วิเชียร สุวอ  | 5. หฤษฎ์ ถูระวัน  | 6. เกรียงไกร ลาหมัน,รถ : รถกระเช้า (04),"CABLE,AL,750 V,95 SQ.MM. TIS.293",20,,2026-04-30
1770,30 เม.ย. 2569,11:46,11:56,10,กฟส.นาหว้า (XS),63-029954,24,ฝนตก ลมแรง,ต้นไม้-ต้นไม้ล้มทับสาย,ศจฟ,11:46,11:48,11:58,10,1. อัมรินทร์ วะราวัง,รถ : -,"CABLE LUG,NEMA 2-HOLE,AL 50 SQ.MM.",2,,2026-04-30
1771,30 เม.ย. 2569,13:20,14:04,44,กฟจ.นครพนม (L),50-003786,67,ฝนตก ลมแรง,ต้นไม้-ต้นไม้ล้มทับสาย,ศจฟ,13:20,13:23,14:08,45,1. ถวิล เมษาคุณ  | 2. ปรีชา เพ็งคำ  | 3. ภานุวัฒน์ สิงห์ทองไชย  | 4. วิเชียร สุวอ  | 5. หฤษฎ์ ถูระวัน  | 6. เกรียงไกร ลาหมัน,รถ : รถกระเช้า (04),"CABLE,AL,750 V,50 SQ.MM. TIS.293",20,,2026-04-30
1772,30 เม.ย. 2569,13:34,13:43,9,กฟส.บ้านแพง (S),60-031164,5,ฝนตก ลมแรง,ต้นไม้-ต้นไม้ล้มทับสาย,ศจฟ,13:34,13:10,13:45,35,1. รชานนท์ โมธรรม,รถ : กระเช้าบ้านแพง,"DROPOUT,FUSE,22 KV.100 A.12 KA",1,,2026-04-30
1773,30 เม.ย. 2569,14:47,15:13,26,กฟจ.นครพนม (L),NNB01VF-005,139,ฝนตก ลมแรง,ภัยธรรมชาติ-พายุฤดูร้อน/พายุดีเปรสชั่น,ศจฟ,14:47,14:48,15:15,27,1. ถวิล เมษาคุณ  | 2. ปรีชา เพ็งคำ  | 3. ภานุวัฒน์ สิงห์ทองไชย  | 4. วิเชียร สุวอ  | 5. หฤษฎ์ ถูระวัน  | 6. เกรียงไกร ลาหมัน,รถ : รถกระเช้า (04),FUSE LINK 22 KV. 30 A.EEI-NEMA TYPE K,3,,2026-04-30
1774,30 เม.ย. 2569,14:59,15:40,40,กฟส.ศรีสงคราม (XS),SSK01VF-021,1,อากาศปกติ,สัตว์-กระรอก/กระแต/หนู,ศจฟ,14:59,15:00,15:49,49,1. เชาวลิต หัสรินทร์,รถ : ศรีสงคราม 01,FUSE LINK 22 KV. 20 A.EEI-NEMA TYPE K,2,,2026-04-30
1775,30 เม.ย. 2569,15:16,15:30,14,กฟจ.นครพนม (L),60-031680,12,ฝนตก ฟ้าคะนอง,ภัยธรรมชาติ-พายุฤดูร้อน/พายุดีเปรสชั่น,ศจฟ,15:16,15:19,15:33,14,1. ถวิล เมษาคุณ  | 2. ปรีชา เพ็งคำ  | 3. ภานุวัฒน์ สิงห์ทองไชย  | 4. วิเชียร สุวอ  | 5. หฤษฎ์ ถูระวัน  | 6. เกรียงไกร ลาหมัน,รถ : รถกระเช้า (04),FUSE HOLDER 22 KV. 100 A. 12 KA.,1,,2026-04-30
1776,30 เม.ย. 2569,15:53,16:20,27,กฟจ.นครพนม (L),NNA10VF-001-1,242,ฝนตก ฟ้าคะนอง,ภัยธรรมชาติ-พายุฤดูร้อน/พายุดีเปรสชั่น,ศจฟ,15:53,15:53,08:15,982,1. ถวิล เมษาคุณ  | 2. ปรีชา เพ็งคำ  | 3. ภานุวัฒน์ สิงห์ทองไชย  | 4. วิเชียร สุวอ  | 5. หฤษฎ์ ถูระวัน  | 6. เกรียงไกร ลาหมัน,รถ : รถกระเช้า (04),FUSE LINK 22 KV. 25 A.EEI-NEMA TYPE K,2,,2026-04-30
1777,30 เม.ย. 2569,16:30,17:00,29,กฟจ.นครพนม (L),NNA02VF-030,574,ฝนตก ลมแรง,ภัยธรรมชาติ-พายุฤดูร้อน/พายุดีเปรสชั่น,ศจฟ,16:30,17:11,08:21,910,1. ถวิล เมษาคุณ  | 2. ปรีชา เพ็งคำ  | 3. ภานุวัฒน์ สิงห์ทองไชย  | 4. วิเชียร สุวอ  | 5. หฤษฎ์ ถูระวัน  | 6. เกรียงไกร ลาหมัน,รถ : รถกระเช้า (04),FUSE HOLDER 22 KV. 100 A. 12 KA.,1,,2026-04-30
1778,1 พ.ค. 2569,07:20,08:13,53,กฟส.นาแก (S),63-004469,88,อากาศปกติ,ภัยธรรมชาติ-พายุฤดูร้อน/พายุดีเปรสชั่น,ศจฟ,07:20,08:03,08:15,12,1. วรพันธุ์ ตันสมรส,รถ : นก-03,FUSE LINK 22 KV. 5-6 A.EEI-NEMA TYPE K,2,,2026-05-01
1779,1 พ.ค. 2569,10:58,11:27,29,กฟจ.นครพนม (L),67-036330,10,อากาศปกติ,ภัยธรรมชาติ-พายุฤดูร้อน/พายุดีเปรสชั่น,ศจฟ,10:58,10:58,11:30,32,1. จันทะคาด บัวเคน  | 2. นลธวัช ศรีหาเศษ  | 3. วสันต์ชัย ดวงสูงเนิน,รถ : 3ฒภ 2576 กทม (นพ 01),"CABLE,AL,750 V,50 SQ.MM. TIS.293",20,,2026-05-01
1780,1 พ.ค. 2569,11:10,07:00,0,กฟส.ท่าอุเทน (XS),SSK02VF-265,123,อากาศปกติ,ภัยธรรมชาติ-พายุฤดูร้อน/พายุดีเปรสชั่น,ศจฟ,11:10,06:30,07:40,70,1. สุรธวัช วุฒิสาร,รถ : รถแก้ไฟท่าอุเทน,FUSE LINK 22 KV. 20 A.EEI-NEMA TYPE K,3,,2026-05-01
1781,1 พ.ค. 2569,11:33,12:25,51,กฟจ.นครพนม (L),45-019527,59,อากาศปกติ,ภัยธรรมชาติ-พายุฤดูร้อน/พายุดีเปรสชั่น,ศจฟ,11:33,11:34,12:30,56,1. จันทะคาด บัวเคน  | 2. นลธวัช ศรีหาเศษ  | 3. วสันต์ชัย ดวงสูงเนิน,รถ : 3ฒภ 2576 กทม (นพ 01),"CABLE,AL,750 V,50 SQ.MM. TIS.293",20,,2026-05-01
1782,1 พ.ค. 2569,13:34,14:15,40,กฟจ.นครพนม (L),NNB01VF-039,79,อากาศปกติ,ภัยธรรมชาติ-พายุฤดูร้อน/พายุดีเปรสชั่น,ศจฟ,13:34,13:35,14:18,43,1. จันทะคาด บัวเคน  | 2. นลธวัช ศรีหาเศษ  | 3. วสันต์ชัย ดวงสูงเนิน,รถ : 3ฒภ 2576 กทม (นพ 01),FUSE HOLDER 22 KV. 100 A. 12 KA.,1,,2026-05-01
1783,1 พ.ค. 2569,14:23,14:50,27,กฟจ.นครพนม (L),NNA01VF-026,490,ฝนตก ลมแรง,ภัยธรรมชาติ-พายุฤดูร้อน/พายุดีเปรสชั่น,ศจฟ,14:23,14:23,14:54,31,1. จันทะคาด บัวเคน  | 2. นลธวัช ศรีหาเศษ  | 3. วสันต์ชัย ดวงสูงเนิน,รถ : 3ฒภ 2576 กทม (นพ 01),FUSE LINK 22 KV. 30 A.EEI-NEMA TYPE K,3,,2026-05-01
1784,1 พ.ค. 2569,15:03,15:28,24,กฟส.ท่าอุเทน (XS),NNA01VF-075,19,ฝนตก ลมแรง,ต้นไม้-ต้นไม้ล้มทับสาย,ศจฟ,15:03,15:03,15:30,27,1. วสันต์ชัย ดวงสูงเนิน  | 2. สุรธวัช วุฒิสาร,รถ : 3ฒภ 2576 กทม (นพ 01),FUSE LINK 22 KV. 15 A.EEI-NEMA TYPE K,2,,2026-05-01
1785,1 พ.ค. 2569,15:37,16:03,26,กฟจ.นครพนม (L),NNA01VF-053,17,ฝนตก ลมแรง,ภัยธรรมชาติ-พายุฤดูร้อน/พายุดีเปรสชั่น,ศจฟ,15:37,15:43,16:06,23,1. จันทะคาด บัวเคน  | 2. นลธวัช ศรีหาเศษ  | 3. วสันต์ชัย ดวงสูงเนิน,รถ : 3ฒภ 2576 กทม (นพ 01),FUSE LINK 22 KV. 20 A.EEI-NEMA TYPE K,3,,2026-05-01
1786,1 พ.ค. 2569,17:42,18:07,24,กฟจ.นครพนม (L),NNA01VF-014,33,อากาศชื้น / หมอก,สัตว์-งู,ศจฟ,17:42,17:43,18:10,27,1. ปรีชา เพ็งคำ  | 2. พิพัฒน์ พิมพ์ศรี  | 3. ภานุวัฒน์ สิงห์ทองไชย  | 4. วสันต์ชัย ดวงสูงเนิน,รถ : 3ฒภ 2576 กทม (นพ 01),FUSE HOLDER 22 KV. 100 A. 12 KA.,1,,2026-05-01
1787,1 พ.ค. 2569,17:53,18:16,22,กฟส.เรณูนคร (XS),THA06F-13,395,อากาศชื้น / หมอก,สัตว์-งู,ศจฟ,17:53,17:43,18:20,37,1. พงศวัชร์ ธัญภัทร์อนันต์,รถ : 80-7964 นพ รณ.01,FUSE LINK 22 KV. 15 A.EEI-NEMA TYPE K,1,,2026-05-01
1788,1 พ.ค. 2569,18:47,19:15,27,กฟส.เรณูนคร (XS),7377816,1,อากาศชื้น / หมอก,สัตว์-งู,ศจฟ,18:47,18:35,19:25,50,1. พงศวัชร์ ธัญภัทร์อนันต์,รถ : 80-7964 นพ รณ.01,"CONN.,PG,DOUBLE BOLT,AL 16-70 SQ.MM.",1,,2026-05-01
1789,1 พ.ค. 2569,18:58,19:45,47,กฟส.บ้านแพง (S),66-002040,47,อากาศปกติ,สัตว์-งู,ศจฟ,18:58,19:01,20:09,68,1. จตุรภุช สะท้านอิทธิฤทธิ์,รถ : กระเช้าบ้านแพง,FUSE HOLDER 22 KV. 100 A. 12 KA.,1,,2026-05-01
1790,1 พ.ค. 2569,19:19,19:23,4,กฟส.โพนสวรรค์ (XS),6800275246,1,อากาศปกติ,อุปกรณ์-ติดตั้งไม่ได้มาตรฐาน,ศจฟ,19:19,17:00,19:24,144,1. วรัญญู สังรวมใจ,รถ : โพนสวรรค์-03,"CABLE,CU,PVC,INS.&JAC. 600V, 2X10 SQ.MM.",7,,2026-05-01
1791,1 พ.ค. 2569,21:48,22:36,47,กฟส.โพนสวรรค์ (XS),6001045698,1,อากาศปกติ,อุปกรณ์-ติดตั้งไม่ได้มาตรฐาน,ศจฟ,21:48,21:00,23:00,120,1. วรัญญู สังรวมใจ,รถ : โพนสวรรค์-03,"CABLE,CU,PVC,INS.&JAC. 600V, 2X10 SQ.MM.",7,,2026-05-01
1792,2 พ.ค. 2569,05:49,06:54,64,กฟส.โพนสวรรค์ (XS),SSK07F-01,383,อากาศชื้น / หมอก,ต้นไม้-กิ่งไม้หักพาดสาย,ศจฟ,05:49,05:20,08:30,190,1. วรัญญู สังรวมใจ,รถ : โพนสวรรค์-03,FUSE LINK 22 KV. 20 A.EEI-NEMA TYPE K,2,,2026-05-02
1793,2 พ.ค. 2569,06:29,06:30,1,กฟส.ท่าอุเทน (XS),NNA08VF-210,95,อากาศชื้น / หมอก,ต้นไม้-กิ่งไม้หักพาดสาย,ศจฟ,06:29,06:00,06:40,40,1. สุรธวัช วุฒิสาร,รถ : รถแก้ไฟท่าอุเทน,FUSE LINK 22 KV. 20 A.EEI-NEMA TYPE K,2,,2026-05-02
1794,2 พ.ค. 2569,07:06,08:13,67,กฟส.เรณูนคร (XS),63-002343,64,อากาศชื้น / หมอก,ต้นไม้-กิ่งไม้หักพาดสาย,ศจฟ,07:06,07:07,08:21,74,1. พงศวัชร์ ธัญภัทร์อนันต์,รถ : 80-7964 นพ รณ.01,"CONN.,PG,DOUBLE BOLT,AL 16-70 SQ.MM.",1,,2026-05-02
1795,2 พ.ค. 2569,09:30,09:30,0,กฟจ.นครพนม (L),NNA05F-01/1,225,อากาศชื้น / หมอก,ต้นไม้-กิ่งไม้หักพาดสาย,ศจฟ,09:30,09:03,10:09,66,1. ชัยยา มาตขาว  | 2. วิเชียร สุวอ  | 3. หิรัญ พลไกรสร,รถ : 3ฒภ 2576 กทม (นพ 01),FUSE LINK 22 KV. 30 A.EEI-NEMA TYPE K,2,,2026-05-02
1796,2 พ.ค. 2569,10:10,10:00,0,กฟส.ธาตุพนม (S),THA06VF-032,265,อากาศปกติ,ต้นไม้-กิ่งไม้หักพาดสาย,ศจฟ,10:10,09:00,10:22,82,1. ปริเยศ หาญพงศ์ศรี,รถ : กระเช้าธาตุพนม,FUSE LINK 22 KV. 20 A.EEI-NEMA TYPE K,1,,2026-05-02
1797,2 พ.ค. 2569,10:15,11:00,45,กฟส.ธาตุพนม (S),61-007446,67,อากาศปกติ,อุปกรณ์-ชำรุด,ศจฟ,10:15,10:40,11:30,50,1. ปริเยศ หาญพงศ์ศรี,รถ : กระเช้าธาตุพนม,"CABLE,AL,750 V,50 SQ.MM. TIS.293",4,,2026-05-02
1798,2 พ.ค. 2569,13:50,14:00,10,กฟจ.นครพนม (L),NNA07F-30,9,อากาศปกติ,อุปกรณ์-ชำรุด,ศจฟ,13:50,13:16,14:36,80,1. ชัยยา มาตขาว  | 2. วิเชียร สุวอ  | 3. หิรัญ พลไกรสร,รถ : 3ฒภ 2576 กทม (นพ 01),"DROPOUT,FUSE,22 KV.100 A.12 KA",1,,2026-05-02
1799,2 พ.ค. 2569,14:30,15:09,38,กฟส.นาทม (XS),SEK03F-89,318,ฝนตก,อุปกรณ์-ชำรุด,ศจฟ,14:30,14:41,15:11,30,1. อิทธิพันธ์ กาวรรณธง,รถ : นาทม 02,FUSE LINK 22 KV. 25 A.EEI-NEMA TYPE K,1,,2026-05-02
1800,2 พ.ค. 2569,15:00,17:23,143,กฟส.บ้านแพง (S),SSK08F-73,199,ฝนตก ลมแรง,สภาพสิ่งแวดล้อม-ฟ้าผ่า,ศจฟ,15:00,16:10,17:00,50,1. ปิยะณัฐ พลเหี้ยมหาญ,รถ : กระเช้าบ้านแพง,FUSE LINK 22 KV. 25 A.EEI-NEMA TYPE K,2,,2026-05-02
1801,2 พ.ค. 2569,15:20,16:08,47,กฟส.บ้านแพง (S),48-001433,172,อากาศปกติ,ต้นไม้-ต้นไม้ล้มทับสาย,ศจฟ,15:20,15:35,16:11,36,1. ปิยะณัฐ พลเหี้ยมหาญ,รถ : กระเช้าบ้านแพง,FUSE LINK 22 KV. 8 A.EEI-NEMA TYPE K,1,,2026-05-02
1802,2 พ.ค. 2569,17:46,18:17,31,กฟจ.นครพนม (L),NNA04F-16,359,อากาศปกติ,สัตว์-งู,ศจฟ,17:46,17:47,18:20,33,1. จันทะคาด บัวเคน  | 2. ชัยยา มาตขาว  | 3. นลธวัช ศรีหาเศษ  | 4. วสันต์ชัย ดวงสูงเนิน,รถ : 3ฒภ 2576 กทม (นพ 01),FUSE LINK 22 KV. 15 A.EEI-NEMA TYPE K,2,,2026-05-02
1803,2 พ.ค. 2569,18:22,18:45,22,กฟจ.นครพนม (L),24004199,1,อากาศปกติ,สภาพสิ่งแวดล้อม-การผุกร่อน/สนิม,ศจฟ,18:22,18:23,18:47,24,1. จันทะคาด บัวเคน  | 2. ชัยยา มาตขาว  | 3. นลธวัช ศรีหาเศษ  | 4. วสันต์ชัย ดวงสูงเนิน,รถ : 3ฒภ 2576 กทม (นพ 01),"CONN.,PG,DOUBLE BOLT,AL 16-70 SQ.MM.",2,,2026-05-02
1804,2 พ.ค. 2569,20:02,20:30,27,กฟส.ศรีสงคราม (XS),SSK02VF-005,56,อากาศปกติ,สภาพสิ่งแวดล้อม-การผุกร่อน/สนิม,ศจฟ,20:02,20:03,20:45,42,1. ปัญจพงษ์ เศรษฐาไชย,รถ : ศรีสงคราม 02,FUSE LINK 22 KV. 8 A.EEI-NEMA TYPE K,2,,2026-05-02
1805,2 พ.ค. 2569,23:27,23:53,26,กฟจ.นครพนม (L),59-005285,21,อากาศปกติ,โหลดเกินพิกัด-โหลดเกินพิกัด,ศจฟ,23:27,23:28,23:57,29,1. จันทะคาด บัวเคน  | 2. ชัยยา มาตขาว  | 3. นลธวัช ศรีหาเศษ  | 4. วสันต์ชัย ดวงสูงเนิน,รถ : 3ฒภ 2576 กทม (นพ 01),"H.R.C. FUSE, BLADE CONTACT, 100 A",3,,2026-05-02
1806,3 พ.ค. 2569,07:10,07:44,33,กฟส.ศรีสงคราม (XS),50-001337,12,อากาศปกติ,อุปกรณ์-ติดตั้งไม่ได้มาตรฐาน,ศจฟ,07:10,07:11,08:16,65,1. ปัญจพงษ์ เศรษฐาไชย,รถ : ศรีสงคราม 02,"CABLE,AL,750 V,50 SQ.MM. TIS.293",8,,2026-05-03
1807,3 พ.ค. 2569,07:14,08:07,53,กฟจ.นครพนม (L),64-004788,283,อากาศปกติ,สภาพสิ่งแวดล้อม-สภาพสิ่งแวดล้อมอื่นๆ,ศจฟ,07:14,07:16,08:10,54,1. จันทะคาด บัวเคน  | 2. ชัยยา มาตขาว  | 3. ณัฏฐศรันย์ อันทระบุตร  | 4. นลธวัช ศรีหาเศษ  | 5. พิพัฒน์ นะระทะ  | 6. วสันต์ชัย ดวงสูงเนิน  | 7. หฤษฎ์ ถูระวัน,รถ : รถกระเช้า (04),"CONN.,SPLICE,TENSIONLESS AL 95 SQ.MM.",4,,2026-05-03
1808,3 พ.ค. 2569,07:28,08:17,49,กฟส.ปลาปาก (XS),NNA07F-36-2,319,อากาศปกติ,สภาพสิ่งแวดล้อม-สภาพสิ่งแวดล้อมอื่นๆ,ศจฟ,07:28,07:10,08:20,70,1. บิณฑ์ นารินทร์รักษ์,รถ : รถแก้ไฟปลาปาก 01,FUSE LINK 22 KV. 10 A.EEI-NEMA TYPE K,1,,2026-05-03
1809,3 พ.ค. 2569,08:00,08:18,18,กฟส.นาแก (S),THA04VF-228-1,24,อากาศปกติ,สภาพสิ่งแวดล้อม-สภาพสิ่งแวดล้อมอื่นๆ,ศจฟ,08:00,08:01,08:20,19,1. วรพันธุ์ ตันสมรส,รถ : นก-03,FUSE LINK 22 KV. 5-6 A.EEI-NEMA TYPE K,2,,2026-05-03
1810,3 พ.ค. 2569,13:30,14:25,54,กฟส.บ้านแพง (S),SEK01F-99,1,ฝนตก ฟ้าคะนอง,สภาพสิ่งแวดล้อม-ฟ้าผ่า,ศจฟ,13:30,13:38,14:38,60,1. จตุรภุช สะท้านอิทธิฤทธิ์,รถ : กระเช้าบ้านแพง,FUSE LINK 22 KV. 15 A.EEI-NEMA TYPE K,3,,2026-05-03
1811,3 พ.ค. 2569,13:35,13:48,13,กฟส.ท่าอุเทน (XS),NNA01VF-230,467,ลมแรง,สภาพสิ่งแวดล้อม-ฟ้าผ่า,ศจฟ,13:35,12:41,13:49,68,1. อภิรักษ์ สาตะรักษ์,รถ : รถแก้ไฟท่าอุเทน,FUSE LINK 22 KV. 25 A.EEI-NEMA TYPE K,2,,2026-05-03
1812,3 พ.ค. 2569,13:35,14:15,40,กฟส.ปลาปาก (XS),NNA07F-36/5,660,อากาศปกติ,สัตว์-งู,ศจฟ,13:35,13:40,14:17,37,1. นครินทร์ จำปาทิ,รถ : รถแก้ไฟปลาปาก 01,FUSE LINK 22 KV. 15 A.EEI-NEMA TYPE K,3,,2026-05-03
1813,3 พ.ค. 2569,13:36,14:30,54,กฟส.บ้านแพง (S),SEK01-32,1,ฝนตก ฟ้าคะนอง,สัตว์-งู,ศจฟ,13:35,13:38,14:36,58,1. จตุรภุช สะท้านอิทธิฤทธิ์,รถ : กระเช้าบ้านแพง,FUSE LINK 22 KV. 20 A.EEI-NEMA TYPE K,3,,2026-05-03
1814,3 พ.ค. 2569,14:30,14:37,7,กฟส.นาแก (S),43-002358,57,ฝนตก,สัตว์-งู,ศจฟ,14:30,13:30,14:30,60,1. ศราวุธ วงศ์พิริยะสมบัติ,รถ : นก-03,"H.R.C. FUSE, BLADE CONTACT, 100 A",2,,2026-05-03
1815,3 พ.ค. 2569,14:45,16:40,115,กฟจ.นครพนม (L),NNA02VF-005,1,ฝนตก ฟ้าคะนอง,สัตว์-งู,ศจฟ,14:45,15:00,16:15,75,1. ถวิล เมษาคุณ  | 2. สันติ อินทิสาร,รถ : 3ฒภ 2576 กทม (นพ 01),FUSE HOLDER 22 KV. 100 A. 12 KA.,2,,2026-05-03
1816,3 พ.ค. 2569,15:00,15:40,40,กฟส.โพนสวรรค์ (XS),NNA01F-22/1,908,ฝนตก ลมแรง,ภัยธรรมชาติ-พายุฤดูร้อน/พายุดีเปรสชั่น,ศจฟ,15:00,15:10,16:07,57,1. เพชราวุธ โพชราช,รถ : โพนสวรรค์-03,FUSE HOLDER 22 KV. 100 A. 12 KA.,1,,2026-05-03
1817,3 พ.ค. 2569,15:00,15:44,44,กฟส.นาแก (S),THA04VF-221-5,574,ฝนตก,ภัยธรรมชาติ-พายุฤดูร้อน/พายุดีเปรสชั่น,ศจฟ,15:00,14:30,15:25,55,1. ศราวุธ วงศ์พิริยะสมบัติ,รถ : นก-03,FUSE LINK 22 KV. 15 A.EEI-NEMA TYPE K,2,,2026-05-03
1818,3 พ.ค. 2569,15:00,16:45,105,กฟจ.นครพนม (L),67-031937,37,ฝนตก ฟ้าคะนอง,ภัยธรรมชาติ-พายุฤดูร้อน/พายุดีเปรสชั่น,ศจฟ,15:00,16:00,16:45,45,1. ถวิล เมษาคุณ  | 2. สันติ อินทิสาร,รถ : 3ฒภ 2576 กทม (นพ 01),"CABLE,AL,750 V,50 SQ.MM. TIS.293",40,,2026-05-03
1819,3 พ.ค. 2569,15:05,15:56,51,กฟส.นาทม (XS),SEK03F-90,8,อากาศปกติ,ต้นไม้-ต้นไม้เลื้อย/โตมาแตะสาย,ศจฟ,15:05,15:12,15:59,47,1. อิทธิพันธ์ กาวรรณธง,รถ : นาทม 02,FUSE LINK 22 KV. 15 A.EEI-NEMA TYPE K,2,,2026-05-03
1820,3 พ.ค. 2569,16:14,16:26,12,กฟส.ธาตุพนม (S),THA01VF-016,814,อากาศปกติ,ต้นไม้-ต้นไม้เลื้อย/โตมาแตะสาย,ศจฟ,16:14,16:00,16:30,30,1. อุทัย สุมินทร์,รถ : กระเช้าธาตุพนม,FUSE LINK 22 KV. 15 A.EEI-NEMA TYPE K,2,,2026-05-03
1821,3 พ.ค. 2569,16:41,17:44,63,กฟส.เรณูนคร (XS),THA02F-68,1523,อากาศปกติ,ต้นไม้-ต้นไม้เลื้อย/โตมาแตะสาย,ศจฟ,16:41,16:45,17:55,70,1. พงศวัชร์ ธัญภัทร์อนันต์,รถ : 80-7964 นพ รณ.01,FUSE LINK 22 KV. 30 A.EEI-NEMA TYPE K,1,,2026-05-03
1822,3 พ.ค. 2569,17:02,18:21,79,กฟส.ศรีสงคราม (XS),SSK07VB-01,0,ฝนตก ฟ้าคะนอง,ภัยธรรมชาติ-ลูกเห็บ,ศจฟ,17:02,17:09,18:00,51,1. วุฒิชัย เหมเมือง,รถ : ศรีสงคราม 02,,,,2026-05-03
1823,3 พ.ค. 2569,17:52,19:39,107,กฟส.ศรีสงคราม (XS),,7204,ฝนตก ฟ้าคะนอง,ต้นไม้-กิ่งไม้หักพาดสาย,ศจฟ,17:52,18:26,20:00,94,1. วุฒิชัย เหมเมือง,รถ : ศรีสงคราม 02,,,,2026-05-03
1824,3 พ.ค. 2569,18:44,21:04,140,กฟส.ศรีสงคราม (XS),,1164,ฝนตก ฟ้าคะนอง,ต้นไม้-กิ่งไม้หักพาดสาย,ศจฟ,18:44,19:50,21:10,81,1. วุฒิชัย เหมเมือง,รถ : ศรีสงคราม 02,,,,2026-05-03
1825,3 พ.ค. 2569,18:52,21:21,149,กฟจ.นครพนม (L),66-022817,20,ฝนตก ฟ้าคะนอง,ต้นไม้-กิ่งไม้หักพาดสาย,ศจฟ,18:52,16:40,17:35,55,1. กิติศักดิ์ หาราช  | 2. ชัยยา มาตขาว  | 3. ณัฏฐศรันย์ อันทระบุตร  | 4. นลธวัช ศรีหาเศษ  | 5. สันติ อินทิสาร  | 6. เกริกฤทธิ์ จันทรโพธิ์ศรี,รถ : 3ฒภ 2576 กทม (นพ 01),FUSE LINK 22 KV. 5-6 A.EEI-NEMA TYPE K,3,,2026-05-03
1826,3 พ.ค. 2569,19:24,20:00,36,กฟส.ปลาปาก (XS),NNA07F-56-04,441,อากาศปกติ,ต้นไม้-กิ่งไม้หักพาดสาย,ศจฟ,19:24,19:25,20:11,46,1. สุธรรม จันทะผา,รถ : รถแก้ไฟปลาปาก 01,FUSE LINK 22 KV. 30 A.EEI-NEMA TYPE K,1,,2026-05-03
1827,3 พ.ค. 2569,19:25,19:45,20,กฟส.บ้านแพง (S),24594431,1,ฝนตก,สภาพสิ่งแวดล้อม-ไอเกลือ,ศจฟ,19:25,19:30,19:45,15,1. ณัฐดนัย ขันถม,รถ : กระเช้าบ้านแพง,"CONN.,PG,DOUBLE BOLT,AL 25-95 SQ.MM.",2,,2026-05-03
1828,3 พ.ค. 2569,19:30,21:20,110,กฟส.ศรีสงคราม (XS),,2834,ฝนตก ฟ้าคะนอง,สภาพสิ่งแวดล้อม-ฟ้าผ่า,ศจฟ,19:30,20:11,21:05,54,1. วุฒิชัย เหมเมือง,รถ : ศรีสงคราม 02,,,,2026-05-03
1829,3 พ.ค. 2569,20:19,20:39,20,กฟจ.นครพนม (L),NNB01VF-003,985,ฝนตก ฟ้าคะนอง,สภาพสิ่งแวดล้อม-ฟ้าผ่า,ศจฟ,20:19,20:32,20:41,9,1. กิติศักดิ์ หาราช  | 2. ณัฏฐศรันย์ อันทระบุตร  | 3. สันติ อินทิสาร  | 4. เกริกฤทธิ์ จันทรโพธิ์ศรี,รถ : 81-1269 นพ (นพ 03),FUSE LINK 22 KV. 15 A.EEI-NEMA TYPE K,2,,2026-05-03
1830,3 พ.ค. 2569,20:20,20:42,22,กฟจ.นครพนม (L),NNB02VF-001,574,ฝนตก ฟ้าคะนอง,สภาพสิ่งแวดล้อม-ฟ้าผ่า,ศจฟ,20:19,20:33,20:44,11,1. กิติศักดิ์ หาราช  | 2. ณัฏฐศรันย์ อันทระบุตร  | 3. สันติ อินทิสาร  | 4. เกริกฤทธิ์ จันทรโพธิ์ศรี,รถ : 81-1269 นพ (นพ 03),FUSE LINK 22 KV. 15 A.EEI-NEMA TYPE K,2,,2026-05-03
1831,3 พ.ค. 2569,20:23,20:36,13,กฟจ.นครพนม (L),NNA02VF-013,953,ฝนตก ฟ้าคะนอง,สภาพสิ่งแวดล้อม-ฟ้าผ่า,ศจฟ,20:23,20:31,20:38,7,1. กิติศักดิ์ หาราช  | 2. ณัฏฐศรันย์ อันทระบุตร  | 3. สันติ อินทิสาร  | 4. เกริกฤทธิ์ จันทรโพธิ์ศรี,รถ : 81-1269 นพ (นพ 03),FUSE LINK 22 KV. 40 A.EEI-NEMA TYPE K,3,,2026-05-03
1832,3 พ.ค. 2569,20:23,23:43,200,กฟจ.นครพนม (L),NNA01VF-069,439,อากาศปกติ,สภาพสิ่งแวดล้อม-ฟ้าผ่า,ศจฟ,20:23,21:30,22:35,65,1. กิติศักดิ์ หาราช  | 2. ชัยยา มาตขาว  | 3. ณัฏฐศรันย์ อันทระบุตร  | 4. นลธวัช ศรีหาเศษ  | 5. สันติ อินทิสาร  | 6. เกริกฤทธิ์ จันทรโพธิ์ศรี,รถ : 3ฒภ 2576 กทม (นพ 01),FUSE LINK 22 KV. 20 A.EEI-NEMA TYPE K,2,,2026-05-03
1833,3 พ.ค. 2569,20:25,20:45,20,กฟจ.นครพนม (L),NNB02VF-006,11,อากาศปกติ,สภาพสิ่งแวดล้อม-ฟ้าผ่า,ศจฟ,20:25,20:34,20:47,13,1. กิติศักดิ์ หาราช  | 2. ณัฏฐศรันย์ อันทระบุตร  | 3. สันติ อินทิสาร  | 4. เกริกฤทธิ์ จันทรโพธิ์ศรี,รถ : 81-1269 นพ (นพ 03),FUSE LINK 22 KV. 40 A.EEI-NEMA TYPE K,3,,2026-05-03
1834,3 พ.ค. 2569,20:31,21:25,54,กฟจ.นครพนม (L),NNB01VF-032,46,ฝนตก ฟ้าคะนอง,สภาพสิ่งแวดล้อม-ฟ้าผ่า,ศจฟ,20:31,17:45,19:35,110,1. กิติศักดิ์ หาราช  | 2. ชัยยา มาตขาว  | 3. ณัฏฐศรันย์ อันทระบุตร  | 4. นลธวัช ศรีหาเศษ  | 5. สันติ อินทิสาร  | 6. เกริกฤทธิ์ จันทรโพธิ์ศรี,รถ : 3ฒภ 2576 กทม (นพ 01),"DROPOUT,FUSE,22 KV.100 A.12 KA",1,,2026-05-03
1835,3 พ.ค. 2569,20:50,21:05,15,กฟส.บ้านแพง (S),SSK08F-125,62,ฝนตก ลมแรง,ภัยธรรมชาติ-พายุฤดูร้อน/พายุดีเปรสชั่น,ศจฟ,20:50,20:30,21:05,35,1. ณัฐดนัย ขันถม,รถ : กระเช้าบ้านแพง,FUSE LINK 22 KV. 15 A.EEI-NEMA TYPE K,2,,2026-05-03
1836,3 พ.ค. 2569,20:52,20:30,0,กฟส.บ้านแพง (S),BFA01VF-177-1,125,ฝนตก ลมแรง,ภัยธรรมชาติ-พายุฤดูร้อน/พายุดีเปรสชั่น,ศจฟ,20:52,19:45,20:30,45,1. ณัฐดนัย ขันถม,รถ : กระเช้าบ้านแพง,FUSE LINK 22 KV. 15 A.EEI-NEMA TYPE K,2,,2026-05-03
1837,3 พ.ค. 2569,21:04,21:30,26,กฟจ.นครพนม (L),NNA02VF-020,63,ฝนตก ลมแรง,ภัยธรรมชาติ-พายุฤดูร้อน/พายุดีเปรสชั่น,ศจฟ,21:04,21:00,21:40,40,1. กิติศักดิ์ หาราช  | 2. ชัยยา มาตขาว  | 3. ณัฏฐศรันย์ อันทระบุตร  | 4. นลธวัช ศรีหาเศษ  | 5. สันติ อินทิสาร  | 6. เกริกฤทธิ์ จันทรโพธิ์ศรี,รถ : รถกระเช้า (04),"H.R.C. FUSE, BLADE CONTACT, 100 A",1,,2026-05-03
1838,3 พ.ค. 2569,21:07,21:23,15,กฟส.ท่าอุเทน (XS),SSK02VF-240,741,ฝนตก ฟ้าคะนอง,ภัยธรรมชาติ-พายุฤดูร้อน/พายุดีเปรสชั่น,ศจฟ,21:07,19:16,21:25,129,1. อภิรักษ์ สาตะรักษ์,รถ : รถแก้ไฟท่าอุเทน,FUSE LINK 22 KV. 25 A.EEI-NEMA TYPE K,3,,2026-05-03
1839,3 พ.ค. 2569,22:18,22:30,12,กฟจ.นครพนม (L),NNA02VF-031,22,ฝนตก ฟ้าคะนอง,ภัยธรรมชาติ-พายุฤดูร้อน/พายุดีเปรสชั่น,ศจฟ,22:18,21:50,22:32,42,1. กิติศักดิ์ หาราช  | 2. ชัยยา มาตขาว  | 3. ณัฏฐศรันย์ อันทระบุตร  | 4. นลธวัช ศรีหาเศษ  | 5. สันติ อินทิสาร  | 6. เกริกฤทธิ์ จันทรโพธิ์ศรี,รถ : รถกระเช้า (04),FUSE LINK 22 KV. 10 A.EEI-NEMA TYPE K,2,,2026-05-03
1840,3 พ.ค. 2569,22:42,01:00,138,กฟส.นาหว้า (XS),SSK04VF-124,148,ฝนตก ลมแรง,สภาพสิ่งแวดล้อม-ฟ้าผ่า,ศจฟ,22:42,23:01,01:20,139,1. สุรธรรม แพงเหนือ,รถ : นาหว้า 02,FUSE LINK 22 KV. 15 A.EEI-NEMA TYPE K,2,,2026-05-03
1841,3 พ.ค. 2569,22:43,01:40,177,กฟส.นาหว้า (XS),SSK06F-15/3,172,ฝนตก ลมแรง,ต้นไม้-กิ่งไม้หักพาดสาย,ศจฟ,22:43,23:01,02:03,182,1. สุรธรรม แพงเหนือ,รถ : นาหว้า 02,FUSE LINK 22 KV. 20 A.EEI-NEMA TYPE K,2,,2026-05-03
1842,3 พ.ค. 2569,22:43,02:52,249,กฟส.นาหว้า (XS),SSK06F-16,1734,ฝนตก ลมแรง,อุปกรณ์-ชำรุด,ศจฟ,22:43,23:03,03:00,237,1. สุรธรรม แพงเหนือ,รถ : นาหว้า 02,FUSE LINK 22 KV. 20 A.EEI-NEMA TYPE K,2,,2026-05-03
1843,3 พ.ค. 2569,22:43,03:20,277,กฟส.นาหว้า (XS),SSK06F-17,62,ฝนตก ลมแรง,สภาพสิ่งแวดล้อม-ฟ้าผ่า,ศจฟ,22:43,23:02,03:40,278,1. สุรธรรม แพงเหนือ,รถ : นาหว้า 02,FUSE LINK 22 KV. 20 A.EEI-NEMA TYPE K,2,,2026-05-03
1844,3 พ.ค. 2569,22:44,23:13,29,กฟส.โพนสวรรค์ (XS),NNA01F-45,875,ฝนตก ลมแรง,ภัยธรรมชาติ-พายุฤดูร้อน/พายุดีเปรสชั่น,ศจฟ,22:43,18:01,19:30,89,1. วรัญญู สังรวมใจ,รถ : โพนสวรรค์-03,FUSE LINK 22 KV. 15 A.EEI-NEMA TYPE K,2,,2026-05-03
1845,3 พ.ค. 2569,22:44,04:00,316,กฟส.นาหว้า (XS),SSK06F-18,704,ฝนตก ลมแรง,ภัยธรรมชาติ-พายุฤดูร้อน/พายุดีเปรสชั่น,ศจฟ,22:44,23:02,04:20,318,1. สุรธรรม แพงเหนือ,รถ : นาหว้า 02,FUSE LINK 22 KV. 20 A.EEI-NEMA TYPE K,3,,2026-05-03
1846,3 พ.ค. 2569,22:45,23:30,45,กฟส.นาหว้า (XS),SSK06F-12,782,ฝนตก ลมแรง,ต้นไม้-ลมพัดต้นไม้มาแตะสาย,ศจฟ,22:45,23:01,23:50,49,1. สุรธรรม แพงเหนือ,รถ : นาหว้า 02,FUSE LINK 22 KV. 20 A.EEI-NEMA TYPE K,2,,2026-05-03
1847,3 พ.ค. 2569,22:47,00:02,75,กฟส.ท่าอุเทน (XS),SSK02VF-241,226,ฝนตก ลมแรง,ต้นไม้-ลมพัดต้นไม้มาแตะสาย,ศจฟ,22:47,22:48,00:03,75,1. อภิรักษ์ สาตะรักษ์,รถ : รถแก้ไฟท่าอุเทน,FUSE LINK 22 KV. 20 A.EEI-NEMA TYPE K,3,,2026-05-03
1848,3 พ.ค. 2569,22:51,00:20,88,กฟส.นาหว้า (XS),50-001205,38,ฝนตก ลมแรง,สภาพสิ่งแวดล้อม-ฟ้าผ่า,ศจฟ,22:51,23:03,00:41,98,1. สุรธรรม แพงเหนือ,รถ : นาหว้า 02,FUSE LINK 22 KV. 3 A.EEI-NEMA TYPE K,1,,2026-05-03
1849,3 พ.ค. 2569,22:52,23:50,58,กฟจ.นครพนม (L),45-010421,269,ฝนตก ลมแรง,สภาพสิ่งแวดล้อม-ฟ้าผ่า,ศจฟ,22:52,23:09,23:55,46,1. กิติศักดิ์ หาราช  | 2. ชัยยา มาตขาว  | 3. ณัฏฐศรันย์ อันทระบุตร  | 4. นลธวัช ศรีหาเศษ  | 5. สันติ อินทิสาร  | 6. เกริกฤทธิ์ จันทรโพธิ์ศรี,รถ : รถกระเช้า (04),"CABLE,AL,750 V,50 SQ.MM. TIS.293",10,,2026-05-03
1850,3 พ.ค. 2569,22:56,23:08,12,กฟส.โพนสวรรค์ (XS),SSK09F-38,1079,ฝนตก ลมแรง,ภัยธรรมชาติ-พายุฤดูร้อน/พายุดีเปรสชั่น,ศจฟ,22:56,16:30,18:00,90,1. วรัญญู สังรวมใจ,รถ : โพนสวรรค์-03,FUSE LINK 22 KV. 20 A.EEI-NEMA TYPE K,1,,2026-05-03
1851,3 พ.ค. 2569,23:07,21:45,0,กฟส.บ้านแพง (S),SSK08F-59,751,ฝนตก ลมแรง,ต้นไม้-กิ่งไม้หักพาดสาย,ศจฟ,23:07,21:15,22:00,45,1. ณัฐดนัย ขันถม,รถ : กระเช้าบ้านแพง,FUSE LINK 22 KV. 30 A.EEI-NEMA TYPE K,3,,2026-05-03
1852,3 พ.ค. 2569,23:22,00:22,60,กฟส.โพนสวรรค์ (XS),24-011422,301,ฝนตก,ภัยธรรมชาติ-พายุฤดูร้อน/พายุดีเปรสชั่น,ศจฟ,23:22,21:01,23:00,119,1. วรัญญู สังรวมใจ,รถ : โพนสวรรค์-03,"H.R.C. FUSE, BLADE CONTACT, 160 A",2,,2026-05-03
1853,3 พ.ค. 2569,23:22,23:49,27,กฟส.โพนสวรรค์ (XS),NPN07F-20,39,ฝนตก ลมแรง,ภัยธรรมชาติ-พายุฤดูร้อน/พายุดีเปรสชั่น,ศจฟ,23:22,19:31,21:00,89,1. วรัญญู สังรวมใจ,รถ : โพนสวรรค์-03,FUSE LINK 22 KV. 15 A.EEI-NEMA TYPE K,2,,2026-05-03
1854,3 พ.ค. 2569,23:51,02:30,159,กฟส.ศรีสงคราม (XS),,3967,ฝนตก ฟ้าคะนอง,ภัยธรรมชาติ-พายุฤดูร้อน/พายุดีเปรสชั่น,ศจฟ,23:50,00:36,03:00,144,1. วุฒิชัย เหมเมือง,รถ : ศรีสงคราม 02,,,,2026-05-03
1855,4 พ.ค. 2569,00:08,02:31,143,กฟส.ท่าอุเทน (XS),SSK02VF-252,55,ฝนตก ฟ้าคะนอง,ภัยธรรมชาติ-พายุฤดูร้อน/พายุดีเปรสชั่น,ศจฟ,00:08,00:05,02:33,148,1. อภิรักษ์ สาตะรักษ์,รถ : รถแก้ไฟท่าอุเทน,FUSE LINK 22 KV. 15 A.EEI-NEMA TYPE K,3,,2026-05-04
1856,4 พ.ค. 2569,00:17,01:00,42,กฟส.ศรีสงคราม (XS),,3967,ฝนตก ฟ้าคะนอง,ภัยธรรมชาติ-พายุฤดูร้อน/พายุดีเปรสชั่น,ศจฟ,00:17,00:20,01:15,55,1. วุฒิชัย เหมเมือง,รถ : ศรีสงคราม 01,,,,2026-05-04
1857,4 พ.ค. 2569,00:42,08:44,482,กฟส.ท่าอุเทน (XS),,5492,ฝนตก ฟ้าคะนอง,ภัยธรรมชาติ-พายุฤดูร้อน/พายุดีเปรสชั่น,ศจฟ,00:42,06:30,08:35,125,1. อภิรักษ์ สาตะรักษ์,รถ : รถแก้ไฟท่าอุเทน,"INSULATOR,LINE-POST, 22 KV.,57-2L,P/A",2,,2026-05-04
1858,4 พ.ค. 2569,00:50,03:50,180,กฟส.ท่าอุเทน (XS),BFA09VF-205,56,ฝนตก ฟ้าคะนอง,ภัยธรรมชาติ-พายุฤดูร้อน/พายุดีเปรสชั่น,ศจฟ,00:50,02:04,03:50,106,1. อภิรักษ์ สาตะรักษ์,รถ : รถแก้ไฟท่าอุเทน,FUSE LINK 22 KV. 15 A.EEI-NEMA TYPE K,4,,2026-05-04
1859,4 พ.ค. 2569,00:55,02:26,91,กฟส.ศรีสงคราม (XS),SSK02VF-015,1623,ฝนตก ฟ้าคะนอง,ภัยธรรมชาติ-พายุฤดูร้อน/พายุดีเปรสชั่น,ศจฟ,00:55,01:00,02:42,102,1. ปัญจพงษ์ เศรษฐาไชย,รถ : ศรีสงคราม 01,FUSE LINK 22 KV. 40 A.EEI-NEMA TYPE K,3,,2026-05-04
1860,4 พ.ค. 2569,02:14,04:40,146,กฟส.นาหว้า (XS),,0,ฝนตก ลมแรง,ต้นไม้-กิ่งไม้หักพาดสาย,ศจฟ,02:14,02:52,05:10,138,1. สุรธรรม แพงเหนือ,รถ : นาหว้า 02,FUSE LINK 22 KV. 20 A.EEI-NEMA TYPE K,1,,2026-05-04
1861,4 พ.ค. 2569,06:30,06:39,9,กฟส.ท่าอุเทน (XS),SSK02VF-201,628,ฝนตก ฟ้าคะนอง,ต้นไม้-กิ่งไม้หักพาดสาย,ศจฟ,06:30,03:50,06:30,160,1. อภิรักษ์ สาตะรักษ์,รถ : รถแก้ไฟท่าอุเทน,FUSE LINK 22 KV. 30 A.EEI-NEMA TYPE K,3,,2026-05-04
1862,4 พ.ค. 2569,06:30,08:36,126,กฟส.โพนสวรรค์ (XS),SSS01F-12142,4,อากาศชื้น / หมอก,ภัยธรรมชาติ-พายุฤดูร้อน/พายุดีเปรสชั่น,ศจฟ,06:30,06:01,08:30,149,1. วรัญญู สังรวมใจ,รถ : โพนสวรรค์-03,FUSE LINK 22 KV. 8 A.EEI-NEMA TYPE K,2,,2026-05-04
1863,4 พ.ค. 2569,06:31,07:07,36,กฟส.ศรีสงคราม (XS),SSK02VF-004,881,ฝนตก ฟ้าคะนอง,ภัยธรรมชาติ-พายุฤดูร้อน/พายุดีเปรสชั่น,ศจฟ,06:30,06:30,07:30,60,1. ปัญจพงษ์ เศรษฐาไชย,รถ : ศรีสงคราม 01,FUSE LINK 22 KV. 25 A.EEI-NEMA TYPE K,3,,2026-05-04
1864,4 พ.ค. 2569,06:40,07:12,31,กฟส.โพนสวรรค์ (XS),SSK07F-01,382,อากาศชื้น / หมอก,ภัยธรรมชาติ-พายุฤดูร้อน/พายุดีเปรสชั่น,ศจฟ,06:40,00:35,03:20,165,1. วรัญญู สังรวมใจ,รถ : โพนสวรรค์-03,FUSE LINK 22 KV. 20 A.EEI-NEMA TYPE K,2,,2026-05-04
1865,4 พ.ค. 2569,06:40,07:16,36,กฟส.โพนสวรรค์ (XS),35-009210,91,อากาศชื้น / หมอก,ภัยธรรมชาติ-พายุฤดูร้อน/พายุดีเปรสชั่น,ศจฟ,06:40,03:25,06:00,155,1. วรัญญู สังรวมใจ,รถ : โพนสวรรค์-03,FUSE LINK 22 KV. 3 A.EEI-NEMA TYPE K,4,,2026-05-04
1866,4 พ.ค. 2569,06:40,08:20,100,กฟส.เรณูนคร (XS),01-000008,1,อากาศชื้น / หมอก,ภัยธรรมชาติ-พายุฤดูร้อน/พายุดีเปรสชั่น,ศจฟ,06:40,06:30,08:24,114,1. พงศวัชร์ ธัญภัทร์อนันต์,รถ : 80-7964 นพ รณ.01,"H.R.C. FUSE, BLADE CONTACT, 80 A",1,,2026-05-04
1867,4 พ.ค. 2569,07:00,14:17,437,กฟจ.นครพนม (L),NNA02VF-008,310,ฝนตก,ภัยธรรมชาติ-พายุฤดูร้อน/พายุดีเปรสชั่น,ศจฟ,07:00,07:15,08:00,45,1. กิติศักดิ์ หาราช  | 2. ชัยยา มาตขาว  | 3. ณัฏฐศรันย์ อันทระบุตร  | 4. นลธวัช ศรีหาเศษ  | 5. ประจล ศรีสุราช  | 6. สันติ อินทิสาร  | 7. เกริกฤทธิ์ จันทรโพธิ์ศรี,รถ : 3ฒภ 2576 กทม (นพ 01),FUSE LINK 22 KV. 20 A.EEI-NEMA TYPE K,3,,2026-05-04
1868,4 พ.ค. 2569,07:20,09:45,145,กฟส.ศรีสงคราม (XS),SSK01VF-030,29,ฝนตก ฟ้าคะนอง,ต้นไม้-กิ่งไม้หักพาดสาย,ศจฟ,07:20,07:29,08:45,76,1. ปัญจพงษ์ เศรษฐาไชย  | 2. วุฒิชัย เหมเมือง,รถ : ศรีสงคราม 02,FUSE LINK 22 KV. 15 A.EEI-NEMA TYPE K,2,,2026-05-04
1869,4 พ.ค. 2569,07:30,08:00,29,กฟส.ศรีสงคราม (XS),SSK02VF-009,224,ฝนตก ฟ้าคะนอง,ภัยธรรมชาติ-พายุฤดูร้อน/พายุดีเปรสชั่น,ศจฟ,07:30,07:30,08:25,55,1. ปัญจพงษ์ เศรษฐาไชย,รถ : ศรีสงคราม 01,FUSE LINK 22 KV. 15 A.EEI-NEMA TYPE K,3,,2026-05-04
1870,4 พ.ค. 2569,07:50,08:14,24,กฟส.บ้านแพง (S),SSK08F-71,23,ฝนตก ฟ้าคะนอง,ภัยธรรมชาติ-พายุฤดูร้อน/พายุดีเปรสชั่น,ศจฟ,07:50,07:25,08:10,45,1. ณัฐดนัย ขันถม,รถ : กระเช้าบ้านแพง,FUSE LINK 22 KV. 15 A.EEI-NEMA TYPE K,3,,2026-05-04
1871,4 พ.ค. 2569,08:39,08:59,20,กฟส.ศรีสงคราม (XS),SSK08VF-025,442,ฝนตก ฟ้าคะนอง,ภัยธรรมชาติ-พายุฤดูร้อน/พายุดีเปรสชั่น,ศจฟ,08:39,08:40,09:12,32,1. ปัญจพงษ์ เศรษฐาไชย,รถ : ศรีสงคราม 01,FUSE LINK 22 KV. 25 A.EEI-NEMA TYPE K,3,,2026-05-04
1872,4 พ.ค. 2569,09:24,11:28,124,กฟส.วังยาง (XS),47-010744,116,อากาศชื้น / หมอก,สัตว์-งู,ศจฟ,09:24,09:26,11:29,123,1. อนุรักษ์ วงค์จันดี,รถ : วย.01,FUSE LINK 22 KV. 15 A.EEI-NEMA TYPE K,2,,2026-05-04
1873,4 พ.ค. 2569,09:28,10:27,58,กฟส.โพนสวรรค์ (XS),15319576,1,อากาศชื้น / หมอก,ภัยธรรมชาติ-พายุฤดูร้อน/พายุดีเปรสชั่น,ศจฟ,09:28,09:30,10:40,70,1. ทรงกลด มาศศรี,รถ : โพนสวรรค์-03,"CABLE,CU,PVC,INS.&JAC. 600V, 2X10 SQ.MM.",7,,2026-05-04
1874,4 พ.ค. 2569,10:05,10:45,40,กฟส.ปลาปาก (XS),THA06F-84,78,อากาศชื้น / หมอก,ภัยธรรมชาติ-พายุฤดูร้อน/พายุดีเปรสชั่น,ศจฟ,10:05,10:07,10:47,40,1. ราชันย์ กุลสุทธิ์,รถ : รถแก้ไฟปลาปาก 01,FUSE LINK 22 KV. 10 A.EEI-NEMA TYPE K,2,,2026-05-04
1875,4 พ.ค. 2569,10:22,11:00,38,กฟจ.นครพนม (L),45-000055,14,อากาศปกติ,สัตว์-กระรอก/กระแต/หนู,ศจฟ,10:22,07:28,11:55,267,1. ณัฏฐศรันย์ อันทระบุตร  | 2. ธราดล โทพล  | 3. พงศ์อิสรา ภักดี  | 4. พิพัฒน์ นะระทะ  | 5. หฤษฎ์ ถูระวัน,รถ : 81-1269 นพ (นพ 03),"CABLE LUG,NEMA 2-HOLE,AL 50 SQ.MM.",3,,2026-05-04
1876,4 พ.ค. 2569,10:29,10:51,22,กฟส.ศรีสงคราม (XS),SSK02VF-016,30,ฝนตก ฟ้าคะนอง,ภัยธรรมชาติ-พายุฤดูร้อน/พายุดีเปรสชั่น,ศจฟ,10:29,10:30,11:03,33,1. ปัญจพงษ์ เศรษฐาไชย,รถ : ศรีสงคราม 01,FUSE LINK 22 KV. 8 A.EEI-NEMA TYPE K,3,,2026-05-04
1877,4 พ.ค. 2569,10:54,11:52,58,กฟส.โพนสวรรค์ (XS),59-020634,247,อากาศชื้น / หมอก,ภัยธรรมชาติ-พายุฤดูร้อน/พายุดีเปรสชั่น,ศจฟ,10:54,11:00,11:55,55,1. ทรงกลด มาศศรี,รถ : โพนสวรรค์-03,"H.R.C. FUSE, BLADE CONTACT, 100 A",2,,2026-05-04
1878,4 พ.ค. 2569,11:26,11:50,24,กฟส.ศรีสงคราม (XS),SSK02VF-012,23,ฝนตก ฟ้าคะนอง,ภัยธรรมชาติ-พายุฤดูร้อน/พายุดีเปรสชั่น,ศจฟ,11:26,11:26,12:06,40,1. ปัญจพงษ์ เศรษฐาไชย,รถ : ศรีสงคราม 01,FUSE LINK 22 KV. 15 A.EEI-NEMA TYPE K,2,,2026-05-04
1879,4 พ.ค. 2569,12:10,12:27,17,กฟส.ศรีสงคราม (XS),SSK08VF-024,28,ฝนตก ฟ้าคะนอง,ภัยธรรมชาติ-พายุฤดูร้อน/พายุดีเปรสชั่น,ศจฟ,12:10,12:10,12:40,30,1. ปัญจพงษ์ เศรษฐาไชย,รถ : ศรีสงคราม 01,FUSE LINK 22 KV. 10 A.EEI-NEMA TYPE K,3,,2026-05-04
1880,4 พ.ค. 2569,12:26,12:40,14,กฟส.ท่าอุเทน (XS),BFA09VF-227,1,อากาศชื้น / หมอก,ภัยธรรมชาติ-พายุฤดูร้อน/พายุดีเปรสชั่น,ศจฟ,12:26,12:35,12:38,3,1. ปรินทร์ บุญเทียม,รถ : รถแก้ไฟท่าอุเทน,FUSE LINK 22 KV. 10 A.EEI-NEMA TYPE K,4,,2026-05-04
1881,4 พ.ค. 2569,12:26,12:48,22,กฟส.ท่าอุเทน (XS),NNA01VF-230,467,อากาศชื้น / หมอก,ภัยธรรมชาติ-พายุฤดูร้อน/พายุดีเปรสชั่น,ศจฟ,12:26,12:36,12:41,5,1. ปรินทร์ บุญเทียม,รถ : รถแก้ไฟท่าอุเทน,FUSE LINK 22 KV. 25 A.EEI-NEMA TYPE K,2,,2026-05-04
1882,4 พ.ค. 2569,12:30,12:43,13,กฟส.ท่าอุเทน (XS),SSK02VF-201,628,อากาศชื้น / หมอก,ภัยธรรมชาติ-พายุฤดูร้อน/พายุดีเปรสชั่น,ศจฟ,12:30,12:38,12:42,4,1. ปรินทร์ บุญเทียม,รถ : รถแก้ไฟท่าอุเทน,FUSE LINK 22 KV. 25 A.EEI-NEMA TYPE K,3,,2026-05-04
1883,4 พ.ค. 2569,12:31,12:46,15,กฟส.ท่าอุเทน (XS),SSK02VF-208,560,อากาศชื้น / หมอก,ภัยธรรมชาติ-พายุฤดูร้อน/พายุดีเปรสชั่น,ศจฟ,12:31,12:38,12:43,5,1. ปรินทร์ บุญเทียม,รถ : รถแก้ไฟท่าอุเทน,FUSE LINK 22 KV. 25 A.EEI-NEMA TYPE K,3,,2026-05-04
1884,4 พ.ค. 2569,12:32,13:22,49,กฟส.ท่าอุเทน (XS),31-003478,17,อากาศปกติ,ภัยธรรมชาติ-พายุฤดูร้อน/พายุดีเปรสชั่น,ศจฟ,12:32,12:40,13:00,20,1. ปรินทร์ บุญเทียม,รถ : รถแก้ไฟท่าอุเทน,"H.R.C. FUSE, BLADE CONTACT, 100 A",1,,2026-05-04
1885,4 พ.ค. 2569,13:11,13:24,13,กฟส.ท่าอุเทน (XS),68-009992,4,อากาศปกติ,อุปกรณ์-ชำรุด,ศจฟ,13:11,13:20,13:26,6,1. ปรินทร์ บุญเทียม,รถ : รถแก้ไฟท่าอุเทน,"CABLE,AL,750 V,50 SQ.MM. TIS.293",5,,2026-05-04
1886,4 พ.ค. 2569,13:34,14:46,72,กฟส.ศรีสงคราม (XS),SSK01VF-013,2,ฝนตก,อุปกรณ์-ชำรุด,ศจฟ,13:34,13:37,14:49,72,1. ปัญจพงษ์ เศรษฐาไชย  | 2. วุฒิชัย เหมเมือง,รถ : ศรีสงคราม 02,"DROPOUT,FUSE,22 KV.100 A.12 KA",3,,2026-05-04
1887,4 พ.ค. 2569,13:34,18:00,266,กฟจ.นครพนม (L),SSK01VF-013,2,อากาศปกติ,ภัยธรรมชาติ-พายุฤดูร้อน/พายุดีเปรสชั่น,ศจฟ,13:34,15:30,19:30,240,1. พงศ์อิสรา ภักดี  | 2. วีระยุทธ อภิรมยานนท์,รถ : 81-1269 นพ (นพ 03),,,,2026-05-04
1888,4 พ.ค. 2569,14:07,15:01,54,กฟส.โพนสวรรค์ (XS),24-011422,301,อากาศปกติ,ภัยธรรมชาติ-พายุฤดูร้อน/พายุดีเปรสชั่น,ศจฟ,14:07,14:00,15:03,63,1. ทรงกลด มาศศรี,รถ : โพนสวรรค์-03,"H.R.C. FUSE, BLADE CONTACT, 100 A",2,,2026-05-04
1889,4 พ.ค. 2569,14:56,15:19,22,กฟส.ศรีสงคราม (XS),SSK02VF-022,3,ฝนตก ฟ้าคะนอง,ภัยธรรมชาติ-พายุฤดูร้อน/พายุดีเปรสชั่น,ศจฟ,14:56,14:57,15:37,40,1. ปัญจพงษ์ เศรษฐาไชย,รถ : ศรีสงคราม 01,FUSE LINK 22 KV. 10 A.EEI-NEMA TYPE K,2,,2026-05-04
1890,4 พ.ค. 2569,15:04,15:32,27,กฟส.โพนสวรรค์ (XS),,1,อากาศปกติ,ภัยธรรมชาติ-พายุฤดูร้อน/พายุดีเปรสชั่น,ศจฟ,15:04,15:00,16:06,66,1. ทรงกลด มาศศรี,รถ : โพนสวรรค์-03,"CABLE,CU,PVC,INS.&JAC. 600V, 2X10 SQ.MM.",7,,2026-05-04
1891,4 พ.ค. 2569,15:10,15:21,11,กฟส.ท่าอุเทน (XS),63-000048,25,อากาศชื้น / หมอก,ต้นไม้-กิ่งไม้หักพาดสาย,ศจฟ,15:10,15:18,15:22,4,1. ปรินทร์ บุญเทียม,รถ : รถแก้ไฟท่าอุเทน,"CABLE,AL,750 V,50 SQ.MM. TIS.293",8,,2026-05-04
1892,4 พ.ค. 2569,15:15,15:41,26,กฟส.ศรีสงคราม (XS),SSK08VF-049,48,ฝนตก ลมแรง,ต้นไม้-กิ่งไม้หักพาดสาย,ศจฟ,15:15,15:16,15:53,37,1. ปัญจพงษ์ เศรษฐาไชย  | 2. วุฒิชัย เหมเมือง,รถ : ศรีสงคราม 02,FUSE LINK 22 KV. 20 A.EEI-NEMA TYPE K,2,,2026-05-04
1893,4 พ.ค. 2569,15:38,17:18,100,กฟส.ศรีสงคราม (XS),60-018926,35,ฝนตก ฟ้าคะนอง,ภัยธรรมชาติ-พายุฤดูร้อน/พายุดีเปรสชั่น,ศจฟ,15:38,15:39,17:34,115,1. ปัญจพงษ์ เศรษฐาไชย,รถ : ศรีสงคราม 01,"CABLE,AL,750 V,50 SQ.MM. TIS.293",10,,2026-05-04
1894,4 พ.ค. 2569,15:52,15:54,2,กฟส.บ้านแพง (S),SSK08F-108,7,ฝนตก ลมแรง,ภัยธรรมชาติ-พายุฤดูร้อน/พายุดีเปรสชั่น,ศจฟ,15:52,08:30,10:00,90,1. ชินดนัย คงชะสิงห์,รถ : กระเช้าบ้านแพง,FUSE LINK 22 KV. 10 A.EEI-NEMA TYPE K,3,,2026-05-04
1895,4 พ.ค. 2569,15:54,17:11,76,กฟส.ศรีสงคราม (XS),SSK06VF-008,161,ฝนตก ลมแรง,อุปกรณ์-ชำรุด,ศจฟ,15:54,16:01,17:45,104,1. ปัญจพงษ์ เศรษฐาไชย  | 2. วุฒิชัย เหมเมือง,รถ : ศรีสงคราม 02,FUSE LINK 22 KV. 20 A.EEI-NEMA TYPE K,3,,2026-05-04
1896,4 พ.ค. 2569,16:07,10:40,0,กฟส.บ้านแพง (S),21700977,1,ฝนตก ลมแรง,ภัยธรรมชาติ-พายุฤดูร้อน/พายุดีเปรสชั่น,ศจฟ,16:07,10:00,11:00,60,1. ชินดนัย คงชะสิงห์,รถ : กระเช้าบ้านแพง,"CONN.,PG,DOUBLE BOLT,AL 25-95 SQ.MM.",2,,2026-05-04
1897,4 พ.ค. 2569,16:23,17:33,70,กฟส.ท่าอุเทน (XS),5801292706,1,อากาศชื้น / หมอก,ต้นไม้-กิ่งไม้หักพาดสาย,ศจฟ,16:23,16:25,17:35,70,1. ปรินทร์ บุญเทียม,รถ : รถแก้ไฟท่าอุเทน,"CABLE,AL,750 V,50 SQ.MM. TIS.293",10,,2026-05-04
1898,4 พ.ค. 2569,17:00,19:11,131,กฟจ.นครพนม (L),NNA06F-541,1,อากาศปกติ,ต้นไม้-กิ่งไม้หักพาดสาย,ศจฟ,17:00,17:00,18:00,60,1. ถวิล เมษาคุณ  | 2. ปรีชา เพ็งคำ  | 3. สันติ อินทิสาร,รถ : 3ฒภ 2576 กทม (นพ 01),FUSE LINK 22 KV. 15 A.EEI-NEMA TYPE K,3,,2026-05-04
1899,4 พ.ค. 2569,17:24,19:13,109,กฟจ.นครพนม (L),45-017280,93,อากาศปกติ,ต้นไม้-กิ่งไม้หักพาดสาย,ศจฟ,17:24,18:00,19:10,70,1. ถวิล เมษาคุณ  | 2. ปรีชา เพ็งคำ  | 3. สันติ อินทิสาร,รถ : 3ฒภ 2576 กทม (นพ 01),"H.R.C. FUSE, BLADE CONTACT, 100 A",2,,2026-05-04
1900,4 พ.ค. 2569,19:30,20:51,81,กฟส.นาแก (S),THA03VF-232,375,ฝนตก,ต้นไม้-กิ่งไม้หักพาดสาย,ศจฟ,19:30,19:31,20:53,82,1. วรพันธุ์ ตันสมรส,รถ : นก-03,FUSE LINK 22 KV. 20 A.EEI-NEMA TYPE K,3,,2026-05-04
1901,4 พ.ค. 2569,19:31,20:53,82,กฟส.นาแก (S),52-001357,74,ฝนตก,ต้นไม้-กิ่งไม้หักพาดสาย,ศจฟ,19:31,19:46,20:55,69,1. วรพันธุ์ ตันสมรส,รถ : นก-03,"H.R.C. FUSE, BLADE CONTACT, 80 A",3,,2026-05-04
1902,4 พ.ค. 2569,21:03,21:18,15,กฟส.ศรีสงคราม (XS),45-023680,53,ลมแรง,ภัยธรรมชาติ-พายุโซนร้อน/ใต้ฝุ่น,ศจฟ,21:03,21:05,22:00,55,1. วุฒิชัย เหมเมือง,รถ : ศรีสงคราม 02,"CABLE,AL,750 V,50 SQ.MM. TIS.293",7,,2026-05-04
1903,4 พ.ค. 2569,21:08,21:23,15,กฟส.ธาตุพนม (S),THA02VF-010,822,ลมแรง,ภัยธรรมชาติ-พายุโซนร้อน/ใต้ฝุ่น,ศจฟ,21:08,20:00,21:24,84,1. อุทัย สุมินทร์,รถ : กระเช้าธาตุพนม,FUSE LINK 22 KV. 15 A.EEI-NEMA TYPE K,2,,2026-05-04
1904,4 พ.ค. 2569,21:12,21:53,40,กฟส.นาหว้า (XS),40-003905,461,อากาศชื้น / หมอก,อุปกรณ์-ชำรุด,ศจฟ,21:12,21:13,21:59,46,1. กิตติศักดิ์ คำชนะ,รถ : นาหว้า 02,"CONN.,PG,DOUBLE BOLT,AL 25-95 SQ.MM.",2,,2026-05-04
1905,5 พ.ค. 2569,01:11,02:40,88,กฟส.ศรีสงคราม (XS),45-022322,299,อากาศปกติ,อุปกรณ์-ชำรุด,ศจฟ,01:11,01:40,02:50,70,1. ปัญจพงษ์ เศรษฐาไชย  | 2. วุฒิชัย เหมเมือง,รถ : ศรีสงคราม 02,"CONN.,PG,DOUBLE BOLT,AL 25-95 SQ.MM.",2,,2026-05-05
1906,5 พ.ค. 2569,01:52,05:00,188,กฟส.ศรีสงคราม (XS),,2834,อากาศปกติ,ต้นไม้-ต้นไม้ล้มทับสาย,ศจฟ,01:52,02:00,05:20,200,1. ปัญจพงษ์ เศรษฐาไชย  | 2. วุฒิชัย เหมเมือง,รถ : ศรีสงคราม 02,"CONN.,PG,DOUBLE BOLT,AL 25-95 SQ.MM.",3,,2026-05-05
1907,5 พ.ค. 2569,07:40,09:00,79,กฟจ.นครพนม (L),NNA04F-24,564,อากาศปกติ,ต้นไม้-ต้นไม้ล้มทับสาย,ศจฟ,07:40,07:46,09:30,104,1. ชัยยา มาตขาว  | 2. ณัฏฐศรันย์ อันทระบุตร  | 3. วิเชียร สุวอ,รถ : 3ฒภ 2576 กทม (นพ 01),FUSE LINK 22 KV. 40 A.EEI-NEMA TYPE K,3,,2026-05-05
1908,5 พ.ค. 2569,09:07,20:13,666,กฟจ.นครพนม (L),58-002298,19,อากาศปกติ,ต้นไม้-ต้นไม้ล้มทับสาย,ศจฟ,09:07,09:18,10:10,52,1. ณัฏฐศรันย์ อันทระบุตร  | 2. พิพัฒน์ นะระทะ  | 3. หฤษฎ์ ถูระวัน,รถ : 81-1269 นพ (นพ 03),"CABLE,AL,750 V,50 SQ.MM. TIS.293",5,,2026-05-05
1909,5 พ.ค. 2569,09:09,20:07,658,กฟจ.นครพนม (L),67-028747,94,อากาศปกติ,ต้นไม้-ต้นไม้ล้มทับสาย,ศจฟ,09:09,09:18,10:20,62,1. ณัฏฐศรันย์ อันทระบุตร  | 2. พิพัฒน์ นะระทะ  | 3. หฤษฎ์ ถูระวัน,รถ : 81-1269 นพ (นพ 03),FUSE LINK 22 KV. 3 A.EEI-NEMA TYPE K,3,,2026-05-05
1910,5 พ.ค. 2569,09:12,20:01,649,กฟจ.นครพนม (L),60-029607,28,อากาศปกติ,ต้นไม้-ต้นไม้ล้มทับสาย,ศจฟ,09:12,09:25,10:00,35,1. ณัฏฐศรันย์ อันทระบุตร  | 2. พิพัฒน์ นะระทะ  | 3. หฤษฎ์ ถูระวัน,รถ : 81-1269 นพ (นพ 03),FUSE HOLDER 22 KV. 100 A. 12 KA.,1,,2026-05-05
1911,5 พ.ค. 2569,09:47,10:12,24,กฟส.โพนสวรรค์ (XS),NNA01F-38,11127,อากาศปกติ,ต้นไม้-ต้นไม้ล้มทับสาย,ศจฟ,09:47,09:48,10:14,26,1. เพชราวุธ โพชราช,รถ : โพนสวรรค์-03,FUSE LINK 22 KV. 40 A.EEI-NEMA TYPE K,2,,2026-05-05
1912,5 พ.ค. 2569,10:15,11:03,47,กฟส.ศรีสงคราม (XS),SSK01VF-034,2,ฝนตก ฟ้าคะนอง,ภัยธรรมชาติ-พายุฤดูร้อน/พายุดีเปรสชั่น,ศจฟ,10:15,10:16,11:35,79,1. ปัญจพงษ์ เศรษฐาไชย,รถ : ศรีสงคราม 03,FUSE LINK 22 KV. 15 A.EEI-NEMA TYPE K,3,,2026-05-05
1913,5 พ.ค. 2569,10:21,10:34,13,กฟส.โพนสวรรค์ (XS),NNA01F-45,11127,อากาศปกติ,ภัยธรรมชาติ-พายุฤดูร้อน/พายุดีเปรสชั่น,ศจฟ,10:21,10:23,10:37,14,1. เพชราวุธ โพชราช,รถ : โพนสวรรค์-03,FUSE LINK 22 KV. 20 A.EEI-NEMA TYPE K,1,,2026-05-05
1914,5 พ.ค. 2569,11:03,11:40,36,กฟส.วังยาง (XS),32-000362,33,อากาศปกติ,อุปกรณ์-ชำรุด,ศจฟ,11:03,11:06,11:42,36,1. อนุรักษ์ วงค์จันดี,รถ : วย.01,"H.R.C. FUSE, BLADE CONTACT, 80 A",2,,2026-05-05
1915,5 พ.ค. 2569,11:10,14:06,176,กฟจ.นครพนม (L),27621915,1,อากาศปกติ,อุปกรณ์-ชำรุด,ศจฟ,11:10,11:18,12:30,72,1. ธำรงรัตน์ สระแก้ว  | 2. พิพัฒน์ พิมพ์ศรี  | 3. สุรวุฒิ สุขแสงดาว,รถ : 3ฒภ 2576 กทม (นพ 01),"CONN.,PG,DOUBLE BOLT,AL 25-95 SQ.MM.",2,,2026-05-05
1916,5 พ.ค. 2569,13:40,14:33,53,กฟส.ศรีสงคราม (XS),54-002126,28,ฝนตก ฟ้าคะนอง,ภัยธรรมชาติ-พายุฤดูร้อน/พายุดีเปรสชั่น,ศจฟ,13:40,13:41,15:02,81,1. ปัญจพงษ์ เศรษฐาไชย,รถ : ศรีสงคราม 03,"CONN.,PG,DOUBLE BOLT,AL 16-70 SQ.MM.",2,,2026-05-05
1917,5 พ.ค. 2569,13:45,14:09,24,กฟจ.นครพนม (L),NNB02VF-002,81,อากาศปกติ,ต้นไม้-ลมพัดต้นไม้มาแตะสาย,ศจฟ,13:45,13:30,14:11,41,1. ธำรงรัตน์ สระแก้ว  | 2. พิพัฒน์ พิมพ์ศรี  | 3. สุรวุฒิ สุขแสงดาว,รถ : 3ฒภ 2576 กทม (นพ 01),FUSE LINK 22 KV. 15 A.EEI-NEMA TYPE K,2,,2026-05-05
1918,5 พ.ค. 2569,15:00,15:24,24,กฟส.นาแก (S),38-014414,16,อากาศปกติ,ต้นไม้-ลมพัดต้นไม้มาแตะสาย,ศจฟ,15:00,14:00,14:55,55,1. อนาวิน อาจหาญ,รถ : นก-07,FUSE LINK 22 KV. 3 A.EEI-NEMA TYPE K,1,,2026-05-05
1919,5 พ.ค. 2569,15:01,15:44,42,กฟส.นาหว้า (XS),SSK04VF-120,19,อากาศปกติ,อุปกรณ์-ชำรุด,ศจฟ,15:01,15:02,15:53,51,1. กิตติศักดิ์ คำชนะ,รถ : นาหว้า 02,FUSE LINK 22 KV. 15 A.EEI-NEMA TYPE K,1,,2026-05-05
1920,5 พ.ค. 2569,15:09,15:31,22,กฟส.ศรีสงคราม (XS),45-023680,53,อากาศปกติ,สัตว์-งู,ศจฟ,15:09,15:18,15:57,39,1. ปัญจพงษ์ เศรษฐาไชย,รถ : ศรีสงคราม 03,FUSE LINK 22 KV. 3 A.EEI-NEMA TYPE K,2,,2026-05-05
1921,5 พ.ค. 2569,17:21,19:35,134,กฟจ.นครพนม (L),NNB01VF-018,562,อากาศปกติ,สัตว์-งู,ศจฟ,17:21,17:22,18:00,38,1. หฤษฎ์ ถูระวัน  | 2. หิรัญ พลไกรสร,รถ : 3ฒภ 2576 กทม (นพ 01),FUSE LINK 22 KV. 25 A.EEI-NEMA TYPE K,1,,2026-05-05
1922,5 พ.ค. 2569,17:37,18:13,36,กฟส.นาหว้า (XS),SSK06F-16,1734,อากาศปกติ,สัตว์-งู,ศจฟ,17:37,17:55,18:15,20,1. กิตติศักดิ์ คำชนะ  | 2. อัมรินทร์ วะราวัง,รถ : นาหว้า 02,"COND.,ACSR 50/8 SQ.MM.TIS.86",4,,2026-05-05
1923,5 พ.ค. 2569,17:48,18:27,38,กฟส.ธาตุพนม (S),43-003348,38,อากาศปกติ,สัตว์-งู,ศจฟ,17:48,18:06,18:29,23,1. นฤสรธ์ น้อยนารถ,รถ : กระเช้าธาตุพนม,FUSE LINK 22 KV. 3 A.EEI-NEMA TYPE K,2,,2026-05-05
1924,5 พ.ค. 2569,18:19,14:00,0,กฟส.ท่าอุเทน (XS),SSK02VF-231,966,อากาศปกติ,ต้นไม้-ต้นไม้ล้มทับสาย,ศจฟ,18:19,13:00,14:00,60,1. สุรธวัช วุฒิสาร,รถ : รถแก้ไฟท่าอุเทน,FUSE LINK 22 KV. 30 A.EEI-NEMA TYPE K,2,,2026-05-05
1925,5 พ.ค. 2569,20:13,20:21,8,กฟส.นาหว้า (XS),62-002182,17,อากาศปกติ,ต้นไม้-ต้นไม้ล้มทับสาย,ศจฟ,20:13,20:14,20:24,10,1. อัมรินทร์ วะราวัง,รถ : นาหว้า 02,"CABLE,AL,750 V,50 SQ.MM. TIS.293",5,,2026-05-05
1926,5 พ.ค. 2569,20:36,22:50,134,กฟส.ท่าอุเทน (XS),36-002274,33,อากาศปกติ,อุปกรณ์-ชำรุด,ศจฟ,20:36,20:37,22:10,93,1. สุรธวัช วุฒิสาร,รถ : รถแก้ไฟท่าอุเทน,FUSE HOLDER 22 KV. 100 A. 12 KA.,1,,2026-05-05
1927,5 พ.ค. 2569,21:40,00:02,142,กฟจ.นครพนม (L),NNB02VF-002,81,ฝนตก ลมแรง,ภัยธรรมชาติ-พายุฤดูร้อน/พายุดีเปรสชั่น,ศจฟ,21:40,21:41,09:04,3563,1. พิพัฒน์ นะระทะ  | 2. วสันต์ชัย ดวงสูงเนิน  | 3. หฤษฎ์ ถูระวัน  | 4. หิรัญ พลไกรสร,รถ : 81-1269 นพ (นพ 03),FUSE LINK 22 KV. 15 A.EEI-NEMA TYPE K,3,,2026-05-05
1928,5 พ.ค. 2569,22:57,23:01,4,กฟส.ท่าอุเทน (XS),BFA09VF-217,1127,อากาศปกติ,สัตว์-งู,ศจฟ,22:57,22:10,23:04,54,1. สุรธวัช วุฒิสาร,รถ : รถแก้ไฟท่าอุเทน,FUSE LINK 22 KV. 25 A.EEI-NEMA TYPE K,1,,2026-05-05
1929,6 พ.ค. 2569,06:38,08:22,104,กฟจ.นครพนม (L),NNA08VF-017,284,อากาศปกติ,สัตว์-งู,ศจฟ,06:38,06:38,07:24,46,1. กิติศักดิ์ หาราช  | 2. ทศวรรษ มังคละคีรี  | 3. ประจล ศรีสุราช,รถ : 3ฒภ 2576 กทม (นพ 01),FUSE LINK 22 KV. 15 A.EEI-NEMA TYPE K,2,,2026-05-06
1930,6 พ.ค. 2569,06:44,08:12,88,กฟส.โพนสวรรค์ (XS),60-029550,22,อากาศปกติ,ต้นไม้-ต้นไม้ล้มทับสาย,ศจฟ,06:44,06:44,08:29,105,1. เพชราวุธ โพชราช,รถ : โพนสวรรค์-02,"CABLE,AL,750 V,95 SQ.MM. TIS.293",5,,2026-05-06
1931,6 พ.ค. 2569,09:31,09:47,15,กฟส.บ้านแพง (S),SSK08F-55-1,19,ฝนตก ฟ้าคะนอง,ภัยธรรมชาติ-พายุฤดูร้อน/พายุดีเปรสชั่น,ศจฟ,09:31,09:03,09:53,50,1. รชานนท์ โมธรรม,รถ : กระเช้าบ้านแพง,"CABLE,AL,750 V,50 SQ.MM. TIS.293",4,,2026-05-06
1932,6 พ.ค. 2569,09:40,10:53,73,กฟส.นาหว้า (XS),SSK04VF-103,1,ลมแรง,อุปกรณ์-ชำรุด,ศจฟ,09:40,09:41,11:05,84,1. กิตติศักดิ์ คำชนะ,รถ : นาหว้า 02,FUSE LINK 22 KV. 10 A.EEI-NEMA TYPE K,1,,2026-05-06
1933,6 พ.ค. 2569,10:14,10:20,6,กฟส.บ้านแพง (S),34-006075,224,อากาศปกติ,อุปกรณ์-ชำรุด,ศจฟ,10:14,09:55,10:26,31,1. รชานนท์ โมธรรม,รถ : กระเช้าบ้านแพง,H.R.C. FUSE 200 A. DIN ORBS,1,,2026-05-06
1934,6 พ.ค. 2569,10:30,11:02,31,กฟส.ศรีสงคราม (XS),60-030810,39,ลมแรง,อุปกรณ์-ชำรุด,ศจฟ,10:30,10:30,11:02,32,1. ศิลารักษ์ วิภา,รถ : ศรีสงคราม 01,"CABLE,AL,750 V,95 SQ.MM. TIS.293",5,,2026-05-06
1935,6 พ.ค. 2569,10:53,10:30,0,กฟส.ศรีสงคราม (XS),SSK04VF-001,657,อากาศปกติ,อุปกรณ์-ชำรุด,ศจฟ,10:53,10:00,10:30,30,1. ศิลารักษ์ วิภา,รถ : ศรีสงคราม 01,FUSE LINK 22 KV. 25 A.EEI-NEMA TYPE K,2,,2026-05-06
1936,6 พ.ค. 2569,11:00,11:59,58,กฟส.ท่าอุเทน (XS),SSK02VF-265,123,อากาศปกติ,ต้นไม้-ต้นไม้เลื้อย/โตมาแตะสาย,ศจฟ,11:00,11:01,11:05,4,1. ปรินทร์ บุญเทียม,รถ : -,FUSE LINK 22 KV. 20 A.EEI-NEMA TYPE K,1,,2026-05-06
1937,6 พ.ค. 2569,11:31,11:54,22,กฟส.ท่าอุเทน (XS),SSK02VF-232,36,อากาศปกติ,สภาพสิ่งแวดล้อม-ไฟไหม้วัชพืชใต้ไลน์,ศจฟ,11:31,11:32,11:36,4,1. ปรินทร์ บุญเทียม,รถ : -,FUSE LINK 22 KV. 10 A.EEI-NEMA TYPE K,2,,2026-05-06
1938,6 พ.ค. 2569,11:39,13:14,94,กฟส.ท่าอุเทน (XS),SSK02VF-240,0,อากาศปกติ,ต้นไม้-กิ่งไม้หักพาดสาย,ศจฟ,11:39,11:50,13:00,70,1. ปรินทร์ บุญเทียม,รถ : -,FUSE LINK 22 KV. 30 A.EEI-NEMA TYPE K,2,,2026-05-06
1939,6 พ.ค. 2569,13:14,13:17,3,กฟส.บ้านแพง (S),SSK08F-67,48,ลมแรง,ต้นไม้-กิ่งไม้หักพาดสาย,ศจฟ,13:14,12:45,13:23,38,1. รชานนท์ โมธรรม,รถ : กระเช้าบ้านแพง,FUSE LINK 22 KV. 15 A.EEI-NEMA TYPE K,2,,2026-05-06
1940,6 พ.ค. 2569,13:40,15:03,82,กฟส.บ้านแพง (S),SEK01F-63-1,94,ฝนตก ลมแรง,ภัยธรรมชาติ-พายุฤดูร้อน/พายุดีเปรสชั่น,ศจฟ,13:40,14:15,15:04,49,1. รชานนท์ โมธรรม,รถ : กระเช้าบ้านแพง,"BOLT,DOUBLE ARMING,M.16X450 MM.",2,,2026-05-06
1941,6 พ.ค. 2569,14:42,17:44,182,กฟส.ธาตุพนม (S),THA06VF-035,55,อากาศปกติ,สัตว์-นก/ค้างคาว,ศจฟ,14:42,15:11,17:00,109,1. นรากร แสนโสม,รถ : กระเช้าธาตุพนม,FUSE LINK 22 KV. 30 A.EEI-NEMA TYPE K,2,,2026-05-06
1942,6 พ.ค. 2569,15:00,15:30,29,กฟจ.นครพนม (L),27-011157,96,อากาศปกติ,สัตว์-นก/ค้างคาว,ศจฟ,15:00,15:00,15:50,50,1. ชัยยา มาตขาว  | 2. ปรีชา เพ็งคำ,รถ : 3ฒภ 2576 กทม (นพ 01),"CABLE,AL,750 V,95 SQ.MM. TIS.293",10,,2026-05-06
1943,6 พ.ค. 2569,15:08,15:16,8,กฟส.ท่าอุเทน (XS),BFA09VF-223,106,อากาศปกติ,สัตว์-นก/ค้างคาว,ศจฟ,15:08,15:09,15:20,11,1. ปรินทร์ บุญเทียม,รถ : -,FUSE LINK 22 KV. 10 A.EEI-NEMA TYPE K,1,,2026-05-06
1944,6 พ.ค. 2569,15:48,16:56,67,กฟส.ศรีสงคราม (XS),63-023315,314,อากาศปกติ,สัตว์-งู,ศจฟ,15:48,15:49,17:00,71,1. วุฒิชัย เหมเมือง  | 2. ศิลารักษ์ วิภา,รถ : ศรีสงคราม 03,FUSE LINK 22 KV. 8 A.EEI-NEMA TYPE K,2,,2026-05-06
1945,6 พ.ค. 2569,16:00,16:03,3,กฟส.นาหว้า (XS),43-000235,258,อากาศปกติ,สัตว์-งู,ศจฟ,16:00,15:50,16:06,16,1. อัมรินทร์ วะราวัง,รถ : นาหว้า 02,"CABLE,AL,750 V,95 SQ.MM. TIS.293",5,,2026-05-06
1946,6 พ.ค. 2569,17:48,18:08,20,กฟส.เรณูนคร (XS),28987896,1,อากาศปกติ,สัตว์-งู,ศจฟ,17:48,17:49,18:10,21,1. พงศวัชร์ ธัญภัทร์อนันต์,รถ : 80-7964 นพ รณ.01,"CONN.,PG,DOUBLE BOLT,AL 16-70 SQ.MM.",1,,2026-05-06
1947,6 พ.ค. 2569,18:44,19:10,26,กฟส.เรณูนคร (XS),61-004047,56,อากาศปกติ,สัตว์-งู,ศจฟ,18:44,18:45,19:18,33,1. พงศวัชร์ ธัญภัทร์อนันต์,รถ : 80-7964 นพ รณ.01,FUSE LINK 22 KV. 3 A.EEI-NEMA TYPE K,1,,2026-05-06
1948,6 พ.ค. 2569,18:49,19:57,67,กฟจ.นครพนม (L),NNA02VF-038,186,อากาศปกติ,สัตว์-งู,ศจฟ,18:49,18:15,19:30,75,1. ธำรงรัตน์ สระแก้ว  | 2. พิพัฒน์ พิมพ์ศรี  | 3. สันติ อินทิสาร  | 4. สุรวุฒิ สุขแสงดาว,รถ : 81-1269 นพ (นพ 03),FUSE LINK 22 KV. 15 A.EEI-NEMA TYPE K,2,,2026-05-06
1949,6 พ.ค. 2569,19:32,20:52,79,กฟจ.นครพนม (L),63-018965,11,อากาศปกติ,อุปกรณ์-ชำรุด,ศจฟ,19:32,19:46,20:53,67,1. ธำรงรัตน์ สระแก้ว  | 2. พิพัฒน์ พิมพ์ศรี  | 3. สันติ อินทิสาร  | 4. สุรวุฒิ สุขแสงดาว,รถ : 3ฒภ 2576 กทม (นพ 01),"H.R.C. FUSE, BLADE CONTACT, 100 A",2,,2026-05-06
1950,6 พ.ค. 2569,19:52,20:20,27,กฟส.เรณูนคร (XS),THA02F-51,572,อากาศปกติ,อุปกรณ์-ชำรุด,ศจฟ,19:52,19:53,20:30,37,1. พงศวัชร์ ธัญภัทร์อนันต์,รถ : 80-7964 นพ รณ.01,,,,2026-05-06
1951,6 พ.ค. 2569,19:59,20:04,5,กฟส.นาแก (S),6200492728,1,อากาศปกติ,อุปกรณ์-ชำรุด,ศจฟ,19:59,20:00,20:27,27,1. ศักดินันต์ ศรีพุทโธ,รถ : นก-03,"CONN.,PG,DOUBLE BOLT,AL 25-95 SQ.MM.",2,,2026-05-06
1952,6 พ.ค. 2569,20:46,21:09,22,กฟส.ปลาปาก (XS),61-009811,167,อากาศปกติ,อุปกรณ์-ชำรุด,ศจฟ,20:46,20:47,21:12,25,1. นครินทร์ จำปาทิ,รถ : รถแก้ไฟปลาปาก 01,"H.R.C. FUSE, BLADE CONTACT, 100 A",1,,2026-05-06
1953,6 พ.ค. 2569,20:47,21:13,26,กฟส.ปลาปาก (XS),57-005646,83,อากาศปกติ,ต้นไม้-ต้นไม้ล้มทับสาย,ศจฟ,20:47,20:48,21:16,28,1. นครินทร์ จำปาทิ,รถ : รถแก้ไฟปลาปาก 01,H.R.C. FUSE 50 A.DIN OR BS,1,,2026-05-06
1954,6 พ.ค. 2569,20:54,21:08,14,กฟส.นาแก (S),THA03VF-233-1,191,อากาศปกติ,อุปกรณ์-ชำรุด,ศจฟ,20:54,20:54,21:11,17,1. ศักดินันต์ ศรีพุทโธ,รถ : นก-03,FUSE LINK 22 KV. 10 A.EEI-NEMA TYPE K,1,,2026-05-06
1955,6 พ.ค. 2569,21:38,21:49,11,กฟส.นาแก (S),THA03VF-242-1,86,อากาศปกติ,อุปกรณ์-ชำรุด,ศจฟ,21:38,21:39,22:00,21,1. ศักดินันต์ ศรีพุทโธ,รถ : นก-03,FUSE LINK 22 KV. 10 A.EEI-NEMA TYPE K,1,,2026-05-06
1956,6 พ.ค. 2569,21:46,22:11,24,กฟส.ศรีสงคราม (XS),SSK02VF-015,1623,อากาศปกติ,สัตว์-งู,ศจฟ,21:46,21:47,22:32,45,1. ปัญจพงษ์ เศรษฐาไชย,รถ : ศรีสงคราม 02,FUSE LINK 22 KV. 40 A.EEI-NEMA TYPE K,2,,2026-05-06
1957,6 พ.ค. 2569,22:17,22:22,5,กฟส.นาแก (S),THA04VF-228-1,24,ลมแรง,อุปกรณ์-ชำรุด,ศจฟ,22:17,22:19,23:00,41,1. ศักดินันต์ ศรีพุทโธ,รถ : นก-03,FUSE LINK 22 KV. 15 A.EEI-NEMA TYPE K,1,,2026-05-06
1958,7 พ.ค. 2569,06:35,08:22,107,กฟส.โพนสวรรค์ (XS),SSK07F-08,2199,อากาศชื้น / หมอก,ภัยธรรมชาติ-พายุฤดูร้อน/พายุดีเปรสชั่น,ศจฟ,06:35,05:50,08:27,157,1. วรัญญู สังรวมใจ  | 2. เพชราวุธ โพชราช,รถ : โพนสวรรค์-03,FUSE LINK 22 KV. 25 A.EEI-NEMA TYPE K,1,,2026-05-07
1959,7 พ.ค. 2569,06:47,07:21,33,กฟส.ท่าอุเทน (XS),SSK02VF-231,966,อากาศชื้น / หมอก,ภัยธรรมชาติ-พายุฤดูร้อน/พายุดีเปรสชั่น,ศจฟ,06:47,06:48,07:23,35,1. อนุสรณ์ ทองประสม,รถ : รถแก้ไฟท่าอุเทน,FUSE LINK 22 KV. 30 A.EEI-NEMA TYPE K,1,,2026-05-07
1960,7 พ.ค. 2569,07:25,07:29,4,กฟส.ท่าอุเทน (XS),67-021467,399,อากาศชื้น / หมอก,ภัยธรรมชาติ-พายุฤดูร้อน/พายุดีเปรสชั่น,ศจฟ,07:25,07:28,07:53,25,1. อนุสรณ์ ทองประสม,รถ : รถแก้ไฟท่าอุเทน,H.R.C. FUSE 250 A.DIN OR BS,1,,2026-05-07
1961,7 พ.ค. 2569,08:40,10:26,106,กฟส.วังยาง (XS),41-001850,89,อากาศปกติ,อุปกรณ์-ชำรุด,ศจฟ,08:40,08:47,10:27,100,1. อนุรักษ์ วงค์จันดี,รถ : วย.01,"H.R.C. FUSE, BLADE CONTACT, 160 A",2,,2026-05-07
1962,7 พ.ค. 2569,11:50,11:20,0,กฟส.บ้านแพง (S),SSK08F-54-1,25,อากาศปกติ,อุปกรณ์-ชำรุด,ศจฟ,11:50,12:41,13:25,44,1. รชานนท์ โมธรรม,รถ : กระเช้าบ้านแพง,FUSE LINK 22 KV. 15 A.EEI-NEMA TYPE K,1,,2026-05-07
1963,7 พ.ค. 2569,12:00,13:00,60,กฟส.ธาตุพนม (S),THA06VF-002,510,อากาศปกติ,อุปกรณ์-ชำรุด,ศจฟ,12:00,12:43,13:09,26,1. เกรียงศักดิ์ สุพรรณคุ้ม,รถ : ธพ 03,FUSE HOLDER 22 KV. 100 A. 12 KA.,1,,2026-05-07
1964,7 พ.ค. 2569,15:00,15:57,56,กฟส.ศรีสงคราม (XS),60-016164,132,อากาศปกติ,อุปกรณ์-ชำรุด,ศจฟ,15:00,14:00,14:45,45,1. ศิลารักษ์ วิภา,รถ : ศรีสงคราม 02,FUSE LINK 22 KV. 10 A.EEI-NEMA TYPE K,2,,2026-05-07
1965,7 พ.ค. 2569,15:00,16:01,61,กฟส.ศรีสงคราม (XS),22-005686,142,อากาศปกติ,อุปกรณ์-ชำรุด,ศจฟ,15:00,14:45,15:45,60,1. ศิลารักษ์ วิภา,รถ : ศรีสงคราม 02,"CABLE,AL,750 V,50 SQ.MM. TIS.293",10,,2026-05-07
1966,7 พ.ค. 2569,18:04,18:46,42,กฟส.เรณูนคร (XS),64-018472,125,อากาศปกติ,สัตว์-งู,ศจฟ,18:04,18:25,19:06,41,1. ณวุฒิ กลางประพันธ์,รถ : 80-7964 นพ รณ.01,"CABLE,CU,PVC,INS.&JAC. 600V, 2X10 SQ.MM.",7,,2026-05-07
1967,7 พ.ค. 2569,19:12,18:01,0,กฟส.ธาตุพนม (S),59-021163,49,อากาศปกติ,สัตว์-งู,ศจฟ,19:12,18:02,19:20,78,1. ณวุฒิ กลางประพันธ์  | 2. อติชาติ เมืองงาม,รถ : ธพ 03,FUSE LINK 22 KV. 3 A.EEI-NEMA TYPE K,2,,2026-05-07
1968,7 พ.ค. 2569,19:38,00:43,305,กฟจ.นครพนม (L),NNA01F-38,1733,ฝนตก ฟ้าคะนอง,สัตว์-งู,ศจฟ,19:38,19:51,00:45,294,1. ชัยยา มาตขาว  | 2. วิเชียร สุวอ  | 3. หิรัญ พลไกรสร  | 4. เกริกฤทธิ์ จันทรโพธิ์ศรี,รถ : 81-1269 นพ (นพ 03),FUSE LINK 22 KV. 15 A.EEI-NEMA TYPE K,2,,2026-05-07
1969,7 พ.ค. 2569,19:52,20:14,22,กฟส.บ้านแพง (S),SSK08F-65,788,ฝนตก ฟ้าคะนอง,ภัยธรรมชาติ-พายุฤดูร้อน/พายุดีเปรสชั่น,ศจฟ,19:52,19:38,20:16,38,1. สุริยา ทะวงศ์ษา,รถ : กระเช้าบ้านแพง,FUSE LINK 22 KV. 30 A.EEI-NEMA TYPE K,1,,2026-05-07
1970,7 พ.ค. 2569,20:11,01:19,308,กฟจ.นครพนม (L),NNA04F-20,906,ฝนตก ฟ้าคะนอง,ภัยธรรมชาติ-พายุฤดูร้อน/พายุดีเปรสชั่น,ศจฟ,20:11,20:11,01:21,310,1. ชัยยา มาตขาว  | 2. วิเชียร สุวอ  | 3. หิรัญ พลไกรสร  | 4. เกริกฤทธิ์ จันทรโพธิ์ศรี,รถ : 81-1269 นพ (นพ 03),FUSE LINK 22 KV. 15 A.EEI-NEMA TYPE K,3,,2026-05-07
1971,7 พ.ค. 2569,20:11,21:30,79,กฟจ.นครพนม (L),NNA01VF-026,1847,ฝนตก ฟ้าคะนอง,ภัยธรรมชาติ-พายุฤดูร้อน/พายุดีเปรสชั่น,ศจฟ,20:11,20:12,22:00,108,1. ชัยยา มาตขาว  | 2. วิเชียร สุวอ  | 3. หิรัญ พลไกรสร  | 4. เกริกฤทธิ์ จันทรโพธิ์ศรี,รถ : 3ฒภ 2576 กทม (นพ 01),FUSE LINK 22 KV. 25 A.EEI-NEMA TYPE K,3,,2026-05-07
1972,7 พ.ค. 2569,20:13,17:32,0,กฟส.ธาตุพนม (S),THA06VF-035,55,ฝนตก ฟ้าคะนอง,ภัยธรรมชาติ-พายุฤดูร้อน/พายุดีเปรสชั่น,ศจฟ,20:13,16:31,17:49,78,1. ณวุฒิ กลางประพันธ์  | 2. อติชาติ เมืองงาม,รถ : ธพ 03,FUSE LINK 22 KV. 25 A.EEI-NEMA TYPE K,1,,2026-05-07
1973,7 พ.ค. 2569,20:14,19:50,0,กฟส.ธาตุพนม (S),61-014937,135,ฝนตก ฟ้าคะนอง,ภัยธรรมชาติ-พายุฤดูร้อน/พายุดีเปรสชั่น,ศจฟ,20:14,19:51,20:57,66,1. ณวุฒิ กลางประพันธ์  | 2. อติชาติ เมืองงาม,รถ : ธพ 03,H.R.C. FUSE 200 A. DIN ORBS,1,,2026-05-07
1974,7 พ.ค. 2569,20:16,20:23,7,กฟส.บ้านแพง (S),SSK08F-65-1,520,ฝนตก ฟ้าคะนอง,ภัยธรรมชาติ-พายุฤดูร้อน/พายุดีเปรสชั่น,ศจฟ,20:16,20:17,20:30,13,1. สุริยา ทะวงศ์ษา,รถ : กระเช้าบ้านแพง,FUSE LINK 22 KV. 25 A.EEI-NEMA TYPE K,1,,2026-05-07
1975,7 พ.ค. 2569,20:36,20:56,20,กฟส.บ้านแพง (S),SSK08F-69,1115,ฝนตก ฟ้าคะนอง,ภัยธรรมชาติ-พายุฤดูร้อน/พายุดีเปรสชั่น,ศจฟ,20:36,20:37,20:52,15,1. สุริยา ทะวงศ์ษา,รถ : กระเช้าบ้านแพง,FUSE LINK 22 KV. 30 A.EEI-NEMA TYPE K,2,,2026-05-07
1976,7 พ.ค. 2569,20:49,07:12,10703,กฟจ.นครพนม (L),39-003147,66,ฝนตก ฟ้าคะนอง,ภัยธรรมชาติ-พายุฤดูร้อน/พายุดีเปรสชั่น,ศจฟ,20:49,20:49,21:14,25,1. ชัยยา มาตขาว  | 2. วิเชียร สุวอ  | 3. หิรัญ พลไกรสร  | 4. เกริกฤทธิ์ จันทรโพธิ์ศรี,รถ : 81-1269 นพ (นพ 03),FUSE LINK 22 KV. 15 A.EEI-NEMA TYPE K,2,,2026-05-07
1977,7 พ.ค. 2569,20:52,21:20,27,กฟส.บ้านแพง (S),BFA01VF-110,41,ฝนตก ฟ้าคะนอง,ภัยธรรมชาติ-พายุฤดูร้อน/พายุดีเปรสชั่น,ศจฟ,20:52,20:53,21:15,22,1. สุริยา ทะวงศ์ษา,รถ : กระเช้าบ้านแพง,FUSE LINK 22 KV. 20 A.EEI-NEMA TYPE K,2,,2026-05-07
1978,7 พ.ค. 2569,21:24,22:24,60,กฟส.บ้านแพง (S),SSK08F-59,751,ฝนตก ฟ้าคะนอง,ภัยธรรมชาติ-พายุฤดูร้อน/พายุดีเปรสชั่น,ศจฟ,21:24,21:25,21:50,25,1. สุริยา ทะวงศ์ษา,รถ : กระเช้าบ้านแพง,FUSE LINK 22 KV. 20 A.EEI-NEMA TYPE K,2,,2026-05-07
1979,7 พ.ค. 2569,21:47,23:01,73,กฟจ.นครพนม (L),NNA07F-02,154,ฝนตก ลมแรง,ภัยธรรมชาติ-พายุฤดูร้อน/พายุดีเปรสชั่น,ศจฟ,21:47,23:49,23:59,10,1. ชัยยา มาตขาว  | 2. วิเชียร สุวอ  | 3. หิรัญ พลไกรสร  | 4. เกริกฤทธิ์ จันทรโพธิ์ศรี,รถ : 81-1269 นพ (นพ 03),FUSE LINK 22 KV. 25 A.EEI-NEMA TYPE K,3,,2026-05-07
1980,7 พ.ค. 2569,22:28,23:13,45,กฟส.บ้านแพง (S),SSK08F-73,199,ฝนตก ฟ้าคะนอง,ภัยธรรมชาติ-พายุฤดูร้อน/พายุดีเปรสชั่น,ศจฟ,22:28,20:50,22:52,122,1. สุริยา ทะวงศ์ษา,รถ : กระเช้าบ้านแพง,FUSE LINK 22 KV. 10 A.EEI-NEMA TYPE K,2,,2026-05-07
1981,7 พ.ค. 2569,22:55,23:17,22,กฟส.บ้านแพง (S),SSK08-63,28,ฝนตก ฟ้าคะนอง,ภัยธรรมชาติ-พายุฤดูร้อน/พายุดีเปรสชั่น,ศจฟ,22:55,22:55,23:20,25,1. สุริยา ทะวงศ์ษา,รถ : กระเช้าบ้านแพง,FUSE LINK 22 KV. 20 A.EEI-NEMA TYPE K,2,,2026-05-07
1982,7 พ.ค. 2569,23:43,23:53,10,กฟส.ปลาปาก (XS),NNA07F-56-04,441,ฝนตก ลมแรง,ภัยธรรมชาติ-พายุฤดูร้อน/พายุดีเปรสชั่น,ศจฟ,23:43,23:44,23:59,15,1. สุธรรม จันทะผา,รถ : รถแก้ไฟปลาปาก 01,FUSE LINK 22 KV. 30 A.EEI-NEMA TYPE K,1,,2026-05-07
1983,8 พ.ค. 2569,01:00,01:57,56,กฟจ.นครพนม (L),NNA07F-48/1,476,ฝนตก ลมแรง,ภัยธรรมชาติ-พายุฤดูร้อน/พายุดีเปรสชั่น,ศจฟ,01:00,01:19,02:06,47,1. สุธรรม จันทะผา,รถ : รถแก้ไฟปลาปาก 01,,,,2026-05-08
1984,8 พ.ค. 2569,01:00,08:53,473,กฟจ.นครพนม (L),NNA02VF-006,3,ฝนตก ฟ้าคะนอง,ภัยธรรมชาติ-พายุฤดูร้อน/พายุดีเปรสชั่น,ศจฟ,01:00,01:39,08:55,436,1. ชัยยา มาตขาว  | 2. ธำรงรัตน์ สระแก้ว  | 3. วสันต์ชัย ดวงสูงเนิน  | 4. วิเชียร สุวอ  | 5. สุรวุฒิ สุขแสงดาว  | 6. หิรัญ พลไกรสร  | 7. เกริกฤทธิ์ จันทรโพธิ์ศรี,รถ : รถกระเช้า (04),FUSE LINK 22 KV. 25 A.EEI-NEMA TYPE K,3,,2026-05-08
1985,8 พ.ค. 2569,01:15,01:22,7,กฟส.บ้านแพง (S),SSK08F-65,788,ฝนตก ฟ้าคะนอง,ภัยธรรมชาติ-พายุฤดูร้อน/พายุดีเปรสชั่น,ศจฟ,01:15,01:05,01:31,26,1. สุริยา ทะวงศ์ษา,รถ : กระเช้าบ้านแพง,FUSE LINK 22 KV. 15 A.EEI-NEMA TYPE K,1,,2026-05-08
1986,8 พ.ค. 2569,01:20,01:34,14,กฟส.เรณูนคร (XS),67-026511,5,ฝนตก ฟ้าคะนอง,สภาพสิ่งแวดล้อม-ฟ้าผ่า,ศจฟ,01:20,01:25,02:29,64,1. ณวุฒิ กลางประพันธ์,รถ : 80-7964 นพ รณ.01,"H.R.C. FUSE, BLADE CONTACT, 100 A",1,,2026-05-08
1987,8 พ.ค. 2569,07:00,08:10,70,กฟส.ท่าอุเทน (XS),SSK02VF-240,741,อากาศปกติ,ต้นไม้-ต้นไม้ล้มทับสาย,ศจฟ,07:00,04:00,06:00,120,1. วีระพงษ์ วงตรี  | 2. อนุสรณ์ ทองประสม,รถ : -,FUSE LINK 22 KV. 15 A.EEI-NEMA TYPE K,3,,2026-05-08
1988,8 พ.ค. 2569,07:00,08:50,110,กฟจ.นครพนม (L),NNA04F-19,204,ฝนตก ลมแรง,ภัยธรรมชาติ-พายุฤดูร้อน/พายุดีเปรสชั่น,ศจฟ,07:00,07:27,08:52,85,1. ชัยยา มาตขาว  | 2. ธำรงรัตน์ สระแก้ว  | 3. วสันต์ชัย ดวงสูงเนิน  | 4. วิเชียร สุวอ  | 5. สุรวุฒิ สุขแสงดาว  | 6. หิรัญ พลไกรสร  | 7. เกริกฤทธิ์ จันทรโพธิ์ศรี,รถ : รถกระเช้า (04),FUSE LINK 22 KV. 25 A.EEI-NEMA TYPE K,3,,2026-05-08
1989,8 พ.ค. 2569,07:10,08:33,82,กฟส.โพนสวรรค์ (XS),60-024495,309,อากาศชื้น / หมอก,ภัยธรรมชาติ-พายุฤดูร้อน/พายุดีเปรสชั่น,ศจฟ,07:10,06:50,08:30,100,1. ทรงกลด มาศศรี,รถ : โพนสวรรค์-03,"CABLE,AL,750 V,50 SQ.MM. TIS.293",10,,2026-05-08
1990,8 พ.ค. 2569,07:10,08:47,97,กฟจ.นครพนม (L),NNA05F-01/1,225,ฝนตก ลมแรง,ภัยธรรมชาติ-พายุฤดูร้อน/พายุดีเปรสชั่น,ศจฟ,07:10,07:27,08:49,82,1. ชัยยา มาตขาว  | 2. ธำรงรัตน์ สระแก้ว  | 3. วสันต์ชัย ดวงสูงเนิน  | 4. วิเชียร สุวอ  | 5. สุรวุฒิ สุขแสงดาว  | 6. หิรัญ พลไกรสร  | 7. เกริกฤทธิ์ จันทรโพธิ์ศรี,รถ : รถกระเช้า (04),FUSE LINK 22 KV. 25 A.EEI-NEMA TYPE K,3,,2026-05-08
1991,8 พ.ค. 2569,07:10,14:31,1881,กฟส.ท่าอุเทน (XS),53-009743,45,อากาศชื้น / หมอก,สัตว์-งู,ศจฟ,07:10,07:47,08:10,23,1. ปรินทร์ บุญเทียม  | 2. วีระพงษ์ วงตรี,รถ : รถแก้ไฟท่าอุเทน,FUSE LINK 22 KV. 3 A.EEI-NEMA TYPE K,2,,2026-05-08
1992,8 พ.ค. 2569,07:15,07:04,0,กฟส.เรณูนคร (XS),THA02F-23,972,ฝนตก ฟ้าคะนอง,สภาพสิ่งแวดล้อม-ฟ้าผ่า,ศจฟ,07:15,05:59,07:06,67,1. ณวุฒิ กลางประพันธ์,รถ : 80-7964 นพ รณ.01,FUSE LINK 22 KV. 3 A.EEI-NEMA TYPE K,2,,2026-05-08
1993,8 พ.ค. 2569,07:20,08:13,53,กฟส.เรณูนคร (XS),60-003254,97,ฝนตก ฟ้าคะนอง,ภัยธรรมชาติ-พายุฤดูร้อน/พายุดีเปรสชั่น,ศจฟ,07:20,07:10,08:23,73,1. ณวุฒิ กลางประพันธ์,รถ : 80-7964 นพ รณ.01,"CABLE,CU,PVC,INS.&JAC. 600V, 2X10 SQ.MM.",7,,2026-05-08
1994,8 พ.ค. 2569,09:25,10:00,35,กฟส.ศรีสงคราม (XS),SSK08VF-026,2,ฝนตก ฟ้าคะนอง,ภัยธรรมชาติ-พายุฤดูร้อน/พายุดีเปรสชั่น,ศจฟ,09:25,09:26,10:10,44,1. เชาวลิต หัสรินทร์,รถ : ศรีสงคราม 01,FUSE LINK 22 KV. 10 A.EEI-NEMA TYPE K,3,,2026-05-08
1995,8 พ.ค. 2569,09:28,10:03,35,กฟส.ศรีสงคราม (XS),SSK02VF-033,424,อากาศปกติ,สภาพสิ่งแวดล้อม-ความชื้น,ศจฟ,09:28,09:29,10:21,52,1. ปัญจพงษ์ เศรษฐาไชย,รถ : ศรีสงคราม 02,FUSE LINK 22 KV. 25 A.EEI-NEMA TYPE K,2,,2026-05-08
1996,8 พ.ค. 2569,09:39,10:50,70,กฟส.ธาตุพนม (S),THA07VF-006,917,อากาศปกติ,สภาพสิ่งแวดล้อม-ความชื้น,ศจฟ,09:39,10:26,10:56,30,1. นรากร แสนโสม,รถ : กระเช้าธาตุพนม,FUSE LINK 22 KV. 20 A.EEI-NEMA TYPE K,3,,2026-05-08
1997,8 พ.ค. 2569,10:27,11:01,33,กฟส.ปลาปาก (XS),NNA07F-48/2,165,ฝนตก,ต้นไม้-กิ่งไม้หักพาดสาย,ศจฟ,10:27,10:29,11:17,48,1. สุธรรม จันทะผา,รถ : รถแก้ไฟปลาปาก 01,FUSE LINK 22 KV. 15 A.EEI-NEMA TYPE K,3,,2026-05-08
1998,8 พ.ค. 2569,10:29,10:20,0,กฟส.บ้านแพง (S),BFA10VF-101,532,ฝนตก,ต้นไม้-กิ่งไม้หักพาดสาย,ศจฟ,10:29,10:05,10:45,40,1. รชานนท์ โมธรรม,รถ : กระเช้าบ้านแพง,FUSE LINK 22 KV. 15 A.EEI-NEMA TYPE K,1,,2026-05-08
1999,8 พ.ค. 2569,10:29,10:31,2,กฟส.บ้านแพง (S),45-023787,32,ฝนตก,ต้นไม้-กิ่งไม้หักพาดสาย,ศจฟ,10:29,09:15,10:36,81,1. รชานนท์ โมธรรม,รถ : กระเช้าบ้านแพง,H.R.C. FUSE 50 A.DIN OR BS,1,,2026-05-08
2000,8 พ.ค. 2569,10:30,11:12,42,กฟส.วังยาง (XS),SOA07F-558,1328,ฝนตก,วัสดุแปลกปลอม-เศษกิ่งไม้ใบไม้/ฟาง/ทางมะพร้าวปลิวมาแตะ,ศจฟ,10:30,10:34,11:50,76,1. อนุรักษ์ วงค์จันดี,รถ : วย.01,"DROPOUT,FUSE,22 KV.100 A.12 KA",1,,2026-05-08
2001,8 พ.ค. 2569,10:31,10:39,8,กฟส.ปลาปาก (XS),40-017528,29,ฝนตก ลมแรง,วัสดุแปลกปลอม-เศษกิ่งไม้ใบไม้/ฟาง/ทางมะพร้าวปลิวมาแตะ,ศจฟ,10:31,10:33,12:00,87,1. ศักดิพัฒน์ บุราณเดช  | 2. สุธรรม จันทะผา,รถ : รถแก้ไฟ 02,FUSE LINK 22 KV. 3 A.EEI-NEMA TYPE K,2,,2026-05-08
2002,8 พ.ค. 2569,10:40,10:48,8,กฟจ.นครพนม (L),NNA04F-22,2461,ฝนตก ลมแรง,วัสดุแปลกปลอม-เศษกิ่งไม้ใบไม้/ฟาง/ทางมะพร้าวปลิวมาแตะ,ศจฟ,10:40,10:41,10:53,12,1. กิติศักดิ์ หาราช  | 2. จันทะคาด บัวเคน  | 3. ณัฏฐศรันย์ อันทระบุตร  | 4. ทศวรรษ มังคละคีรี  | 5. ธำรงรัตน์ สระแก้ว  | 6. นลธวัช ศรีหาเศษ  | 7. ประจล ศรีสุราช  | 8. พงษ์สนิจ ศรีวิชัย  | 9. พิพัฒน์ พิมพ์ศรี  | 10. วสันต์ชัย ดวงสูงเนิน  | 11. สุรวุฒิ สุขแสงดาว,รถ : 81-1269 นพ (นพ 03),FUSE HOLDER 22 KV. 100 A. 12 KA.,1,,2026-05-08
2003,8 พ.ค. 2569,10:41,11:02,20,กฟจ.นครพนม (L),36-002600,88,ฝนตก ลมแรง,วัสดุแปลกปลอม-เศษกิ่งไม้ใบไม้/ฟาง/ทางมะพร้าวปลิวมาแตะ,ศจฟ,10:41,10:42,11:05,23,1. กิติศักดิ์ หาราช  | 2. จันทะคาด บัวเคน  | 3. ณัฏฐศรันย์ อันทระบุตร  | 4. ทศวรรษ มังคละคีรี  | 5. ธำรงรัตน์ สระแก้ว  | 6. นลธวัช ศรีหาเศษ  | 7. ประจล ศรีสุราช  | 8. พงษ์สนิจ ศรีวิชัย  | 9. พิพัฒน์ พิมพ์ศรี  | 10. วสันต์ชัย ดวงสูงเนิน  | 11. สุรวุฒิ สุขแสงดาว,รถ : 81-1269 นพ (นพ 03),"H.R.C. FUSE, BLADE CONTACT, 80 A",1,,2026-05-08
2004,8 พ.ค. 2569,10:43,11:45,61,กฟจ.นครพนม (L),NNB02VF-039,306,ฝนตก ลมแรง,วัสดุแปลกปลอม-เศษกิ่งไม้ใบไม้/ฟาง/ทางมะพร้าวปลิวมาแตะ,ศจฟ,10:43,08:30,09:10,40,1. กิติศักดิ์ หาราช  | 2. ทศวรรษ มังคละคีรี,รถ : นพ 06,FUSE LINK 22 KV. 10 A.EEI-NEMA TYPE K,3,,2026-05-08
2005,8 พ.ค. 2569,10:44,11:48,64,กฟจ.นครพนม (L),NNB01VF-018,562,ฝนตก ลมแรง,วัสดุแปลกปลอม-เศษกิ่งไม้ใบไม้/ฟาง/ทางมะพร้าวปลิวมาแตะ,ศจฟ,10:44,09:11,09:40,29,1. กิติศักดิ์ หาราช  | 2. ทศวรรษ มังคละคีรี,รถ : นพ 06,COVERED TIE WIRE.AL.4.0 MM.,4,,2026-05-08
2006,8 พ.ค. 2569,10:49,11:52,63,กฟจ.นครพนม (L),NNB01VF-026,1,ฝนตก ลมแรง,วัสดุแปลกปลอม-เศษกิ่งไม้ใบไม้/ฟาง/ทางมะพร้าวปลิวมาแตะ,ศจฟ,10:49,09:40,10:25,45,1. กิติศักดิ์ หาราช  | 2. ทศวรรษ มังคละคีรี,รถ : นพ 06,FUSE LINK 22 KV. 3 A.EEI-NEMA TYPE K,3,,2026-05-08
2007,8 พ.ค. 2569,10:51,09:00,0,กฟจ.นครพนม (L),25-000555,123,ฝนตก ฟ้าคะนอง,ภัยธรรมชาติ-พายุฤดูร้อน/พายุดีเปรสชั่น,ศจฟ,10:51,09:00,10:00,60,1. กิติศักดิ์ หาราช  | 2. จันทะคาด บัวเคน  | 3. ณัฏฐศรันย์ อันทระบุตร  | 4. ทศวรรษ มังคละคีรี  | 5. นลธวัช ศรีหาเศษ  | 6. ประจล ศรีสุราช  | 7. พงษ์สนิจ ศรีวิชัย  | 8. พิพัฒน์ พิมพ์ศรี,รถ : 3ฒภ 2576 กทม (นพ 01),"CABLE,AL,750 V,95 SQ.MM. TIS.293",5,,2026-05-08
2008,8 พ.ค. 2569,11:00,12:04,64,กฟจ.นครพนม (L),NNA02VF-006,1,ฝนตก ลมแรง,ต้นไม้-กิ่งไม้หักพาดสาย,ศจฟ,11:00,11:16,12:14,58,1. กิติศักดิ์ หาราช  | 2. จันทะคาด บัวเคน  | 3. ณัฏฐศรันย์ อันทระบุตร  | 4. ทศวรรษ มังคละคีรี  | 5. นลธวัช ศรีหาเศษ  | 6. ประจล ศรีสุราช  | 7. พงษ์สนิจ ศรีวิชัย  | 8. พิพัฒน์ พิมพ์ศรี,รถ : 81-1269 นพ (นพ 03),FUSE LINK 22 KV. 25 A.EEI-NEMA TYPE K,2,,2026-05-08
2009,8 พ.ค. 2569,11:18,11:37,18,กฟจ.นครพนม (L),NNA04F-33,1,ฝนตก ลมแรง,ต้นไม้-กิ่งไม้หักพาดสาย,ศจฟ,11:18,11:19,11:41,22,1. กิติศักดิ์ หาราช  | 2. จันทะคาด บัวเคน  | 3. ณัฏฐศรันย์ อันทระบุตร  | 4. ทศวรรษ มังคละคีรี  | 5. นลธวัช ศรีหาเศษ  | 6. ประจล ศรีสุราช  | 7. พงษ์สนิจ ศรีวิชัย  | 8. พิพัฒน์ พิมพ์ศรี,รถ : 81-1269 นพ (นพ 03),FUSE LINK 22 KV. 25 A.EEI-NEMA TYPE K,3,,2026-05-08
2010,8 พ.ค. 2569,11:28,11:45,17,กฟส.ธาตุพนม (S),THA05VF-027,1,ฝนตก,ต้นไม้-กิ่งไม้หักพาดสาย,ศจฟ,11:28,11:29,11:50,21,1. นรากร แสนโสม,รถ : กระเช้าธาตุพนม,FUSE LINK 22 KV. 15 A.EEI-NEMA TYPE K,2,,2026-05-08
2011,8 พ.ค. 2569,11:29,11:47,18,กฟส.ปลาปาก (XS),57-005652,62,ฝนตก,ต้นไม้-กิ่งไม้หักพาดสาย,ศจฟ,11:29,11:30,12:03,33,1. สุธรรม จันทะผา,รถ : รถแก้ไฟปลาปาก 01,FUSE LINK 22 KV. 3 A.EEI-NEMA TYPE K,1,,2026-05-08
2012,8 พ.ค. 2569,11:30,11:31,1,กฟส.ท่าอุเทน (XS),32-011631,22,ฝนตก,ต้นไม้-กิ่งไม้หักพาดสาย,ศจฟ,11:30,11:31,11:34,3,1. ปรินทร์ บุญเทียม,รถ : รถแก้ไฟท่าอุเทน,"CABLE,AL,750 V,50 SQ.MM. TIS.293",3,,2026-05-08
2013,8 พ.ค. 2569,11:38,12:05,27,กฟส.ธาตุพนม (S),THA02VF-013,339,ฝนตก,ต้นไม้-กิ่งไม้หักพาดสาย,ศจฟ,11:38,11:39,12:10,31,1. นรากร แสนโสม,รถ : กระเช้าธาตุพนม,FUSE LINK 22 KV. 10 A.EEI-NEMA TYPE K,3,,2026-05-08
2014,8 พ.ค. 2569,12:19,12:36,17,กฟส.ธาตุพนม (S),45-029095,44,ฝนตก,ต้นไม้-กิ่งไม้หักพาดสาย,ศจฟ,12:19,12:20,12:41,21,1. นรากร แสนโสม,รถ : กระเช้าธาตุพนม,"CABLE,AL,750 V,50 SQ.MM. TIS.293",5,,2026-05-08
2015,8 พ.ค. 2569,12:34,15:05,151,กฟจ.นครพนม (L),NNB01VF-023,1242,ฝนตก,ต้นไม้-กิ่งไม้หักพาดสาย,ศจฟ,12:34,11:45,12:15,30,1. กิติศักดิ์ หาราช  | 2. ทศวรรษ มังคละคีรี,รถ : นพ 06,FUSE LINK 22 KV. 25 A.EEI-NEMA TYPE K,2,,2026-05-08
2016,8 พ.ค. 2569,12:49,12:57,8,กฟส.ปลาปาก (XS),29-005115,275,ฝนตก,ต้นไม้-ลมพัดต้นไม้มาแตะสาย,ศจฟ,12:49,12:50,13:05,15,1. สุธรรม จันทะผา,รถ : รถแก้ไฟปลาปาก 01,FUSE LINK 22 KV. 5-6 A.EEI-NEMA TYPE K,2,,2026-05-08
2017,8 พ.ค. 2569,13:29,22:13,524,กฟจ.นครพนม (L),NNA01VF-026,1847,ฝนตก,ต้นไม้-ลมพัดต้นไม้มาแตะสาย,ศจฟ,13:29,13:30,22:29,539,1. กิติศักดิ์ หาราช  | 2. จันทะคาด บัวเคน  | 3. ณัฏฐศรันย์ อันทระบุตร  | 4. ทศวรรษ มังคละคีรี  | 5. นลธวัช ศรีหาเศษ  | 6. ประจล ศรีสุราช  | 7. พงษ์สนิจ ศรีวิชัย  | 8. พิพัฒน์ พิมพ์ศรี,รถ : 81-1269 นพ (นพ 03),FUSE LINK 22 KV. 25 A.EEI-NEMA TYPE K,2,,2026-05-08
2018,8 พ.ค. 2569,14:10,15:51,101,กฟส.นาแก (S),THA03VF-221,280,ฝนตก ลมแรง,ต้นไม้-ลมพัดต้นไม้มาแตะสาย,ศจฟ,14:10,14:13,15:53,100,1. วรพันธุ์ ตันสมรส,รถ : นก-02,FUSE LINK 22 KV. 10 A.EEI-NEMA TYPE K,2,,2026-05-08
2019,8 พ.ค. 2569,14:10,16:07,117,กฟส.นาแก (S),SOA08VF-513,245,ฝนตก ฟ้าคะนอง,ต้นไม้-ลมพัดต้นไม้มาแตะสาย,ศจฟ,14:10,14:10,16:09,119,1. วรพันธุ์ ตันสมรส,รถ : นก-02,FUSE LINK 22 KV. 10 A.EEI-NEMA TYPE K,3,,2026-05-08
2020,8 พ.ค. 2569,14:11,16:05,114,กฟส.นาแก (S),THA04VF-221-4,2,ฝนตก ฟ้าคะนอง,ต้นไม้-ลมพัดต้นไม้มาแตะสาย,ศจฟ,14:11,14:12,16:06,114,1. วรพันธุ์ ตันสมรส,รถ : นก-02,FUSE LINK 22 KV. 15 A.EEI-NEMA TYPE K,3,,2026-05-08
2021,8 พ.ค. 2569,14:12,15:54,102,กฟส.นาแก (S),THA04VF-231-1,125,ฝนตก ฟ้าคะนอง,ต้นไม้-ลมพัดต้นไม้มาแตะสาย,ศจฟ,14:12,14:13,15:56,103,1. วรพันธุ์ ตันสมรส,รถ : นก-02,FUSE LINK 22 KV. 15 A.EEI-NEMA TYPE K,3,,2026-05-08
2022,8 พ.ค. 2569,14:28,14:54,26,กฟส.ปลาปาก (XS),THA06F-80,423,ฝนตก ลมแรง,ต้นไม้-ลมพัดต้นไม้มาแตะสาย,ศจฟ,14:28,14:30,15:09,39,1. สุธรรม จันทะผา,รถ : รถแก้ไฟปลาปาก 01,FUSE LINK 22 KV. 10 A.EEI-NEMA TYPE K,2,,2026-05-08
2023,8 พ.ค. 2569,15:45,15:10,0,กฟส.บ้านแพง (S),SSK08F-65,788,ฝนตก ลมแรง,ต้นไม้-ลมพัดต้นไม้มาแตะสาย,ศจฟ,15:45,15:15,16:01,46,1. รชานนท์ โมธรรม,รถ : กระเช้าบ้านแพง,FUSE LINK 22 KV. 25 A.EEI-NEMA TYPE K,1,,2026-05-08
2024,8 พ.ค. 2569,20:00,14:30,0,กฟส.โพนสวรรค์ (XS),SSK09F-07,1887,ฝนตก ฟ้าคะนอง,ภัยธรรมชาติ-พายุฤดูร้อน/พายุดีเปรสชั่น,ศจฟ,20:00,13:50,15:00,70,1. วสุธา หล้าพรหม,รถ : โพนสวรรค์-03,FUSE LINK 22 KV. 25 A.EEI-NEMA TYPE K,1,,2026-05-08
2025,8 พ.ค. 2569,20:10,15:25,0,กฟส.โพนสวรรค์ (XS),SSK07F-07,3464,ฝนตก ฟ้าคะนอง,ภัยธรรมชาติ-พายุฤดูร้อน/พายุดีเปรสชั่น,ศจฟ,20:10,15:05,16:00,55,1. วสุธา หล้าพรหม,รถ : โพนสวรรค์-03,FUSE LINK 22 KV. 25 A.EEI-NEMA TYPE K,1,,2026-05-08
2026,8 พ.ค. 2569,20:20,21:36,76,กฟจ.นครพนม (L),NNA04F-20,906,ฝนตก ฟ้าคะนอง,ภัยธรรมชาติ-พายุฤดูร้อน/พายุดีเปรสชั่น,ศจฟ,20:20,18:40,19:40,60,1. กิติศักดิ์ หาราช  | 2. ทศวรรษ มังคละคีรี,รถ : 3ฒภ 2576 กทม (นพ 01),"DROPOUT,FUSE,22 KV.100 A.12 KA",1,,2026-05-08
2027,8 พ.ค. 2569,20:30,21:32,61,กฟจ.นครพนม (L),NNA02VF-029,0,ฝนตก ฟ้าคะนอง,ภัยธรรมชาติ-พายุฤดูร้อน/พายุดีเปรสชั่น,ศจฟ,20:30,16:50,17:40,50,1. กิติศักดิ์ หาราช  | 2. ทศวรรษ มังคละคีรี,รถ : 3ฒภ 2576 กทม (นพ 01),FUSE LINK 22 KV. 25 A.EEI-NEMA TYPE K,2,,2026-05-08
2028,8 พ.ค. 2569,20:40,16:30,0,กฟส.โพนสวรรค์ (XS),NNA01F-38,1733,ฝนตก ฟ้าคะนอง,ภัยธรรมชาติ-พายุฤดูร้อน/พายุดีเปรสชั่น,ศจฟ,20:40,16:05,17:00,55,1. วสุธา หล้าพรหม,รถ : โพนสวรรค์-03,FUSE LINK 22 KV. 40 A.EEI-NEMA TYPE K,2,,2026-05-08
2029,8 พ.ค. 2569,21:00,19:00,0,กฟจ.นครพนม (L),NNA01VF-061,22,ฝนตก ฟ้าคะนอง,ต้นไม้-ลมพัดต้นไม้มาแตะสาย,ศจฟ,21:00,18:00,19:00,60,1. กิติศักดิ์ หาราช  | 2. ทศวรรษ มังคละคีรี  | 3. ประจล ศรีสุราช  | 4. พิพัฒน์ พิมพ์ศรี,รถ : 81-1269 นพ (นพ 03),FUSE LINK 22 KV. 15 A.EEI-NEMA TYPE K,2,,2026-05-08
2030,8 พ.ค. 2569,21:10,21:00,0,กฟจ.นครพนม (L),NNA08VF-036,4,ฝนตก ฟ้าคะนอง,ต้นไม้-ลมพัดต้นไม้มาแตะสาย,ศจฟ,21:10,20:00,22:00,120,1. กิติศักดิ์ หาราช  | 2. ทศวรรษ มังคละคีรี  | 3. ประจล ศรีสุราช  | 4. พิพัฒน์ พิมพ์ศรี,รถ : 81-1269 นพ (นพ 03),FUSE LINK 22 KV. 10 A.EEI-NEMA TYPE K,2,,2026-05-08
2031,8 พ.ค. 2569,22:00,00:40,160,กฟจ.นครพนม (L),53-118154,1,อากาศปกติ,สัตว์-งู,ศจฟ,22:00,22:27,01:20,173,1. กิติศักดิ์ หาราช  | 2. ทศวรรษ มังคละคีรี  | 3. ธิษณ์ศรัณย์ ลองจำนงค์  | 4. ประจล ศรีสุราช  | 5. ปิยะวัฒน์ พรพนม  | 6. พงศ์อิสรา ภักดี  | 7. พิพัฒน์ พิมพ์ศรี  | 8. วีระยุทธ อภิรมยานนท์,รถ : รถกระเช้า (04),"HOTLINE BAIL-CLAMP,MAIN 70-185 SQ.MM.",3,,2026-05-08
2032,8 พ.ค. 2569,22:10,22:50,40,กฟส.ศรีสงคราม (XS),SSK02VF-011,259,ฝนตก ฟ้าคะนอง,ภัยธรรมชาติ-พายุฤดูร้อน/พายุดีเปรสชั่น,ศจฟ,22:10,22:21,23:00,39,1. เชาวลิต หัสรินทร์,รถ : ศรีสงคราม 01,FUSE LINK 22 KV. 25 A.EEI-NEMA TYPE K,3,,2026-05-08
2033,8 พ.ค. 2569,22:30,18:30,0,กฟส.บ้านแพง (S),SSK08F-51-3,58,ฝนตก ลมแรง,ภัยธรรมชาติ-พายุฤดูร้อน/พายุดีเปรสชั่น,ศจฟ,22:30,16:30,18:30,120,1. ชินดนัย คงชะสิงห์,รถ : กระเช้าบ้านแพง,FUSE LINK 22 KV. 15 A.EEI-NEMA TYPE K,2,,2026-05-08
2034,8 พ.ค. 2569,22:40,20:30,0,กฟส.บ้านแพง (S),SSK08F-152,22,อากาศปกติ,ภัยธรรมชาติ-พายุฤดูร้อน/พายุดีเปรสชั่น,ศจฟ,22:40,19:00,21:30,150,1. ชินดนัย คงชะสิงห์,รถ : กระเช้าบ้านแพง,FUSE LINK 22 KV. 10 A.EEI-NEMA TYPE K,2,,2026-05-08
2035,9 พ.ค. 2569,07:02,07:50,47,กฟส.ศรีสงคราม (XS),SSK07VB-01,0,ลมแรง,ภัยธรรมชาติ-พายุฤดูร้อน/พายุดีเปรสชั่น,ศจฟ,07:02,07:20,08:00,40,1. เชาวลิต หัสรินทร์,รถ : ศรีสงคราม 01,,,,2026-05-09
2036,9 พ.ค. 2569,07:30,14:34,424,กฟส.ท่าอุเทน (XS),67-038468,27,อากาศปกติ,อุปกรณ์-ชำรุด,ศจฟ,07:30,05:00,06:30,90,1. ปรินทร์ บุญเทียม,รถ : รถแก้ไฟท่าอุเทน,"CABLE,AL,750 V,50 SQ.MM. TIS.293",5,,2026-05-09
2037,9 พ.ค. 2569,08:17,14:36,379,กฟส.ท่าอุเทน (XS),35-011937,12,อากาศปกติ,ต้นไม้-ต้นไม้ล้มทับสาย,ศจฟ,08:17,07:00,08:30,90,1. ปรินทร์ บุญเทียม,รถ : รถแก้ไฟท่าอุเทน,"CABLE,AL,750 V,50 SQ.MM. TIS.293",5,,2026-05-09
2038,9 พ.ค. 2569,08:18,07:50,0,กฟส.โพนสวรรค์ (XS),NNA01F-39,524,ฝนตก ลมแรง,ภัยธรรมชาติ-พายุฤดูร้อน/พายุดีเปรสชั่น,ศจฟ,08:18,06:50,08:30,100,1. วสุธา หล้าพรหม,รถ : โพนสวรรค์-03,FUSE LINK 22 KV. 25 A.EEI-NEMA TYPE K,2,,2026-05-09
2039,9 พ.ค. 2569,09:18,09:21,3,กฟจ.นครพนม (L),NNA04F-03,279,ฝนตก ลมแรง,ภัยธรรมชาติ-พายุฤดูร้อน/พายุดีเปรสชั่น,ศจฟ,09:18,09:19,09:23,4,1. ธำรงรัตน์ สระแก้ว  | 2. วสันต์ชัย ดวงสูงเนิน  | 3. สุรวุฒิ สุขแสงดาว,รถ : 3ฒภ 2576 กทม (นพ 01),FUSE LINK 22 KV. 30 A.EEI-NEMA TYPE K,1,,2026-05-09
2040,9 พ.ค. 2569,09:19,09:24,5,กฟจ.นครพนม (L),NNA01VF-036,1847,ฝนตก ลมแรง,ภัยธรรมชาติ-พายุฤดูร้อน/พายุดีเปรสชั่น,ศจฟ,09:19,09:20,09:37,17,1. ธำรงรัตน์ สระแก้ว  | 2. วสันต์ชัย ดวงสูงเนิน  | 3. สุรวุฒิ สุขแสงดาว,รถ : 3ฒภ 2576 กทม (นพ 01),FUSE LINK 22 KV. 10 A.EEI-NEMA TYPE K,1,,2026-05-09
2041,9 พ.ค. 2569,12:43,13:18,35,กฟส.นาหว้า (XS),SSK06F-05,316,ฝนตก ลมแรง,ภัยธรรมชาติ-พายุฤดูร้อน/พายุดีเปรสชั่น,ศจฟ,12:43,12:00,13:21,81,1. อัมรินทร์ วะราวัง,รถ : นาหว้า 02,"CABLE LUG,NEMA 2-HOLE,AL 50 SQ.MM.",4,,2026-05-09
2042,9 พ.ค. 2569,13:19,13:23,4,กฟส.เรณูนคร (XS),16857698,1,ฝนตก ลมแรง,ภัยธรรมชาติ-พายุฤดูร้อน/พายุดีเปรสชั่น,ศจฟ,13:19,10:25,11:05,40,1. พงศวัชร์ ธัญภัทร์อนันต์,รถ : 80-7964 นพ รณ.01,"CONN.,PG,DOUBLE BOLT,AL 16-70 SQ.MM.",1,,2026-05-09
2043,9 พ.ค. 2569,18:00,18:00,0,กฟจ.นครพนม (L),NNA01VF-041,1847,อากาศปกติ,อุปกรณ์-ชำรุด,ศจฟ,18:00,15:30,18:30,180,1. ธิษณ์ศรัณย์ ลองจำนงค์  | 2. ปิยะวัฒน์ พรพนม  | 3. พงศ์อิสรา ภักดี  | 4. วีระยุทธ อภิรมยานนท์,รถ : รถกระเช้า (04),"CONN.,PG,DOUBLE BOLT,AL 25-95 SQ.MM.",3,,2026-05-09
2044,9 พ.ค. 2569,19:00,20:13,73,กฟจ.นครพนม (L),NNA08VF-036,2202,ฝนตก ลมแรง,ต้นไม้-กิ่งไม้หักพาดสาย,ศจฟ,19:00,19:49,20:20,31,1. จันทะคาด บัวเคน  | 2. นลธวัช ศรีหาเศษ  | 3. พงศ์อิสรา ภักดี  | 4. พงษ์สนิจ ศรีวิชัย  | 5. หฤษฎ์ ถูระวัน,รถ : 81-1269 นพ (นพ 03),FUSE LINK 22 KV. 25 A.EEI-NEMA TYPE K,2,,2026-05-09
2045,9 พ.ค. 2569,19:20,20:54,94,กฟจ.นครพนม (L),48-003148,40,ฝนตก ลมแรง,ต้นไม้-ต้นไม้ล้มทับสาย,ศจฟ,19:20,19:52,21:05,73,1. จันทะคาด บัวเคน  | 2. นลธวัช ศรีหาเศษ  | 3. พงศ์อิสรา ภักดี  | 4. พงษ์สนิจ ศรีวิชัย  | 5. หฤษฎ์ ถูระวัน,รถ : 81-1269 นพ (นพ 03),"CABLE,AL,750 V,95 SQ.MM. TIS.293",20,,2026-05-09
2046,9 พ.ค. 2569,19:30,22:16,166,กฟจ.นครพนม (L),NNA02VF-004,18110,ฝนตก ลมแรง,ต้นไม้-ต้นไม้ล้มทับสาย,ศจฟ,19:30,19:59,20:20,21,1. จันทะคาด บัวเคน  | 2. หฤษฎ์ ถูระวัน,รถ : 3ฒภ 2576 กทม (นพ 01),FUSE LINK 22 KV. 25 A.EEI-NEMA TYPE K,2,,2026-05-09
2047,9 พ.ค. 2569,19:50,20:51,61,กฟส.นาทม (XS),65-016702,3,ฝนตก ลมแรง,ต้นไม้-ต้นไม้ล้มทับสาย,ศจฟ,19:50,20:02,20:51,49,1. วราวุธ นาขมิ้น,รถ : นาทม 02,FUSE LINK 22 KV. 3 A.EEI-NEMA TYPE K,2,,2026-05-09
2048,9 พ.ค. 2569,20:10,22:21,131,กฟจ.นครพนม (L),NNA02F-55644,1,ฝนตก ลมแรง,ต้นไม้-ต้นไม้ล้มทับสาย,ศจฟ,20:10,20:59,21:50,51,1. จันทะคาด บัวเคน  | 2. หฤษฎ์ ถูระวัน,รถ : 3ฒภ 2576 กทม (นพ 01),FUSE LINK 22 KV. 5-6 A.EEI-NEMA TYPE K,2,,2026-05-09
2049,9 พ.ค. 2569,22:30,23:15,45,กฟส.ท่าอุเทน (XS),SSK02VF-258,712,ลมแรง,ต้นไม้-ต้นไม้ล้มทับสาย,ศจฟ,22:30,15:05,17:10,125,1. อภิรักษ์ สาตะรักษ์,รถ : รถแก้ไฟท่าอุเทน,FUSE LINK 22 KV. 25 A.EEI-NEMA TYPE K,2,,2026-05-09
2050,9 พ.ค. 2569,22:35,23:18,42,กฟส.ท่าอุเทน (XS),SSK02VF-259,154,ลมแรง,ต้นไม้-ต้นไม้ล้มทับสาย,ศจฟ,22:35,17:15,20:20,185,1. อภิรักษ์ สาตะรักษ์,รถ : รถแก้ไฟท่าอุเทน,FUSE LINK 22 KV. 15 A.EEI-NEMA TYPE K,3,,2026-05-09
2051,9 พ.ค. 2569,22:35,23:20,45,กฟส.ท่าอุเทน (XS),SSK02VF-216,1,ลมแรง,ต้นไม้-ต้นไม้ล้มทับสาย,ศจฟ,22:35,21:06,23:21,135,1. อภิรักษ์ สาตะรักษ์,รถ : รถแก้ไฟท่าอุเทน,FUSE LINK 22 KV. 20 A.EEI-NEMA TYPE K,1,,2026-05-09
2052,10 พ.ค. 2569,00:45,02:33,108,กฟส.โพนสวรรค์ (XS),SSK09F-08,295,อากาศชื้น / หมอก,ภัยธรรมชาติ-พายุฤดูร้อน/พายุดีเปรสชั่น,ศจฟ,00:45,00:45,03:45,180,1. วรัญญู สังรวมใจ,รถ : โพนสวรรค์-03,FUSE LINK 22 KV. 20 A.EEI-NEMA TYPE K,2,,2026-05-10
2053,10 พ.ค. 2569,06:30,04:00,0,กฟส.ท่าอุเทน (XS),SSK02VF-241,226,ลมแรง,ภัยธรรมชาติ-พายุฤดูร้อน/พายุดีเปรสชั่น,ศจฟ,06:30,03:07,04:57,110,1. ปรินทร์ บุญเทียม  | 2. อภิรักษ์ สาตะรักษ์,รถ : รถแก้ไฟท่าอุเทน,FUSE HOLDER 22 KV. 100 A. 12 KA.,1,,2026-05-10
2054,10 พ.ค. 2569,06:31,08:05,94,กฟส.เรณูนคร (XS),60-031689,58,ลมแรง,ภัยธรรมชาติ-พายุฤดูร้อน/พายุดีเปรสชั่น,ศจฟ,06:30,06:35,08:15,100,1. พงศวัชร์ ธัญภัทร์อนันต์,รถ : 80-7964 นพ รณ.01,"CONN.,PG,DOUBLE BOLT,AL 16-70 SQ.MM.",1,,2026-05-10
2055,10 พ.ค. 2569,06:35,07:24,49,กฟส.ท่าอุเทน (XS),SSK02VF-201,628,ลมแรง,ภัยธรรมชาติ-พายุฤดูร้อน/พายุดีเปรสชั่น,ศจฟ,06:35,05:00,07:25,145,1. ปรินทร์ บุญเทียม  | 2. อภิรักษ์ สาตะรักษ์,รถ : รถแก้ไฟท่าอุเทน,FUSE LINK 22 KV. 25 A.EEI-NEMA TYPE K,3,,2026-05-10
2056,10 พ.ค. 2569,06:42,08:22,100,กฟส.ธาตุพนม (S),THA06VB-01,0,อากาศปกติ,ภัยธรรมชาติ-พายุฤดูร้อน/พายุดีเปรสชั่น,ศจฟ,06:42,08:18,08:30,12,1. เกรียงศักดิ์ สุพรรณคุ้ม,รถ : กระเช้าธาตุพนม,,,,2026-05-10
2057,10 พ.ค. 2569,06:45,07:19,33,กฟส.โพนสวรรค์ (XS),66-004110,237,อากาศชื้น / หมอก,ภัยธรรมชาติ-พายุฤดูร้อน/พายุดีเปรสชั่น,ศจฟ,06:45,05:30,08:12,162,1. วรัญญู สังรวมใจ,รถ : โพนสวรรค์-03,FUSE LINK 22 KV. 3 A.EEI-NEMA TYPE K,2,,2026-05-10
2058,10 พ.ค. 2569,07:30,09:01,91,กฟส.ท่าอุเทน (XS),SSK02VF-209,293,ลมแรง,ภัยธรรมชาติ-พายุฤดูร้อน/พายุดีเปรสชั่น,ศจฟ,07:30,07:30,09:08,98,1. ปรินทร์ บุญเทียม  | 2. อภิรักษ์ สาตะรักษ์,รถ : รถแก้ไฟท่าอุเทน,FUSE HOLDER 22 KV. 100 A. 12 KA.,1,,2026-05-10
2059,10 พ.ค. 2569,10:22,11:17,54,กฟส.ศรีสงคราม (XS),,3967,อากาศปกติ,สัตว์-งู,ศจฟ,10:21,10:35,12:00,85,1. ปัญจพงษ์ เศรษฐาไชย,รถ : ศรีสงคราม 02,,,,2026-05-10
2060,10 พ.ค. 2569,10:40,12:21,101,กฟจ.นครพนม (L),NNA02F-03/1,79,อากาศปกติ,สัตว์-งู,ศจฟ,10:40,11:12,12:23,71,1. ปรีชา เพ็งคำ  | 2. ภานุวัฒน์ สิงห์ทองไชย  | 3. วสันต์ชัย ดวงสูงเนิน,รถ : 3ฒภ 2576 กทม (นพ 01),FUSE LINK 22 KV. 30 A.EEI-NEMA TYPE K,1,,2026-05-10
2061,10 พ.ค. 2569,11:30,12:23,53,กฟจ.นครพนม (L),NNA01VF-058,119,อากาศปกติ,สัตว์-งู,ศจฟ,11:30,12:16,12:32,16,1. ปรีชา เพ็งคำ  | 2. ภานุวัฒน์ สิงห์ทองไชย  | 3. วสันต์ชัย ดวงสูงเนิน,รถ : 3ฒภ 2576 กทม (นพ 01),FUSE LINK 22 KV. 25 A.EEI-NEMA TYPE K,1,,2026-05-10
2062,10 พ.ค. 2569,11:36,12:16,40,กฟส.ท่าอุเทน (XS),,0,อากาศปกติ,สัตว์-งู,ศจฟ,11:36,11:40,12:18,38,1. สุรธวัช วุฒิสาร,รถ : รถแก้ไฟท่าอุเทน,,,,2026-05-10
2063,10 พ.ค. 2569,11:50,13:08,78,กฟส.นาแก (S),THA03VF-232-1,168,อากาศปกติ,สัตว์-งู,ศจฟ,11:50,11:59,13:54,115,1. ธีระวัฒน์ สิงนวน,รถ : นก-03,FUSE LINK 22 KV. 8 A.EEI-NEMA TYPE K,1,,2026-05-10
2064,10 พ.ค. 2569,13:50,14:28,38,กฟส.ศรีสงคราม (XS),SSK02VF-015,1623,อากาศปกติ,สัตว์-งู,ศจฟ,13:50,13:55,14:45,50,1. ปัญจพงษ์ เศรษฐาไชย,รถ : ศรีสงคราม 02,FUSE HOLDER 22 KV. 100 A. 12 KA.,1,,2026-05-10
2065,10 พ.ค. 2569,14:00,14:29,29,กฟส.ปลาปาก (XS),NNA07F-47,558,อากาศปกติ,สัตว์-งู,ศจฟ,14:00,14:18,16:07,109,1. นครินทร์ จำปาทิ,รถ : รถแก้ไฟปลาปาก 01,FUSE LINK 22 KV. 30 A.EEI-NEMA TYPE K,2,,2026-05-10
2066,10 พ.ค. 2569,14:20,14:57,36,กฟส.บ้านแพง (S),SSK08F-59-1,751,ลมแรง,ต้นไม้-กิ่งไม้หักพาดสาย,ศจฟ,14:20,14:30,14:59,29,1. เอกพล เวกสูงเนิน,รถ : กระเช้าบ้านแพง,FUSE LINK 22 KV. 15 A.EEI-NEMA TYPE K,2,,2026-05-10
2067,10 พ.ค. 2569,17:20,17:52,31,กฟส.ศรีสงคราม (XS),SSK02VF-018,50,อากาศปกติ,ต้นไม้-กิ่งไม้หักพาดสาย,ศจฟ,17:20,17:30,18:16,46,1. ปัญจพงษ์ เศรษฐาไชย,รถ : ศรีสงคราม 02,FUSE LINK 22 KV. 15 A.EEI-NEMA TYPE K,2,,2026-05-10
2068,10 พ.ค. 2569,19:09,19:16,7,กฟส.นาแก (S),THA04VF-224,128,ฝนตก,ต้นไม้-กิ่งไม้หักพาดสาย,ศจฟ,19:09,19:09,19:18,9,1. วรพันธุ์ ตันสมรส,รถ : นก-03,"DROPOUT,FUSE,22 KV.100 A.12 KA",1,,2026-05-10
2069,10 พ.ค. 2569,19:09,19:18,9,กฟส.นาแก (S),38-014400,71,ฝนตก,ต้นไม้-กิ่งไม้หักพาดสาย,ศจฟ,19:09,19:10,19:20,10,1. วรพันธุ์ ตันสมรส,รถ : นก-03,"CABLE,AL,750 V,50 SQ.MM. TIS.293",4,,2026-05-10
2070,10 พ.ค. 2569,19:10,19:20,10,กฟส.นาแก (S),THA03VF-238-5,79,ฝนตก,ต้นไม้-กิ่งไม้หักพาดสาย,ศจฟ,19:10,19:11,19:22,11,1. วรพันธุ์ ตันสมรส,รถ : นก-03,FUSE LINK 22 KV. 8 A.EEI-NEMA TYPE K,3,,2026-05-10
2071,10 พ.ค. 2569,19:26,19:30,4,กฟจ.นครพนม (L),66-005488,15,ฝนตก,ต้นไม้-กิ่งไม้หักพาดสาย,ศจฟ,19:26,19:00,20:18,78,1. ชัยยา มาตขาว  | 2. ธำรงรัตน์ สระแก้ว,รถ : 3ฒภ 2576 กทม (นพ 01),"CABLE,AL,750 V,95 SQ.MM. TIS.293",5,,2026-05-10
2072,10 พ.ค. 2569,19:47,19:50,3,กฟส.ธาตุพนม (S),30552618,1,ฝนตก,ต้นไม้-กิ่งไม้หักพาดสาย,ศจฟ,19:47,19:00,19:51,51,1. ธีรพิชญ์ มิ่งขวัญ,รถ : กระเช้าธาตุพนม,"CONN.,PG,DOUBLE BOLT,AL 16-70 SQ.MM.",2,,2026-05-10
2073,10 พ.ค. 2569,20:20,20:56,36,กฟส.ศรีสงคราม (XS),SSK07VF-004,1592,อากาศปกติ,สัตว์-ตุ๊กแก/ตะกวด/กิ้งก่า/ตัวเงินตัวทอง,ศจฟ,20:20,20:20,21:16,56,1. ปัญจพงษ์ เศรษฐาไชย,รถ : ศรีสงคราม 02,FUSE LINK 22 KV. 30 A.EEI-NEMA TYPE K,2,,2026-05-10
2074,10 พ.ค. 2569,21:21,22:14,53,กฟส.บ้านแพง (S),21700987,1,ลมแรง,สภาพสิ่งแวดล้อม-การผุกร่อน/สนิม,ศจฟ,21:21,21:20,22:05,45,1. จตุรภุช สะท้านอิทธิฤทธิ์,รถ : บ้านแพง01,"CONN.,PG,DOUBLE BOLT,AL 25-95 SQ.MM.",2,,2026-05-10
2075,10 พ.ค. 2569,22:48,22:52,4,กฟส.นาแก (S),55-001694,29,ฝนตก,สภาพสิ่งแวดล้อม-การผุกร่อน/สนิม,ศจฟ,22:48,22:48,22:54,6,1. วรพันธุ์ ตันสมรส,รถ : นก-03,"CABLE,AL,750 V,50 SQ.MM. TIS.293",3,,2026-05-10
2076,11 พ.ค. 2569,00:42,01:30,47,กฟส.โพนสวรรค์ (XS),NNA01F-39,524,ลมแรง,ภัยธรรมชาติ-พายุฤดูร้อน/พายุดีเปรสชั่น,ศจฟ,00:42,00:42,02:00,78,1. วสุธา หล้าพรหม,รถ : โพนสวรรค์-03,FUSE LINK 22 KV. 25 A.EEI-NEMA TYPE K,1,,2026-05-11
2077,11 พ.ค. 2569,07:29,08:03,33,กฟส.ศรีสงคราม (XS),45-023601,31,อากาศปกติ,สัตว์-งู,ศจฟ,07:29,07:30,08:27,57,1. ปัญจพงษ์ เศรษฐาไชย,รถ : ศรีสงคราม 02,FUSE LINK 22 KV. 3 A.EEI-NEMA TYPE K,2,,2026-05-11
2078,11 พ.ค. 2569,09:15,09:15,0,กฟส.ศรีสงคราม (XS),SSK02VF-004,881,อากาศปกติ,สัตว์-งู,ศจฟ,09:15,08:24,09:15,51,1. ศิลารักษ์ วิภา,รถ : ศรีสงคราม 02,FUSE LINK 22 KV. 15 A.EEI-NEMA TYPE K,3,,2026-05-11
2079,11 พ.ค. 2569,09:15,09:33,18,กฟส.ศรีสงคราม (XS),66-008473,108,อากาศปกติ,สัตว์-งู,ศจฟ,09:15,09:15,09:35,20,1. ศิลารักษ์ วิภา,รถ : ศรีสงคราม 02,"H.R.C. FUSE, BLADE CONTACT, 100 A",1,,2026-05-11
2080,11 พ.ค. 2569,09:50,10:14,24,กฟส.ท่าอุเทน (XS),NNA01VF-223,840,อากาศปกติ,อุปกรณ์-ชำรุด,ศจฟ,09:50,09:57,10:15,18,1. ปรินทร์ บุญเทียม,รถ : รถแก้ไฟท่าอุเทน,FUSE LINK 22 KV. 20 A.EEI-NEMA TYPE K,2,,2026-05-11
2081,11 พ.ค. 2569,10:00,12:09,129,กฟจ.นครพนม (L),NNA01VF-070,1,อากาศปกติ,อุปกรณ์-ชำรุด,ศจฟ,10:00,10:54,17:12,40698,1. ณัฏฐศรันย์ อันทระบุตร  | 2. พิพัฒน์ นะระทะ  | 3. หฤษฎ์ ถูระวัน,รถ : 3ฒภ 2576 กทม (นพ 01),FUSE LINK 22 KV. 20 A.EEI-NEMA TYPE K,2,,2026-05-11
2082,11 พ.ค. 2569,10:10,10:25,15,กฟส.ศรีสงคราม (XS),SSK08VF-004,105,อากาศปกติ,สัตว์-กระรอก/กระแต/หนู,ศจฟ,10:10,10:10,10:40,30,1. ปัญจพงษ์ เศรษฐาไชย,รถ : ศรีสงคราม 03,FUSE LINK 22 KV. 8 A.EEI-NEMA TYPE K,2,,2026-05-11
2083,11 พ.ค. 2569,11:00,11:12,12,กฟส.ท่าอุเทน (XS),29786843,1,อากาศปกติ,อุปกรณ์-ชำรุด,ศจฟ,11:00,11:09,11:14,5,1. ปรินทร์ บุญเทียม,รถ : รถแก้ไฟท่าอุเทน,"CABLE,CU,PVC,INS.&JAC. 600V, 2X10 SQ.MM.",7,,2026-05-11
2084,11 พ.ค. 2569,11:30,15:14,224,กฟส.เรณูนคร (XS),THA02F-72,307,อากาศปกติ,อุปกรณ์-ชำรุด,ศจฟ,11:30,12:04,15:25,201,1. สันติ จันทโคตร,รถ : 80-7964 นพ รณ.01,FUSE LINK 22 KV. 15 A.EEI-NEMA TYPE K,1,,2026-05-11
2085,11 พ.ค. 2569,17:34,17:48,14,กฟจ.นครพนม (L),SRC01F-0456763,1,อากาศปกติ,อุปกรณ์-ชำรุด,ศจฟ,17:34,17:39,17:50,11,1. พิพัฒน์ พิมพ์ศรี  | 2. ภานุวัฒน์ สิงห์ทองไชย  | 3. วสันต์ชัย ดวงสูงเนิน,รถ : 81-1269 นพ (นพ 03),FUSE LINK 22 KV. 25 A.EEI-NEMA TYPE K,1,,2026-05-11
2086,11 พ.ค. 2569,17:39,23:11,332,กฟจ.นครพนม (L),NNB02VF-006,11,อากาศปกติ,อุปกรณ์-ชำรุด,ศจฟ,17:39,17:49,18:55,66,1. พิพัฒน์ พิมพ์ศรี  | 2. ภานุวัฒน์ สิงห์ทองไชย  | 3. วสันต์ชัย ดวงสูงเนิน,รถ : 3ฒภ 2576 กทม (นพ 01),FUSE LINK 22 KV. 25 A.EEI-NEMA TYPE K,2,,2026-05-11
2087,11 พ.ค. 2569,18:31,19:13,42,กฟส.ท่าอุเทน (XS),63-003470,40,อากาศชื้น / หมอก,อุปกรณ์-ชำรุด,ศจฟ,18:31,18:37,19:28,51,1. อนุสรณ์ ทองประสม,รถ : รถแก้ไฟท่าอุเทน,"CABLE,AL,750 V,95 SQ.MM. TIS.293",3,,2026-05-11
2088,11 พ.ค. 2569,19:30,19:36,6,กฟส.ท่าอุเทน (XS),6200492672,1,อากาศชื้น / หมอก,อุปกรณ์-ชำรุด,ศจฟ,19:30,19:31,19:37,6,1. อนุสรณ์ ทองประสม,รถ : รถแก้ไฟท่าอุเทน,,,,2026-05-11
2089,11 พ.ค. 2569,19:39,19:46,7,กฟส.ท่าอุเทน (XS),NNA01VF-207,264,อากาศปกติ,อุปกรณ์-ชำรุด,ศจฟ,19:39,19:40,19:48,8,1. อนุสรณ์ ทองประสม,รถ : รถแก้ไฟท่าอุเทน,FUSE LINK 22 KV. 15 A.EEI-NEMA TYPE K,1,,2026-05-11
2090,11 พ.ค. 2569,21:32,22:46,73,กฟส.ปลาปาก (XS),NNA07F-90,6,อากาศปกติ,อุปกรณ์-ชำรุด,ศจฟ,21:32,22:14,22:49,35,1. ราชันย์ กุลสุทธิ์,รถ : รถแก้ไฟปลาปาก 01,FUSE LINK 22 KV. 15 A.EEI-NEMA TYPE K,1,,2026-05-11
2091,12 พ.ค. 2569,06:30,07:06,36,กฟส.ท่าอุเทน (XS),BFA09VF-226,24,อากาศชื้น / หมอก,อุปกรณ์-ชำรุด,ศจฟ,06:30,06:53,07:08,15,1. อนุสรณ์ ทองประสม,รถ : รถแก้ไฟท่าอุเทน,FUSE LINK 22 KV. 10 A.EEI-NEMA TYPE K,1,,2026-05-12
2092,12 พ.ค. 2569,06:40,08:28,108,กฟส.เรณูนคร (XS),THA02F-56,903,อากาศปกติ,อุปกรณ์-ชำรุด,ศจฟ,06:40,07:00,08:37,97,1. สันติ จันทโคตร,รถ : 80-7964 นพ รณ.01,FUSE LINK 22 KV. 30 A.EEI-NEMA TYPE K,2,,2026-05-12
2093,12 พ.ค. 2569,06:50,08:18,88,กฟส.โพนสวรรค์ (XS),SSK07F-02,929,อากาศปกติ,อุปกรณ์-ชำรุด,ศจฟ,06:50,06:55,08:30,95,1. เพชราวุธ โพชราช,รถ : โพนสวรรค์-02,FUSE LINK 22 KV. 25 A.EEI-NEMA TYPE K,1,,2026-05-12
2094,12 พ.ค. 2569,07:10,09:39,149,กฟจ.นครพนม (L),NNA04F-04,1140,อากาศปกติ,อุปกรณ์-ชำรุด,ศจฟ,07:10,07:40,08:30,50,1. ถวิล เมษาคุณ  | 2. วสันต์ชัย ดวงสูงเนิน  | 3. สันติ อินทิสาร,รถ : 3ฒภ 2576 กทม (นพ 01),FUSE LINK 22 KV. 40 A.EEI-NEMA TYPE K,2,,2026-05-12
2095,12 พ.ค. 2569,08:50,09:37,47,กฟส.ท่าอุเทน (XS),51-000781,28,อากาศชื้น / หมอก,อุปกรณ์-ชำรุด,ศจฟ,08:50,08:51,09:40,49,1. อนุสรณ์ ทองประสม,รถ : รถแก้ไฟท่าอุเทน,FUSE LINK 22 KV. 3 A.EEI-NEMA TYPE K,1,,2026-05-12
2096,12 พ.ค. 2569,09:20,09:42,22,กฟส.ปลาปาก (XS),THA06F-87,281,อากาศชื้น / หมอก,อุปกรณ์-ชำรุด,ศจฟ,09:20,09:21,09:45,24,1. ราชันย์ กุลสุทธิ์,รถ : รถแก้ไฟปลาปาก 01,FUSE LINK 22 KV. 15 A.EEI-NEMA TYPE K,1,,2026-05-12
2097,12 พ.ค. 2569,09:57,10:44,47,กฟส.ท่าอุเทน (XS),67-021467,398,อากาศชื้น / หมอก,อุปกรณ์-ชำรุด,ศจฟ,09:57,09:58,10:46,48,1. อนุสรณ์ ทองประสม,รถ : รถแก้ไฟท่าอุเทน,H.R.C. FUSE 250 A.DIN OR BS,1,,2026-05-12
2098,12 พ.ค. 2569,11:10,11:25,15,กฟส.ท่าอุเทน (XS),NNA01VF-201,1,อากาศชื้น / หมอก,อุปกรณ์-ชำรุด,ศจฟ,11:10,11:16,11:27,11,1. อนุสรณ์ ทองประสม,รถ : รถแก้ไฟท่าอุเทน,FUSE LINK 22 KV. 15 A.EEI-NEMA TYPE K,2,,2026-05-12
2099,12 พ.ค. 2569,11:35,12:21,45,กฟส.ธาตุพนม (S),34-006047,157,อากาศชื้น / หมอก,อุปกรณ์-ชำรุด,ศจฟ,11:35,11:36,12:35,59,1. อติชาติ เมืองงาม,รถ : กระเช้าธาตุพนม,H.R.C. FUSE 200 A. DIN ORBS,1,,2026-05-12
2100,12 พ.ค. 2569,12:24,12:45,20,กฟส.ศรีสงคราม (XS),SSK02VF-032,116,อากาศปกติ,อุปกรณ์-ชำรุด,ศจฟ,12:24,12:27,13:10,43,1. ปัญจพงษ์ เศรษฐาไชย,รถ : ศรีสงคราม 02,FUSE LINK 22 KV. 15 A.EEI-NEMA TYPE K,1,,2026-05-12
2101,12 พ.ค. 2569,13:35,13:39,4,กฟส.นาแก (S),SOA08VF-503,423,อากาศปกติ,อุปกรณ์-ชำรุด,ศจฟ,13:35,12:30,13:35,65,1. อนาวิน อาจหาญ,รถ : นก-03,FUSE LINK 22 KV. 25 A.EEI-NEMA TYPE K,2,,2026-05-12
2102,12 พ.ค. 2569,15:37,15:49,12,กฟจ.นครพนม (L),NNA04F-04/02,80,อากาศปกติ,อุปกรณ์-ชำรุด,ศจฟ,15:37,15:47,15:52,5,1. จันทะคาด บัวเคน  | 2. นลธวัช ศรีหาเศษ  | 3. เกริกฤทธิ์ จันทรโพธิ์ศรี,รถ : 3ฒภ 2576 กทม (นพ 01),FUSE LINK 22 KV. 10 A.EEI-NEMA TYPE K,2,,2026-05-12
2103,12 พ.ค. 2569,15:45,15:54,9,กฟจ.นครพนม (L),NNB01VF-029,1,อากาศปกติ,อุปกรณ์-ชำรุด,ศจฟ,15:45,15:46,15:56,10,1. จันทะคาด บัวเคน  | 2. นลธวัช ศรีหาเศษ  | 3. เกริกฤทธิ์ จันทรโพธิ์ศรี,รถ : 3ฒภ 2576 กทม (นพ 01),FUSE LINK 22 KV. 15 A.EEI-NEMA TYPE K,1,,2026-05-12
2104,12 พ.ค. 2569,17:28,17:51,22,กฟส.นาแก (S),63-020641,182,อากาศปกติ,อุปกรณ์-ชำรุด,ศจฟ,17:28,17:29,17:53,24,1. พิษณุ คำคนซื่อ,รถ : นก-03,"H.R.C. FUSE, BLADE CONTACT, 160 A",1,,2026-05-12
2105,12 พ.ค. 2569,17:30,17:30,0,กฟส.บ้านแพง (S),SSK08F-69,1113,ฝนตก ลมแรง,ต้นไม้-กิ่งไม้หักพาดสาย,ศจฟ,17:30,17:00,17:30,30,1. ณัฐดนัย ขันถม,รถ : กระเช้าบ้านแพง,FUSE LINK 22 KV. 30 A.EEI-NEMA TYPE K,2,,2026-05-12
2106,12 พ.ค. 2569,17:49,18:00,11,กฟส.บ้านแพง (S),SSK08F-68,39,ฝนตก ลมแรง,ต้นไม้-ลมพัดต้นไม้มาแตะสาย,ศจฟ,17:49,17:30,18:00,30,1. ณัฐดนัย ขันถม,รถ : กระเช้าบ้านแพง,FUSE HOLDER 22 KV. 100 A. 12 KA.,1,,2026-05-12
2107,12 พ.ค. 2569,18:20,21:19,179,กฟจ.นครพนม (L),63-003477,77,อากาศปกติ,อุปกรณ์-ชำรุด,ศจฟ,18:20,18:21,21:21,180,1. ณัฏฐศรันย์ อันทระบุตร  | 2. พงษ์สนิจ ศรีวิชัย  | 3. พิพัฒน์ นะระทะ  | 4. หฤษฎ์ ถูระวัน,รถ : 81-1269 นพ (นพ 03),"H.R.C. FUSE, BLADE CONTACT, 50 A",5,,2026-05-12
2108,12 พ.ค. 2569,18:24,18:45,20,กฟส.เรณูนคร (XS),THA02F-56,903,อากาศปกติ,อุปกรณ์-ชำรุด,ศจฟ,18:24,18:26,18:50,24,1. พงศวัชร์ ธัญภัทร์อนันต์,รถ : 80-7964 นพ รณ.01,FUSE LINK 22 KV. 25 A.EEI-NEMA TYPE K,2,,2026-05-12
2109,12 พ.ค. 2569,18:26,19:15,49,กฟส.นาทม (XS),50-001358,36,อากาศปกติ,อุปกรณ์-ชำรุด,ศจฟ,18:26,18:27,19:31,64,1. วราวุธ นาขมิ้น,รถ : นาทม 02,"BOLT,MACHINE M.16X200 MM.",2,,2026-05-12
2110,12 พ.ค. 2569,20:09,20:35,26,กฟส.ปลาปาก (XS),NNA07F-48/2,165,ฝนตก ลมแรง,อุปกรณ์-ชำรุด,ศจฟ,20:09,20:19,20:41,23,1. ศักดิพัฒน์ บุราณเดช,รถ : รถแก้ไฟปลาปาก 01,FUSE LINK 22 KV. 15 A.EEI-NEMA TYPE K,2,,2026-05-12
2111,12 พ.ค. 2569,20:15,20:30,15,กฟส.บ้านแพง (S),SSK08F-51-1,18,ฝนตก ลมแรง,ภัยธรรมชาติ-พายุฤดูร้อน/พายุดีเปรสชั่น,ศจฟ,20:15,20:00,20:40,40,1. ณัฐดนัย ขันถม,รถ : กระเช้าบ้านแพง,FUSE LINK 22 KV. 10 A.EEI-NEMA TYPE K,2,,2026-05-12
2112,12 พ.ค. 2569,20:40,20:30,0,กฟส.ธาตุพนม (S),68-013379,109,อากาศปกติ,โหลดเกินพิกัด-โหลดเกินพิกัด,ศจฟ,20:40,19:40,20:40,60,1. ธีรพิชญ์ มิ่งขวัญ  | 2. พงศวัชร์ ธัญภัทร์อนันต์,รถ : กระเช้าธาตุพนม,"H.R.C. FUSE, BLADE CONTACT, 100 A",2,,2026-05-12
2113,12 พ.ค. 2569,20:47,21:40,53,กฟส.นาทม (XS),SEK03F-89,318,อากาศปกติ,โหลดเกินพิกัด-โหลดเกินพิกัด,ศจฟ,20:47,20:48,21:55,67,1. วราวุธ นาขมิ้น,รถ : นาทม 02,FUSE LINK 22 KV. 25 A.EEI-NEMA TYPE K,3,,2026-05-12
2114,12 พ.ค. 2569,23:15,00:02,47,กฟส.นาทม (XS),SEK03F-97/2,534,อากาศปกติ,โหลดเกินพิกัด-โหลดเกินพิกัด,ศจฟ,23:15,23:36,00:04,28,1. วราวุธ นาขมิ้น,รถ : นาทม 02,FUSE LINK 22 KV. 20 A.EEI-NEMA TYPE K,3,,2026-05-12
2115,13 พ.ค. 2569,,01:45,0,กฟจ.นครพนม (L),NNA07F-36,818,ฝนตก ลมแรง,โหลดเกินพิกัด-โหลดเกินพิกัด,ศจฟ,05:30,01:05,01:40,35,1. กิติศักดิ์ หาราช  | 2. ณัฏฐศรันย์ อันทระบุตร  | 3. ทศวรรษ มังคละคีรี,รถ : 3ฒภ 2576 กทม (นพ 01),FUSE LINK 22 KV. 10 A.EEI-NEMA TYPE K,2,,2026-05-13
2116,13 พ.ค. 2569,00:02,01:00,58,กฟส.ท่าอุเทน (XS),NNA01VF-230,466,ฝนตก ลมแรง,โหลดเกินพิกัด-โหลดเกินพิกัด,ศจฟ,00:02,00:03,01:43,100,1. อภิรักษ์ สาตะรักษ์,รถ : รถแก้ไฟท่าอุเทน,FUSE LINK 22 KV. 30 A.EEI-NEMA TYPE K,2,,2026-05-13
2117,13 พ.ค. 2569,05:30,01:00,0,กฟจ.นครพนม (L),60-031679,41,ฝนตก ลมแรง,โหลดเกินพิกัด-โหลดเกินพิกัด,ศจฟ,05:30,00:30,01:05,35,1. กิติศักดิ์ หาราช  | 2. ณัฏฐศรันย์ อันทระบุตร  | 3. ทศวรรษ มังคละคีรี,รถ : 3ฒภ 2576 กทม (นพ 01),"H.R.C. FUSE, BLADE CONTACT, 100 A",2,,2026-05-13
2118,13 พ.ค. 2569,05:31,06:25,54,กฟส.โพนสวรรค์ (XS),NNA01F-22/1,906,ลมแรง,ภัยธรรมชาติ-พายุฤดูร้อน/พายุดีเปรสชั่น,ศจฟ,05:30,04:00,06:00,120,1. วรัญญู สังรวมใจ  | 2. เพชราวุธ โพชราช,รถ : โพนสวรรค์-03,FUSE LINK 22 KV. 25 A.EEI-NEMA TYPE K,1,,2026-05-13
2119,13 พ.ค. 2569,06:09,06:44,35,กฟจ.นครพนม (L),NNA04F-03,279,ลมแรง,ภัยธรรมชาติ-พายุฤดูร้อน/พายุดีเปรสชั่น,ศจฟ,06:09,05:50,06:40,50,1. กิติศักดิ์ หาราช  | 2. ณัฏฐศรันย์ อันทระบุตร  | 3. ทศวรรษ มังคละคีรี,รถ : 3ฒภ 2576 กทม (นพ 01),FUSE LINK 22 KV. 3 A.EEI-NEMA TYPE K,2,,2026-05-13
2120,13 พ.ค. 2569,06:25,07:34,69,กฟจ.นครพนม (L),NNA02VF-008,310,ลมแรง,ภัยธรรมชาติ-พายุฤดูร้อน/พายุดีเปรสชั่น,ศจฟ,06:25,06:45,07:35,50,1. กิติศักดิ์ หาราช  | 2. ณัฏฐศรันย์ อันทระบุตร  | 3. ทศวรรษ มังคละคีรี,รถ : 3ฒภ 2576 กทม (นพ 01),FUSE LINK 22 KV. 10 A.EEI-NEMA TYPE K,2,,2026-05-13
2121,13 พ.ค. 2569,06:38,07:26,47,กฟส.ท่าอุเทน (XS),BFA09VF-205,56,ฝนตก,ภัยธรรมชาติ-พายุฤดูร้อน/พายุดีเปรสชั่น,ศจฟ,06:38,05:38,08:04,146,1. อภิรักษ์ สาตะรักษ์,รถ : รถแก้ไฟท่าอุเทน,FUSE LINK 22 KV. 15 A.EEI-NEMA TYPE K,2,,2026-05-13
2122,13 พ.ค. 2569,07:23,08:47,84,กฟส.เรณูนคร (XS),43-003911,29,ฝนตก,ภัยธรรมชาติ-พายุฤดูร้อน/พายุดีเปรสชั่น,ศจฟ,07:23,07:15,08:30,75,1. พงศวัชร์ ธัญภัทร์อนันต์,รถ : 80-7964 นพ รณ.01,FUSE LINK 22 KV. 20 A.EEI-NEMA TYPE K,2,,2026-05-13
2123,13 พ.ค. 2569,07:41,08:34,53,กฟส.โพนสวรรค์ (XS),SSK07F-07,3463,อากาศชื้น / หมอก,ภัยธรรมชาติ-พายุฤดูร้อน/พายุดีเปรสชั่น,ศจฟ,07:41,06:05,08:30,145,1. วรัญญู สังรวมใจ  | 2. เพชราวุธ โพชราช,รถ : โพนสวรรค์-03,FUSE LINK 22 KV. 25 A.EEI-NEMA TYPE K,1,,2026-05-13
2124,13 พ.ค. 2569,08:41,06:30,0,กฟส.ศรีสงคราม (XS),SSK06VF-008,161,อากาศชื้น / หมอก,ภัยธรรมชาติ-พายุฤดูร้อน/พายุดีเปรสชั่น,ศจฟ,08:41,05:30,06:30,60,1. ศิลารักษ์ วิภา,รถ : ศรีสงคราม 03,FUSE LINK 22 KV. 20 A.EEI-NEMA TYPE K,2,,2026-05-13
2125,13 พ.ค. 2569,08:50,09:12,22,กฟส.ท่าอุเทน (XS),NNA08VF-210,95,ฝนตก ลมแรง,ภัยธรรมชาติ-พายุฤดูร้อน/พายุดีเปรสชั่น,ศจฟ,08:50,16:00,16:15,15,1. ปรินทร์ บุญเทียม,รถ : -,FUSE LINK 22 KV. 25 A.EEI-NEMA TYPE K,3,,2026-05-13
2126,13 พ.ค. 2569,08:53,09:14,20,กฟส.ท่าอุเทน (XS),NNA01VF-223,13013,ฝนตก ลมแรง,ภัยธรรมชาติ-พายุฤดูร้อน/พายุดีเปรสชั่น,ศจฟ,08:53,17:00,17:15,15,1. ปรินทร์ บุญเทียม,รถ : -,FUSE LINK 22 KV. 25 A.EEI-NEMA TYPE K,3,,2026-05-13
2127,13 พ.ค. 2569,09:00,09:16,15,กฟส.ท่าอุเทน (XS),SSK02VF-201,627,อากาศปกติ,ภัยธรรมชาติ-พายุฤดูร้อน/พายุดีเปรสชั่น,ศจฟ,09:00,17:30,17:45,15,1. ปรินทร์ บุญเทียม,รถ : -,FUSE LINK 22 KV. 30 A.EEI-NEMA TYPE K,3,,2026-05-13
2128,13 พ.ค. 2569,09:04,07:30,0,กฟส.ศรีสงคราม (XS),SSK06VF-003,206,อากาศชื้น / หมอก,ภัยธรรมชาติ-พายุฤดูร้อน/พายุดีเปรสชั่น,ศจฟ,09:04,06:30,07:30,60,1. ศิลารักษ์ วิภา,รถ : ศรีสงคราม 01,FUSE LINK 22 KV. 25 A.EEI-NEMA TYPE K,3,,2026-05-13
2129,13 พ.ค. 2569,09:05,08:30,0,กฟส.ศรีสงคราม (XS),SSK02VF-009,224,อากาศชื้น / หมอก,ภัยธรรมชาติ-พายุฤดูร้อน/พายุดีเปรสชั่น,ศจฟ,09:05,07:30,08:30,60,1. ศิลารักษ์ วิภา,รถ : ศรีสงคราม 02,FUSE LINK 22 KV. 10 A.EEI-NEMA TYPE K,3,,2026-05-13
2130,13 พ.ค. 2569,09:09,09:21,12,กฟส.ท่าอุเทน (XS),NNA01VF-212,85,ฝนตก,ภัยธรรมชาติ-พายุฤดูร้อน/พายุดีเปรสชั่น,ศจฟ,09:09,19:00,19:15,15,1. ปรินทร์ บุญเทียม,รถ : -,FUSE LINK 22 KV. 20 A.EEI-NEMA TYPE K,3,,2026-05-13
2131,13 พ.ค. 2569,09:10,09:19,9,กฟส.ท่าอุเทน (XS),NNA01VF-224,320,ฝนตก,ภัยธรรมชาติ-พายุฤดูร้อน/พายุดีเปรสชั่น,ศจฟ,09:10,18:00,18:15,15,1. ปรินทร์ บุญเทียม,รถ : -,FUSE LINK 22 KV. 15 A.EEI-NEMA TYPE K,3,,2026-05-13
2132,13 พ.ค. 2569,09:11,09:23,12,กฟส.ท่าอุเทน (XS),NNA01VF-215,294,อากาศปกติ,ภัยธรรมชาติ-พายุโซนร้อน/ใต้ฝุ่น,ศจฟ,09:11,20:00,20:15,15,1. ปรินทร์ บุญเทียม,รถ : -,FUSE LINK 22 KV. 25 A.EEI-NEMA TYPE K,3,,2026-05-13
2133,13 พ.ค. 2569,09:12,09:30,18,กฟส.ท่าอุเทน (XS),NNA01VF-230,466,ฝนตก,ภัยธรรมชาติ-พายุฤดูร้อน/พายุดีเปรสชั่น,ศจฟ,09:12,21:00,21:15,15,1. ปรินทร์ บุญเทียม,รถ : -,FUSE LINK 22 KV. 30 A.EEI-NEMA TYPE K,3,,2026-05-13
2134,13 พ.ค. 2569,09:12,09:32,20,กฟส.ท่าอุเทน (XS),SSK02VF-241,226,ฝนตก,ภัยธรรมชาติ-พายุฤดูร้อน/พายุดีเปรสชั่น,ศจฟ,09:12,22:00,22:15,15,1. ปรินทร์ บุญเทียม,รถ : -,FUSE LINK 22 KV. 15 A.EEI-NEMA TYPE K,3,,2026-05-13
2135,13 พ.ค. 2569,09:14,00:30,0,กฟส.ท่าอุเทน (XS),SSK02VF-252,55,อากาศปกติ,ภัยธรรมชาติ-พายุฤดูร้อน/พายุดีเปรสชั่น,ศจฟ,09:14,00:00,01:30,90,1. ปรินทร์ บุญเทียม,รถ : -,FUSE LINK 22 KV. 15 A.EEI-NEMA TYPE K,3,,2026-05-13
2136,13 พ.ค. 2569,09:17,09:34,17,กฟส.ท่าอุเทน (XS),SSK02VF-244.,92,อากาศปกติ,ภัยธรรมชาติ-พายุฤดูร้อน/พายุดีเปรสชั่น,ศจฟ,09:17,23:00,23:15,15,1. ปรินทร์ บุญเทียม,รถ : -,FUSE LINK 22 KV. 15 A.EEI-NEMA TYPE K,3,,2026-05-13
2137,13 พ.ค. 2569,09:29,01:30,0,กฟส.ท่าอุเทน (XS),65-020943,37,ฝนตก,ภัยธรรมชาติ-พายุฤดูร้อน/พายุดีเปรสชั่น,ศจฟ,09:29,02:00,03:30,90,1. ปรินทร์ บุญเทียม,รถ : -,,,,2026-05-13
2138,13 พ.ค. 2569,09:30,04:10,0,กฟส.ท่าอุเทน (XS),SSK02VF-231,964,ฝนตก,ภัยธรรมชาติ-พายุฤดูร้อน/พายุดีเปรสชั่น,ศจฟ,09:30,04:00,06:00,120,1. ปรินทร์ บุญเทียม,รถ : -,"COND.,ACSR 50/8 SQ.MM.TIS.86",5,,2026-05-13
2139,13 พ.ค. 2569,09:50,10:06,15,กฟส.ปลาปาก (XS),NNA07F-38/1,1335,อากาศปกติ,ภัยธรรมชาติ-พายุฤดูร้อน/พายุดีเปรสชั่น,ศจฟ,09:50,09:51,10:52,61,1. บิณฑ์ นารินทร์รักษ์,รถ : เลิกใช้,FUSE LINK 22 KV. 30 A.EEI-NEMA TYPE K,2,,2026-05-13
2140,13 พ.ค. 2569,11:40,12:15,35,กฟส.นาทม (XS),SEK03F-90,8,อากาศปกติ,ต้นไม้-กิ่งไม้หักพาดสาย,ศจฟ,11:40,11:41,12:18,37,1. อิทธิพันธ์ กาวรรณธง,รถ : นาทม 02,FUSE LINK 22 KV. 15 A.EEI-NEMA TYPE K,2,,2026-05-13
2141,13 พ.ค. 2569,13:00,13:05,5,กฟจ.นครพนม (L),NNB02VF-013,274,อากาศปกติ,ต้นไม้-กิ่งไม้หักพาดสาย,ศจฟ,13:00,09:30,10:35,65,1. ถวิล เมษาคุณ  | 2. นลธวัช ศรีหาเศษ  | 3. สันติ อินทิสาร,รถ : 3ฒภ 2576 กทม (นพ 01),FUSE LINK 22 KV. 20 A.EEI-NEMA TYPE K,1,,2026-05-13
2142,13 พ.ค. 2569,14:04,15:01,56,กฟส.โพนสวรรค์ (XS),SSK07F-10,447,ฝนตก ฟ้าคะนอง,ภัยธรรมชาติ-พายุฤดูร้อน/พายุดีเปรสชั่น,ศจฟ,14:04,14:00,15:02,62,1. ทรงกลด มาศศรี,รถ : โพนสวรรค์-03,FUSE LINK 22 KV. 25 A.EEI-NEMA TYPE K,2,,2026-05-13
2143,13 พ.ค. 2569,14:59,15:20,20,กฟส.ศรีสงคราม (XS),SSK08VF-036,1,ฝนตก,สัตว์-งู,ศจฟ,14:59,15:01,15:40,39,1. ปัญจพงษ์ เศรษฐาไชย,รถ : ศรีสงคราม 02,FUSE LINK 22 KV. 5-6 A.EEI-NEMA TYPE K,2,,2026-05-13
2144,13 พ.ค. 2569,15:05,17:31,146,กฟส.บ้านแพง (S),BFA01VF-112,746,ลมแรง,ต้นไม้-ลมพัดต้นไม้มาแตะสาย,ศจฟ,15:05,15:06,17:49,163,1. จตุรภุช สะท้านอิทธิฤทธิ์,รถ : บ้านแพง01,FUSE LINK 22 KV. 10 A.EEI-NEMA TYPE K,2,,2026-05-13
2145,13 พ.ค. 2569,15:06,16:14,67,กฟส.ท่าอุเทน (XS),SSK02VF-259,154,ฝนตก ลมแรง,ต้นไม้-ลมพัดต้นไม้มาแตะสาย,ศจฟ,15:06,15:07,16:16,69,1. ปรินทร์ บุญเทียม  | 2. อภิรักษ์ สาตะรักษ์,รถ : รถแก้ไฟท่าอุเทน,FUSE LINK 22 KV. 15 A.EEI-NEMA TYPE K,1,,2026-05-13
2146,13 พ.ค. 2569,15:10,16:21,70,กฟส.โพนสวรรค์ (XS),60-024495,309,ฝนตก,ภัยธรรมชาติ-พายุฤดูร้อน/พายุดีเปรสชั่น,ศจฟ,15:10,15:20,16:23,63,1. ทรงกลด มาศศรี,รถ : โพนสวรรค์-03,"H.R.C. FUSE, BLADE CONTACT, 160 A",2,,2026-05-13
2147,13 พ.ค. 2569,15:36,15:50,14,กฟจ.นครพนม (L),NNA04F-20,906,อากาศปกติ,ภัยธรรมชาติ-พายุฤดูร้อน/พายุดีเปรสชั่น,ศจฟ,15:36,14:00,15:40,100,1. ถวิล เมษาคุณ  | 2. นลธวัช ศรีหาเศษ  | 3. สันติ อินทิสาร,รถ : 3ฒภ 2576 กทม (นพ 01),"DROPOUT,FUSE,22 KV.100 A.12 KA",1,,2026-05-13
2148,13 พ.ค. 2569,16:05,17:00,54,กฟจ.นครพนม (L),NNA01VF-017,1847,อากาศปกติ,ภัยธรรมชาติ-พายุฤดูร้อน/พายุดีเปรสชั่น,ศจฟ,16:05,16:06,17:00,54,1. สันติ อินทิสาร,รถ : 3ฒภ 2576 กทม (นพ 01),FUSE LINK 22 KV. 30 A.EEI-NEMA TYPE K,3,,2026-05-13
2149,13 พ.ค. 2569,16:10,16:43,33,กฟส.ศรีสงคราม (XS),SSK04VF-003,7,ฝนตก ฟ้าคะนอง,ภัยธรรมชาติ-พายุฤดูร้อน/พายุดีเปรสชั่น,ศจฟ,16:10,16:10,16:48,38,1. ปัญจพงษ์ เศรษฐาไชย,รถ : ศรีสงคราม 02,FUSE LINK 22 KV. 25 A.EEI-NEMA TYPE K,2,,2026-05-13
2150,13 พ.ค. 2569,16:50,17:34,44,กฟส.ศรีสงคราม (XS),SSK06VF-007,8,อากาศปกติ,ภัยธรรมชาติ-พายุฤดูร้อน/พายุดีเปรสชั่น,ศจฟ,16:50,17:00,17:35,35,1. วุฒิชัย เหมเมือง,รถ : ศรีสงคราม 02,FUSE LINK 22 KV. 10 A.EEI-NEMA TYPE K,2,,2026-05-13
2151,13 พ.ค. 2569,17:55,19:35,100,กฟส.ศรีสงคราม (XS),SSK06VF-002,7,ฝนตก ฟ้าคะนอง,ภัยธรรมชาติ-พายุฤดูร้อน/พายุดีเปรสชั่น,ศจฟ,17:55,17:56,19:35,99,1. วุฒิชัย เหมเมือง,รถ : ศรีสงคราม 02,FUSE LINK 22 KV. 8 A.EEI-NEMA TYPE K,2,,2026-05-13
2152,13 พ.ค. 2569,18:00,18:47,47,กฟส.นาทม (XS),SSK08F-84,203,ฝนตก ฟ้าคะนอง,ภัยธรรมชาติ-พายุฤดูร้อน/พายุดีเปรสชั่น,ศจฟ,18:00,18:07,18:55,48,1. วราวุธ นาขมิ้น,รถ : นาทม 02,FUSE LINK 22 KV. 15 A.EEI-NEMA TYPE K,3,,2026-05-13
2153,13 พ.ค. 2569,18:00,20:21,141,กฟจ.นครพนม (L),NNA04F-04/02,80,ฝนตก ลมแรง,ภัยธรรมชาติ-พายุฤดูร้อน/พายุดีเปรสชั่น,ศจฟ,18:00,17:00,18:25,85,1. จันทะคาด บัวเคน  | 2. ชัยยา มาตขาว  | 3. ถวิล เมษาคุณ  | 4. ธำรงรัตน์ สระแก้ว  | 5. นลธวัช ศรีหาเศษ  | 6. วสันต์ชัย ดวงสูงเนิน  | 7. สันติ อินทิสาร,รถ : รถกระเช้า (04),FUSE LINK 22 KV. 20 A.EEI-NEMA TYPE K,3,,2026-05-13
2154,13 พ.ค. 2569,18:30,20:23,113,กฟจ.นครพนม (L),NNA04F-04/9,1,ฝนตก ลมแรง,ภัยธรรมชาติ-พายุฤดูร้อน/พายุดีเปรสชั่น,ศจฟ,18:30,19:00,20:05,65,1. จันทะคาด บัวเคน  | 2. ชัยยา มาตขาว  | 3. ถวิล เมษาคุณ  | 4. ธำรงรัตน์ สระแก้ว  | 5. นลธวัช ศรีหาเศษ  | 6. วสันต์ชัย ดวงสูงเนิน  | 7. สันติ อินทิสาร,รถ : รถกระเช้า (04),FUSE LINK 22 KV. 15 A.EEI-NEMA TYPE K,2,,2026-05-13
2155,13 พ.ค. 2569,18:37,19:36,58,กฟส.นาทม (XS),SSK08F-91,47,ฝนตก ลมแรง,ภัยธรรมชาติ-พายุฤดูร้อน/พายุดีเปรสชั่น,ศจฟ,18:37,18:39,19:43,64,1. วราวุธ นาขมิ้น,รถ : นาทม 02,FUSE LINK 22 KV. 10 A.EEI-NEMA TYPE K,2,,2026-05-13
2156,13 พ.ค. 2569,19:46,20:39,53,กฟส.นาทม (XS),SEK03F-85,42,ฝนตก ลมแรง,ภัยธรรมชาติ-พายุฤดูร้อน/พายุดีเปรสชั่น,ศจฟ,19:46,20:11,20:45,34,1. วราวุธ นาขมิ้น,รถ : นาทม 02,FUSE LINK 22 KV. 25 A.EEI-NEMA TYPE K,1,,2026-05-13
2157,13 พ.ค. 2569,19:54,21:00,66,กฟส.ธาตุพนม (S),THA01VF-032,1,ลมแรง,ต้นไม้-กิ่งไม้หักพาดสาย,ศจฟ,19:54,20:13,21:56,103,1. นรากร แสนโสม,รถ : กระเช้าธาตุพนม,FUSE LINK 22 KV. 8 A.EEI-NEMA TYPE K,3,,2026-05-13
2158,13 พ.ค. 2569,19:58,18:30,0,กฟส.บ้านแพง (S),SSK08F-51-1,18,อากาศปกติ,อุปกรณ์-ชำรุด,ศจฟ,19:58,18:00,18:45,45,1. ณัฐดนัย ขันถม,รถ : กระเช้าบ้านแพง,FUSE LINK 22 KV. 10 A.EEI-NEMA TYPE K,1,,2026-05-13
2159,13 พ.ค. 2569,20:49,21:19,29,กฟส.นาทม (XS),57-005801,45,อากาศปกติ,อุปกรณ์-ชำรุด,ศจฟ,20:49,20:50,21:29,39,1. วราวุธ นาขมิ้น,รถ : นาทม 02,FUSE LINK 22 KV. 3 A.EEI-NEMA TYPE K,1,,2026-05-13
2160,13 พ.ค. 2569,21:40,22:30,49,กฟจ.นครพนม (L),63-024167,13,อากาศปกติ,อุปกรณ์-ชำรุด,ศจฟ,21:40,21:40,23:00,80,1. จันทะคาด บัวเคน  | 2. ชัยยา มาตขาว  | 3. นลธวัช ศรีหาเศษ  | 4. วสันต์ชัย ดวงสูงเนิน,รถ : 3ฒภ 2576 กทม (นพ 01),"H.R.C. FUSE, BLADE CONTACT, 160 A",1,,2026-05-13
2161,14 พ.ค. 2569,07:24,07:41,17,กฟส.ท่าอุเทน (XS),67-036325,31,ฝนตก ลมแรง,อุปกรณ์-ชำรุด,ศจฟ,07:24,06:05,07:44,99,1. อภิรักษ์ สาตะรักษ์,รถ : รถแก้ไฟท่าอุเทน,"CABLE,AL,750 V,50 SQ.MM. TIS.293",10,,2026-05-14
2162,14 พ.ค. 2569,07:30,06:50,0,กฟส.โพนสวรรค์ (XS),NPN07F-20,39,ฝนตก ลมแรง,ภัยธรรมชาติ-พายุฤดูร้อน/พายุดีเปรสชั่น,ศจฟ,07:30,05:45,07:30,105,1. วสุธา หล้าพรหม,รถ : โพนสวรรค์-03,FUSE HOLDER 22 KV. 100 A. 12 KA.,1,,2026-05-14
2163,14 พ.ค. 2569,09:37,14:30,293,กฟส.วังยาง (XS),41-001840,232,อากาศปกติ,โหลดเกินพิกัด-โหลดเกินพิกัด,ศจฟ,09:37,11:16,14:56,220,1. ปิยะ แสนเมือง,รถ : วย.02,"CONN.,PG,DOUBLE BOLT,AL 25-95 SQ.MM.",6,,2026-05-14
2164,14 พ.ค. 2569,09:47,12:38,171,กฟส.นาทม (XS),SSK08F-85-2,44,อากาศปกติ,โหลดเกินพิกัด-โหลดเกินพิกัด,ศจฟ,09:47,11:17,12:49,92,1. วราวุธ นาขมิ้น,รถ : นาทม 02,FUSE LINK 22 KV. 20 A.EEI-NEMA TYPE K,2,,2026-05-14
2165,14 พ.ค. 2569,09:49,11:56,127,กฟจ.นครพนม (L),67-034422,213,อากาศปกติ,โหลดเกินพิกัด-โหลดเกินพิกัด,ศจฟ,09:49,11:30,12:14,44,1. กิติศักดิ์ หาราช  | 2. ทศวรรษ มังคละคีรี  | 3. ประจล ศรีสุราช,รถ : 3ฒภ 2576 กทม (นพ 01),FUSE LINK 22 KV. 25 A.EEI-NEMA TYPE K,2,,2026-05-14
2166,14 พ.ค. 2569,10:00,09:57,0,กฟจ.นครพนม (L),NNB01VF-006,19,อากาศปกติ,โหลดเกินพิกัด-โหลดเกินพิกัด,ศจฟ,10:00,09:30,10:00,30,1. กิติศักดิ์ หาราช  | 2. ทศวรรษ มังคละคีรี  | 3. ประจล ศรีสุราช,รถ : 3ฒภ 2576 กทม (นพ 01),FUSE LINK 22 KV. 8 A.EEI-NEMA TYPE K,3,,2026-05-14
2167,14 พ.ค. 2569,10:30,10:41,11,กฟจ.นครพนม (L),67-008471,57,อากาศปกติ,โหลดเกินพิกัด-โหลดเกินพิกัด,ศจฟ,10:30,10:00,10:40,40,1. กิติศักดิ์ หาราช  | 2. ทศวรรษ มังคละคีรี  | 3. ประจล ศรีสุราช,รถ : 3ฒภ 2576 กทม (นพ 01),"CONN.,PG,DOUBLE BOLT,AL 25-95 SQ.MM.",2,,2026-05-14
2168,14 พ.ค. 2569,10:58,09:45,0,กฟส.บ้านแพง (S),56-009540,100,อากาศปกติ,สัตว์-นก/ค้างคาว,ศจฟ,10:58,09:15,10:00,45,1. รชานนท์ โมธรรม,รถ : กระเช้าบ้านแพง,FUSE LINK 22 KV. 3 A.EEI-NEMA TYPE K,3,,2026-05-14
2169,14 พ.ค. 2569,11:24,11:41,17,กฟส.ศรีสงคราม (XS),SSK08VF-051,82,อากาศปกติ,สัตว์-นก/ค้างคาว,ศจฟ,11:24,11:00,11:42,42,1. ศิลารักษ์ วิภา,รถ : ศรีสงคราม 02,FUSE LINK 22 KV. 20 A.EEI-NEMA TYPE K,1,,2026-05-14
2170,14 พ.ค. 2569,11:31,11:15,0,กฟจ.นครพนม (L),NNB02VF-003,12,อากาศปกติ,สัตว์-นก/ค้างคาว,ศจฟ,11:31,10:50,11:30,40,1. กิติศักดิ์ หาราช  | 2. ทศวรรษ มังคละคีรี  | 3. ประจล ศรีสุราช,รถ : 3ฒภ 2576 กทม (นพ 01),FUSE LINK 22 KV. 10 A.EEI-NEMA TYPE K,2,,2026-05-14
2171,14 พ.ค. 2569,11:31,11:40,9,กฟส.ท่าอุเทน (XS),27-004646,238,อากาศชื้น / หมอก,สัตว์-นก/ค้างคาว,ศจฟ,11:31,11:38,11:57,19,1. อนุสรณ์ ทองประสม,รถ : รถแก้ไฟท่าอุเทน,"CABLE,AL,750 V,50 SQ.MM. TIS.293",3,,2026-05-14
2172,14 พ.ค. 2569,12:00,12:08,8,กฟส.ท่าอุเทน (XS),SSK02VF-222,1,อากาศชื้น / หมอก,สัตว์-นก/ค้างคาว,ศจฟ,12:00,12:02,12:20,18,1. อนุสรณ์ ทองประสม,รถ : รถแก้ไฟท่าอุเทน,FUSE LINK 22 KV. 8 A.EEI-NEMA TYPE K,1,,2026-05-14
2173,14 พ.ค. 2569,12:53,13:40,47,กฟส.นาทม (XS),SEK03F-80,168,อากาศชื้น / หมอก,สัตว์-นก/ค้างคาว,ศจฟ,12:53,12:54,13:55,61,1. วราวุธ นาขมิ้น,รถ : นาทม 02,"COND.,ACSR 50/8 SQ.MM.TIS.86",6,,2026-05-14
2174,14 พ.ค. 2569,14:00,14:28,27,กฟส.นาหว้า (XS),SSK04VF-101,901,อากาศชื้น / หมอก,สัตว์-นก/ค้างคาว,ศจฟ,14:00,14:25,14:31,6,1. อัมรินทร์ วะราวัง,รถ : นาหว้า 02,FUSE LINK 22 KV. 25 A.EEI-NEMA TYPE K,2,,2026-05-14
2175,14 พ.ค. 2569,14:04,14:47,42,กฟส.นาทม (XS),SSK08F-136,17,อากาศชื้น / หมอก,สัตว์-นก/ค้างคาว,ศจฟ,14:04,14:05,14:49,44,1. วราวุธ นาขมิ้น,รถ : นาทม 02,FUSE LINK 22 KV. 8 A.EEI-NEMA TYPE K,2,,2026-05-14
2176,14 พ.ค. 2569,14:05,14:27,22,กฟส.บ้านแพง (S),36-015121,152,ลมแรง,ต้นไม้-ต้นไม้ล้มทับสาย,ศจฟ,14:05,14:11,14:31,20,1. รชานนท์ โมธรรม,รถ : กระเช้าบ้านแพง,"CABLE,AL,750 V,50 SQ.MM. TIS.293",5,,2026-05-14
2177,14 พ.ค. 2569,14:58,16:28,90,กฟจ.นครพนม (L),NNA01VF-057,11,ลมแรง,ต้นไม้-ต้นไม้ล้มทับสาย,ศจฟ,14:58,14:59,15:44,45,1. กิติศักดิ์ หาราช  | 2. ทศวรรษ มังคละคีรี  | 3. ประจล ศรีสุราช,รถ : 3ฒภ 2576 กทม (นพ 01),FUSE LINK 22 KV. 15 A.EEI-NEMA TYPE K,2,,2026-05-14
2178,14 พ.ค. 2569,18:05,18:17,12,กฟส.ปลาปาก (XS),66-004581,118,อากาศปกติ,ต้นไม้-ต้นไม้ล้มทับสาย,ศจฟ,18:05,18:06,18:23,17,1. สุธรรม จันทะผา,รถ : รถแก้ไฟปลาปาก 01,"H.R.C. FUSE, BLADE CONTACT, 100 A",1,,2026-05-14
2179,14 พ.ค. 2569,18:23,18:54,31,กฟส.นาทม (XS),6600335041,1,อากาศปกติ,ต้นไม้-ต้นไม้ล้มทับสาย,ศจฟ,18:23,18:24,18:55,32,1. อิทธิพันธ์ กาวรรณธง,รถ : นาทม 02,IPC MAIN 16-95 SQ.MM. TAP 6-35 SQ.MM.,1,,2026-05-14
2180,14 พ.ค. 2569,20:38,21:10,31,กฟส.นาแก (S),63-020645,181,อากาศปกติ,อุปกรณ์-ชำรุด,ศจฟ,20:38,20:39,21:25,46,1. บัญชา ปู่บุตรชา,รถ : นก-03,"CABLE,AL,750 V,50 SQ.MM. TIS.293",7,,2026-05-14
2181,14 พ.ค. 2569,20:53,21:17,24,กฟจ.นครพนม (L),59-005285,21,อากาศปกติ,อุปกรณ์-ชำรุด,ศจฟ,20:53,20:54,21:20,26,1. ถวิล เมษาคุณ  | 2. สันติ อินทิสาร  | 3. เกรียงไกร ลาหมัน,รถ : 3ฒภ 2576 กทม (นพ 01),"H.R.C. FUSE, BLADE CONTACT, 100 A",2,,2026-05-14
2182,14 พ.ค. 2569,21:44,22:39,54,กฟส.นาทม (XS),SEK03F-89,320,อากาศปกติ,อุปกรณ์-ชำรุด,ศจฟ,21:44,21:45,22:40,55,1. อิทธิพันธ์ กาวรรณธง,รถ : นาทม 02,FUSE LINK 22 KV. 25 A.EEI-NEMA TYPE K,3,,2026-05-14
2183,15 พ.ค. 2569,07:00,07:39,38,กฟส.ท่าอุเทน (XS),SSK02VF-201,628,อากาศชื้น / หมอก,ต้นไม้-กิ่งไม้หักพาดสาย,ศจฟ,07:00,07:00,07:20,20,1. ปรินทร์ บุญเทียม,รถ : -,FUSE LINK 22 KV. 30 A.EEI-NEMA TYPE K,3,,2026-05-15
2184,15 พ.ค. 2569,07:04,09:26,142,กฟส.ท่าอุเทน (XS),SSK02VF-208,562,อากาศชื้น / หมอก,ต้นไม้-กิ่งไม้หักพาดสาย,ศจฟ,07:04,07:20,07:35,15,1. ปรินทร์ บุญเทียม,รถ : -,FUSE LINK 22 KV. 25 A.EEI-NEMA TYPE K,3,,2026-05-15
2185,15 พ.ค. 2569,07:13,09:27,134,กฟส.ท่าอุเทน (XS),61-010096,116,อากาศปกติ,ต้นไม้-กิ่งไม้หักพาดสาย,ศจฟ,07:13,07:40,07:55,15,1. ปรินทร์ บุญเทียม,รถ : -,"CABLE,CU,PVC,INS.&JAC. 600V, 2X10 SQ.MM.",14,,2026-05-15
2186,15 พ.ค. 2569,07:17,07:22,5,กฟส.นาหว้า (XS),SSK06F-12,782,อากาศปกติ,ต้นไม้-กิ่งไม้หักพาดสาย,ศจฟ,07:17,07:15,07:23,8,1. อัมรินทร์ วะราวัง,รถ : นาหว้า 02,FUSE LINK 22 KV. 20 A.EEI-NEMA TYPE K,2,,2026-05-15
2187,15 พ.ค. 2569,07:23,08:00,36,กฟจ.นครพนม (L),NNB01VF-042,828,อากาศปกติ,ต้นไม้-กิ่งไม้หักพาดสาย,ศจฟ,07:23,07:27,08:26,59,1. ชัยยา มาตขาว  | 2. วิเชียร สุวอ  | 3. สันติ อินทิสาร  | 4. หิรัญ พลไกรสร,รถ : 3ฒภ 2576 กทม (นพ 01),FUSE LINK 22 KV. 25 A.EEI-NEMA TYPE K,2,,2026-05-15
2188,15 พ.ค. 2569,07:40,07:58,18,กฟส.โพนสวรรค์ (XS),45-001236,229,ฝนตก,ต้นไม้-กิ่งไม้หักพาดสาย,ศจฟ,07:40,05:12,06:56,104,1. เพชราวุธ โพชราช,รถ : โพนสวรรค์-03,"H.R.C. FUSE, BLADE CONTACT, 100 A",2,,2026-05-15
2189,15 พ.ค. 2569,07:59,08:20,20,กฟส.ปลาปาก (XS),NNA07F-23/1,365,อากาศปกติ,ต้นไม้-กิ่งไม้หักพาดสาย,ศจฟ,07:59,08:06,08:28,22,1. สุธรรม จันทะผา,รถ : รถแก้ไฟปลาปาก 01,,,,2026-05-15
2190,15 พ.ค. 2569,08:09,08:59,49,กฟส.โพนสวรรค์ (XS),NNA01F-41,11217,ฝนตก,ภัยธรรมชาติ-พายุฤดูร้อน/พายุดีเปรสชั่น,ศจฟ,08:09,07:05,08:29,84,1. เพชราวุธ โพชราช,รถ : โพนสวรรค์-02,FUSE LINK 22 KV. 25 A.EEI-NEMA TYPE K,2,,2026-05-15
2191,15 พ.ค. 2569,08:20,08:30,10,กฟส.นาหว้า (XS),SSK06F-10/2,229,ฝนตก,ภัยธรรมชาติ-พายุฤดูร้อน/พายุดีเปรสชั่น,ศจฟ,08:20,08:20,08:32,12,1. อัมรินทร์ วะราวัง,รถ : นาหว้า 02,FUSE LINK 22 KV. 15 A.EEI-NEMA TYPE K,2,,2026-05-15
2192,15 พ.ค. 2569,09:36,09:42,6,กฟส.บ้านแพง (S),45-021948,159,ฝนตก,อุปกรณ์-ชำรุด,ศจฟ,09:36,09:10,09:43,33,1. รชานนท์ โมธรรม,รถ : กระเช้าบ้านแพง,FUSE LINK 22 KV. 10 A.EEI-NEMA TYPE K,2,,2026-05-15
2193,15 พ.ค. 2569,09:55,10:14,18,กฟส.ปลาปาก (XS),THA06F-87,283,อากาศปกติ,ต้นไม้-ต้นไม้เลื้อย/โตมาแตะสาย,ศจฟ,09:55,09:55,10:24,29,1. สุธรรม จันทะผา,รถ : รถแก้ไฟปลาปาก 01,FUSE LINK 22 KV. 30 A.EEI-NEMA TYPE K,1,,2026-05-15
2194,15 พ.ค. 2569,10:52,12:26,94,กฟส.นาหว้า (XS),63-029958,54,อากาศปกติ,ต้นไม้-ต้นไม้เลื้อย/โตมาแตะสาย,ศจฟ,10:52,12:15,12:29,14,1. อัมรินทร์ วะราวัง,รถ : นาหว้า 02,"CABLE,AL,750 V,50 SQ.MM. TIS.293",6,,2026-05-15
2195,15 พ.ค. 2569,10:56,12:38,102,กฟส.บ้านแพง (S),SEK04F-53-1,334,ฝนตก ลมแรง,ภัยธรรมชาติ-พายุฤดูร้อน/พายุดีเปรสชั่น,ศจฟ,10:56,11:05,12:39,94,1. รชานนท์ โมธรรม,รถ : กระเช้าบ้านแพง,FUSE LINK 22 KV. 15 A.EEI-NEMA TYPE K,1,,2026-05-15
2196,15 พ.ค. 2569,11:58,12:20,22,กฟส.บ้านแพง (S),SSK08F-125,63,ฝนตก ลมแรง,ภัยธรรมชาติ-พายุฤดูร้อน/พายุดีเปรสชั่น,ศจฟ,11:58,11:40,12:41,61,1. รชานนท์ โมธรรม,รถ : กระเช้าบ้านแพง,FUSE LINK 22 KV. 15 A.EEI-NEMA TYPE K,1,,2026-05-15
2197,15 พ.ค. 2569,12:21,12:29,8,กฟส.ท่าอุเทน (XS),16265439,1,อากาศชื้น / หมอก,อุปกรณ์-ชำรุด,ศจฟ,12:21,12:22,12:31,9,1. ปรินทร์ บุญเทียม,รถ : -,"CABLE,CU,PVC,INS.&JAC. 600V, 2X10 SQ.MM.",7,,2026-05-15
2198,15 พ.ค. 2569,12:37,12:45,8,กฟส.นาหว้า (XS),SSK06F-16/1,196,อากาศชื้น / หมอก,อุปกรณ์-ชำรุด,ศจฟ,12:37,12:38,13:06,28,1. อัมรินทร์ วะราวัง,รถ : นาหว้า 02,"CABLE LUG,NEMA 2-HOLE,AL 95 SQ.MM.",6,,2026-05-15
2199,15 พ.ค. 2569,12:48,12:52,4,กฟส.บ้านแพง (S),SSK0165002589,17,ฝนตก ลมแรง,ภัยธรรมชาติ-พายุฤดูร้อน/พายุดีเปรสชั่น,ศจฟ,12:48,12:00,12:53,53,1. รชานนท์ โมธรรม,รถ : กระเช้าบ้านแพง,FUSE LINK 22 KV. 15 A.EEI-NEMA TYPE K,1,,2026-05-15
2200,15 พ.ค. 2569,17:12,17:22,10,กฟส.ศรีสงคราม (XS),SSK08VF-049,47,ฝนตก ฟ้าคะนอง,ภัยธรรมชาติ-พายุฤดูร้อน/พายุดีเปรสชั่น,ศจฟ,17:12,17:00,17:24,24,1. วุฒิชัย เหมเมือง,รถ : ศรีสงคราม 01,FUSE LINK 22 KV. 15 A.EEI-NEMA TYPE K,2,,2026-05-15
2201,15 พ.ค. 2569,17:17,17:37,20,กฟส.เรณูนคร (XS),50-007940,59,ฝนตก ฟ้าคะนอง,ภัยธรรมชาติ-พายุฤดูร้อน/พายุดีเปรสชั่น,ศจฟ,17:17,17:18,17:40,22,1. พงศวัชร์ ธัญภัทร์อนันต์,รถ : 80-7964 นพ รณ.01,"H.R.C. FUSE, BLADE CONTACT, 100 A",1,,2026-05-15
2202,15 พ.ค. 2569,17:22,17:44,22,กฟจ.นครพนม (L),THA06VF-048,311,ฝนตก ฟ้าคะนอง,ภัยธรรมชาติ-พายุฤดูร้อน/พายุดีเปรสชั่น,ศจฟ,17:22,16:30,17:35,65,1. กิติศักดิ์ หาราช  | 2. ทศวรรษ มังคละคีรี,รถ : 3ฒภ 2576 กทม (นพ 01),FUSE LINK 22 KV. 20 A.EEI-NEMA TYPE K,2,,2026-05-15
2203,15 พ.ค. 2569,17:28,21:17,229,กฟส.ศรีสงคราม (XS),SSK08VF-061,1,ฝนตก ฟ้าคะนอง,ภัยธรรมชาติ-พายุฤดูร้อน/พายุดีเปรสชั่น,ศจฟ,17:28,17:30,19:10,100,1. วุฒิชัย เหมเมือง,รถ : ศรีสงคราม 01,FUSE LINK 22 KV. 15 A.EEI-NEMA TYPE K,2,,2026-05-15
2204,15 พ.ค. 2569,17:50,18:22,31,กฟส.ธาตุพนม (S),THA06VF-041,87,ฝนตก ลมแรง,สภาพสิ่งแวดล้อม-ฟ้าผ่า,ศจฟ,17:50,17:51,18:32,41,1. นรากร แสนโสม,รถ : กระเช้าธาตุพนม,FUSE LINK 22 KV. 10 A.EEI-NEMA TYPE K,2,,2026-05-15
2205,15 พ.ค. 2569,18:37,18:30,0,กฟส.บ้านแพง (S),BFA01VF-111,24,ฝนตก ลมแรง,ภัยธรรมชาติ-พายุฤดูร้อน/พายุดีเปรสชั่น,ศจฟ,18:37,18:38,18:57,19,1. ชินดนัย คงชะสิงห์,รถ : กระเช้าบ้านแพง,"CABLE,AERIAL,AL 22 KV. 1X50 SQ.MM.",10,,2026-05-15
2206,15 พ.ค. 2569,19:02,21:25,143,กฟจ.นครพนม (L),NNA04F-05/11,16,ฝนตก ฟ้าคะนอง,ภัยธรรมชาติ-พายุฤดูร้อน/พายุดีเปรสชั่น,ศจฟ,19:02,19:03,21:27,144,1. กิติศักดิ์ หาราช  | 2. ทศวรรษ มังคละคีรี  | 3. ประจล ศรีสุราช  | 4. เกริกฤทธิ์ จันทรโพธิ์ศรี,รถ : 81-1269 นพ (นพ 03),FUSE LINK 22 KV. 15 A.EEI-NEMA TYPE K,2,,2026-05-15
2207,15 พ.ค. 2569,19:03,21:28,145,กฟจ.นครพนม (L),NNA04F-21,1,ฝนตก ฟ้าคะนอง,ภัยธรรมชาติ-พายุฤดูร้อน/พายุดีเปรสชั่น,ศจฟ,19:03,19:04,21:30,146,1. กิติศักดิ์ หาราช  | 2. ทศวรรษ มังคละคีรี  | 3. ประจล ศรีสุราช  | 4. เกริกฤทธิ์ จันทรโพธิ์ศรี,รถ : 81-1269 นพ (นพ 03),FUSE LINK 22 KV. 25 A.EEI-NEMA TYPE K,2,,2026-05-15
2208,15 พ.ค. 2569,19:05,20:20,75,กฟจ.นครพนม (L),NNA02F-10,155,ฝนตก ฟ้าคะนอง,ภัยธรรมชาติ-พายุฤดูร้อน/พายุดีเปรสชั่น,ศจฟ,19:05,18:40,19:39,59,1. กิติศักดิ์ หาราช  | 2. ทศวรรษ มังคละคีรี,รถ : 3ฒภ 2576 กทม (นพ 01),"CONN.,PG,DOUBLE BOLT,AL 25-95 SQ.MM.",2,,2026-05-15
2209,15 พ.ค. 2569,19:47,19:00,0,กฟส.บ้านแพง (S),SSK08F-51-1,18,ลมแรง,ภัยธรรมชาติ-พายุฤดูร้อน/พายุดีเปรสชั่น,ศจฟ,19:47,19:00,19:53,53,1. ชินดนัย คงชะสิงห์,รถ : กระเช้าบ้านแพง,FUSE LINK 22 KV. 15 A.EEI-NEMA TYPE K,2,,2026-05-15
2210,15 พ.ค. 2569,21:23,21:31,8,กฟจ.นครพนม (L),NNA03VF-001,113,ลมแรง,ภัยธรรมชาติ-พายุฤดูร้อน/พายุดีเปรสชั่น,ศจฟ,21:23,21:23,21:33,10,1. กิติศักดิ์ หาราช  | 2. ทศวรรษ มังคละคีรี  | 3. ประจล ศรีสุราช  | 4. เกริกฤทธิ์ จันทรโพธิ์ศรี,รถ : 81-1269 นพ (นพ 03),FUSE LINK 22 KV. 20 A.EEI-NEMA TYPE K,2,,2026-05-15
2211,15 พ.ค. 2569,22:42,23:39,56,กฟส.ศรีสงคราม (XS),SSK08VF-020,124,ฝนตก ฟ้าคะนอง,ภัยธรรมชาติ-พายุฤดูร้อน/พายุดีเปรสชั่น,ศจฟ,22:42,22:43,23:40,57,1. วุฒิชัย เหมเมือง,รถ : ศรีสงคราม 01,FUSE LINK 22 KV. 25 A.EEI-NEMA TYPE K,3,,2026-05-15
2212,15 พ.ค. 2569,23:48,23:52,4,กฟส.โพนสวรรค์ (XS),SSK07F-05,334,ฝนตก ลมแรง,ภัยธรรมชาติ-พายุฤดูร้อน/พายุดีเปรสชั่น,ศจฟ,23:48,18:00,20:00,120,1. วรัญญู สังรวมใจ,รถ : โพนสวรรค์-03,FUSE LINK 22 KV. 15 A.EEI-NEMA TYPE K,2,,2026-05-15
2213,15 พ.ค. 2569,23:49,00:05,15,กฟส.ศรีสงคราม (XS),SSK02VF-034,208,ฝนตก ลมแรง,ภัยธรรมชาติ-พายุฤดูร้อน/พายุดีเปรสชั่น,ศจฟ,23:49,23:50,00:20,30,1. วุฒิชัย เหมเมือง,รถ : ศรีสงคราม 01,FUSE LINK 22 KV. 25 A.EEI-NEMA TYPE K,3,,2026-05-15
2214,16 พ.ค. 2569,00:09,00:52,42,กฟส.โพนสวรรค์ (XS),SSK07F-07,744,อากาศปกติ,ภัยธรรมชาติ-พายุฤดูร้อน/พายุดีเปรสชั่น,ศจฟ,00:09,20:05,22:10,125,1. วรัญญู สังรวมใจ  | 2. เพชราวุธ โพชราช,รถ : โพนสวรรค์-03,FUSE LINK 22 KV. 15 A.EEI-NEMA TYPE K,2,,2026-05-16
2215,16 พ.ค. 2569,00:34,00:54,20,กฟส.ท่าอุเทน (XS),NNA01VF-224,158,ฝนตก ลมแรง,ภัยธรรมชาติ-พายุฤดูร้อน/พายุดีเปรสชั่น,ศจฟ,00:34,00:35,00:56,21,1. อนุสรณ์ ทองประสม,รถ : รถแก้ไฟท่าอุเทน,FUSE LINK 22 KV. 20 A.EEI-NEMA TYPE K,1,,2026-05-16
2216,16 พ.ค. 2569,00:36,00:57,20,กฟส.ท่าอุเทน (XS),SSK02VF-201,628,ฝนตก ลมแรง,ภัยธรรมชาติ-พายุฤดูร้อน/พายุดีเปรสชั่น,ศจฟ,00:36,00:36,01:03,27,1. อนุสรณ์ ทองประสม,รถ : รถแก้ไฟท่าอุเทน,FUSE LINK 22 KV. 30 A.EEI-NEMA TYPE K,3,,2026-05-16
2217,16 พ.ค. 2569,00:37,01:04,27,กฟส.ท่าอุเทน (XS),BFA09VF-221,756,ฝนตก ลมแรง,ภัยธรรมชาติ-พายุฤดูร้อน/พายุดีเปรสชั่น,ศจฟ,00:36,00:37,01:07,30,1. อนุสรณ์ ทองประสม,รถ : รถแก้ไฟท่าอุเทน,FUSE LINK 22 KV. 20 A.EEI-NEMA TYPE K,1,,2026-05-16
2218,16 พ.ค. 2569,00:37,01:07,29,กฟส.ท่าอุเทน (XS),NNA01VF-209,850,ฝนตก ลมแรง,ภัยธรรมชาติ-พายุฤดูร้อน/พายุดีเปรสชั่น,ศจฟ,00:37,00:39,01:10,31,1. อนุสรณ์ ทองประสม,รถ : รถแก้ไฟท่าอุเทน,FUSE LINK 22 KV. 15 A.EEI-NEMA TYPE K,1,,2026-05-16
2219,16 พ.ค. 2569,00:38,01:11,33,กฟส.ท่าอุเทน (XS),NNA08VF-210,95,ฝนตก ลมแรง,ภัยธรรมชาติ-พายุฤดูร้อน/พายุดีเปรสชั่น,ศจฟ,00:37,00:37,01:13,36,1. อนุสรณ์ ทองประสม,รถ : รถแก้ไฟท่าอุเทน,FUSE LINK 22 KV. 20 A.EEI-NEMA TYPE K,1,,2026-05-16
2220,16 พ.ค. 2569,00:38,01:14,36,กฟส.ท่าอุเทน (XS),NNA01VF-212,710,ฝนตก ลมแรง,ภัยธรรมชาติ-พายุฤดูร้อน/พายุดีเปรสชั่น,ศจฟ,00:38,00:40,01:17,37,1. อนุสรณ์ ทองประสม,รถ : รถแก้ไฟท่าอุเทน,FUSE LINK 22 KV. 20 A.EEI-NEMA TYPE K,1,,2026-05-16
2221,16 พ.ค. 2569,00:39,06:17,338,กฟส.ท่าอุเทน (XS),23395087,1,ฝนตก ฟ้าคะนอง,อุปกรณ์-ชำรุด,ศจฟ,00:39,00:40,06:23,343,1. อนุสรณ์ ทองประสม,รถ : รถแก้ไฟท่าอุเทน,,,,2026-05-16
2222,16 พ.ค. 2569,00:40,06:03,323,กฟส.ท่าอุเทน (XS),61-010096,116,ฝนตก ฟ้าคะนอง,ภัยธรรมชาติ-พายุฤดูร้อน/พายุดีเปรสชั่น,ศจฟ,00:40,00:41,06:15,334,1. อนุสรณ์ ทองประสม,รถ : รถแก้ไฟท่าอุเทน,FUSE LINK 22 KV. 5-6 A.EEI-NEMA TYPE K,1,,2026-05-16
2223,16 พ.ค. 2569,07:00,08:09,69,กฟส.โพนสวรรค์ (XS),SSK09F-09,311,ฝนตก,ภัยธรรมชาติ-พายุฤดูร้อน/พายุดีเปรสชั่น,ศจฟ,07:00,01:00,03:00,120,1. วรัญญู สังรวมใจ  | 2. วสุธา หล้าพรหม  | 3. เพชราวุธ โพชราช,รถ : โพนสวรรค์-03,FUSE LINK 22 KV. 15 A.EEI-NEMA TYPE K,1,,2026-05-16
2224,16 พ.ค. 2569,07:00,08:13,73,กฟส.โพนสวรรค์ (XS),20922409,1,ฝนตก,ภัยธรรมชาติ-พายุฤดูร้อน/พายุดีเปรสชั่น,ศจฟ,07:00,03:05,05:00,115,1. วรัญญู สังรวมใจ  | 2. วสุธา หล้าพรหม  | 3. เพชราวุธ โพชราช,รถ : โพนสวรรค์-03,"CONN.,PG,DOUBLE BOLT,AL 16-70 SQ.MM.",1,,2026-05-16
2225,16 พ.ค. 2569,07:01,08:17,76,กฟส.โพนสวรรค์ (XS),54-008483,175,อากาศชื้น / หมอก,ภัยธรรมชาติ-พายุฤดูร้อน/พายุดีเปรสชั่น,ศจฟ,07:00,05:05,07:35,150,1. วรัญญู สังรวมใจ  | 2. วสุธา หล้าพรหม  | 3. เพชราวุธ โพชราช,รถ : โพนสวรรค์-03,"H.R.C. FUSE, BLADE CONTACT, 100 A",2,,2026-05-16
2226,16 พ.ค. 2569,07:22,07:05,0,กฟส.บ้านแพง (S),SSK08F-73,200,ลมแรง,ภัยธรรมชาติ-พายุฤดูร้อน/พายุดีเปรสชั่น,ศจฟ,07:22,07:22,07:30,8,1. ชินดนัย คงชะสิงห์,รถ : กระเช้าบ้านแพง,FUSE LINK 22 KV. 25 A.EEI-NEMA TYPE K,2,,2026-05-16
2227,17 พ.ค. 2569,12:24,13:25,61,กฟส.บ้านแพง (S),,4107,ลมแรง,สัตว์-งู,ศจฟ,12:23,12:47,13:30,43,1. ปิยะณัฐ พลเหี้ยมหาญ,รถ : กระเช้าบ้านแพง,FUSE LINK 22 KV. 10 A.EEI-NEMA TYPE K,2,,2026-05-17
2228,18 พ.ค. 2569,08:20,08:34,14,กฟส.โพนสวรรค์ (XS),SSK09F-38,1085,อากาศชื้น / หมอก,ภัยธรรมชาติ-พายุฤดูร้อน/พายุดีเปรสชั่น,ศจฟ,08:20,05:30,08:10,160,1. วรัญญู สังรวมใจ,รถ : โพนสวรรค์-03,FUSE LINK 22 KV. 15 A.EEI-NEMA TYPE K,2,,2026-05-18
2229,19 พ.ค. 2569,19:55,20:03,8,กฟส.ธาตุพนม (S),THA01VF-039,154,ฝนตก ลมแรง,ต้นไม้-กิ่งไม้หักพาดสาย,ศจฟ,19:55,19:56,20:05,9,1. นรากร แสนโสม,รถ : กระเช้าธาตุพนม,FUSE LINK 22 KV. 20 A.EEI-NEMA TYPE K,3,,2026-05-19
2230,19 พ.ค. 2569,19:57,20:06,9,กฟส.ท่าอุเทน (XS),NNA01VF-223,842,ฝนตก ฟ้าคะนอง,ต้นไม้-กิ่งไม้หักพาดสาย,ศจฟ,19:57,18:59,20:08,69,1. ปรินทร์ บุญเทียม  | 2. อภิรักษ์ สาตะรักษ์,รถ : รถมอไซค์พ่วงข้าง,FUSE LINK 22 KV. 30 A.EEI-NEMA TYPE K,2,,2026-05-19
2231,19 พ.ค. 2569,20:06,20:40,33,กฟส.ธาตุพนม (S),THA06VF-049,270,ลมแรง,ต้นไม้-กิ่งไม้หักพาดสาย,ศจฟ,20:06,20:12,09:32,800,1. นรากร แสนโสม,รถ : กระเช้าธาตุพนม,FUSE LINK 22 KV. 20 A.EEI-NEMA TYPE K,3,,2026-05-19
2232,20 พ.ค. 2569,,10:30,0,กฟส.ศรีสงคราม (XS),SSK02VF-034,207,ฝนตก ลมแรง,ภัยธรรมชาติ-พายุฤดูร้อน/พายุดีเปรสชั่น,ศจฟ,12:10,09:30,10:30,60,1. ปัญจพงษ์ เศรษฐาไชย  | 2. ศิลารักษ์ วิภา,รถ : ศรีสงคราม 02,FUSE LINK 22 KV. 25 A.EEI-NEMA TYPE K,3,,2026-05-20
2233,20 พ.ค. 2569,,11:00,0,กฟส.ศรีสงคราม (XS),SSK08VF-020,124,ฝนตก ลมแรง,ภัยธรรมชาติ-พายุฤดูร้อน/พายุดีเปรสชั่น,ศจฟ,12:10,10:30,11:00,30,1. ปัญจพงษ์ เศรษฐาไชย  | 2. ศิลารักษ์ วิภา,รถ : ศรีสงคราม 02,FUSE LINK 22 KV. 30 A.EEI-NEMA TYPE K,3,,2026-05-20
2234,20 พ.ค. 2569,,13:20,0,กฟส.บ้านแพง (S),SSK08F-71,23,ฝนตก ลมแรง,ภัยธรรมชาติ-พายุฤดูร้อน/พายุดีเปรสชั่น,ศจฟ,14:48,12:05,12:55,50,1. รชานนท์ โมธรรม,รถ : กระเช้าบ้านแพง,FUSE LINK 22 KV. 20 A.EEI-NEMA TYPE K,1,,2026-05-20
2235,20 พ.ค. 2569,,14:30,0,กฟส.บ้านแพง (S),SSK08F-125,63,ฝนตก ลมแรง,ภัยธรรมชาติ-พายุฤดูร้อน/พายุดีเปรสชั่น,ศจฟ,14:53,14:35,15:30,55,1. รชานนท์ โมธรรม,รถ : กระเช้าบ้านแพง,FUSE LINK 22 KV. 15 A.EEI-NEMA TYPE K,1,,2026-05-20
2236,20 พ.ค. 2569,,15:40,0,กฟส.บ้านแพง (S),SSK08F-65-1,520,ฝนตก ลมแรง,ภัยธรรมชาติ-พายุฤดูร้อน/พายุดีเปรสชั่น,ศจฟ,14:56,14:59,15:40,41,1. รชานนท์ โมธรรม,รถ : กระเช้าบ้านแพง,FUSE LINK 22 KV. 25 A.EEI-NEMA TYPE K,2,,2026-05-20
2237,20 พ.ค. 2569,08:19,02:36,0,กฟส.ท่าอุเทน (XS),SSK02VF-201,628,ฝนตก ฟ้าคะนอง,ต้นไม้-กิ่งไม้หักพาดสาย,ศจฟ,08:19,00:03,02:37,154,1. อภิรักษ์ สาตะรักษ์,รถ : รถมอไซค์พ่วงข้าง,FUSE LINK 22 KV. 25 A.EEI-NEMA TYPE K,3,,2026-05-20
2238,20 พ.ค. 2569,08:20,08:32,12,กฟส.นาหว้า (XS),62-000660,29,ฝนตก ฟ้าคะนอง,ต้นไม้-กิ่งไม้หักพาดสาย,ศจฟ,08:20,08:30,08:42,12,1. อัมรินทร์ วะราวัง,รถ : นาหว้า 02,"CABLE,AL,750 V,50 SQ.MM. TIS.293",18,,2026-05-20
2239,20 พ.ค. 2569,09:13,09:52,38,กฟส.โพนสวรรค์ (XS),NNA01F-45,877,ฝนตก ลมแรง,ภัยธรรมชาติ-พายุฤดูร้อน/พายุดีเปรสชั่น,ศจฟ,09:13,09:13,10:26,73,1. เพชราวุธ โพชราช,รถ : โพนสวรรค์-03,FUSE LINK 22 KV. 25 A.EEI-NEMA TYPE K,2,,2026-05-20
2240,20 พ.ค. 2569,09:16,09:40,24,กฟส.ธาตุพนม (S),THA01VF-001,420,ฝนตก ลมแรง,ต้นไม้-กิ่งไม้หักพาดสาย,ศจฟ,09:16,09:30,09:48,18,1. นรากร แสนโสม,รถ : กระเช้าธาตุพนม,FUSE HOLDER 22 KV. 100 A. 12 KA.,1,,2026-05-20
2241,20 พ.ค. 2569,09:23,09:24,1,กฟส.นาหว้า (XS),63-034767,22,ฝนตก ลมแรง,ต้นไม้-กิ่งไม้หักพาดสาย,ศจฟ,09:23,09:20,09:26,6,1. อัมรินทร์ วะราวัง,รถ : นาหว้า 02,"CONN.,PG,DOUBLE BOLT,AL 25-95 SQ.MM.",11,,2026-05-20
2242,20 พ.ค. 2569,09:38,09:48,10,กฟส.ปลาปาก (XS),NNA07F-57,148,อากาศปกติ,สัตว์-งู,ศจฟ,09:38,09:43,09:52,9,1. นครินทร์ จำปาทิ,รถ : รถแก้ไฟปลาปาก 01,FUSE LINK 22 KV. 15 A.EEI-NEMA TYPE K,2,,2026-05-20
2243,20 พ.ค. 2569,09:49,09:56,7,กฟส.ท่าอุเทน (XS),NNA01VF-224,321,อากาศปกติ,ภัยธรรมชาติ-พายุฤดูร้อน/พายุดีเปรสชั่น,ศจฟ,09:49,00:00,01:30,90,1. ปรินทร์ บุญเทียม,รถ : รถแก้ไฟท่าอุเทน,FUSE LINK 22 KV. 20 A.EEI-NEMA TYPE K,2,,2026-05-20
2244,20 พ.ค. 2569,09:50,10:05,15,กฟส.ปลาปาก (XS),NNA07F-23/1,365,อากาศปกติ,อุปกรณ์-ชำรุด,ศจฟ,09:50,09:56,10:07,11,1. นครินทร์ จำปาทิ,รถ : รถแก้ไฟปลาปาก 01,FUSE HOLDER 22 KV. 100 A. 12 KA.,1,,2026-05-20
2245,20 พ.ค. 2569,09:52,10:00,8,กฟส.ปลาปาก (XS),SCR01F-52364897,34,อากาศปกติ,อุปกรณ์-ชำรุด,ศจฟ,09:52,09:57,10:02,5,1. นครินทร์ จำปาทิ,รถ : รถแก้ไฟปลาปาก 01,"CONN.,PG,TRIPLE BOLT,AL70-18S SQ.MM.",1,,2026-05-20
2246,20 พ.ค. 2569,09:52,10:07,15,กฟส.ท่าอุเทน (XS),BFA09VF-228,41,อากาศชื้น / หมอก,สภาพสิ่งแวดล้อม-ฟ้าผ่า,ศจฟ,09:52,09:59,10:03,4,1. ปรินทร์ บุญเทียม,รถ : รถแก้ไฟท่าอุเทน,FUSE LINK 22 KV. 15 A.EEI-NEMA TYPE K,2,,2026-05-20
2247,20 พ.ค. 2569,09:55,10:03,8,กฟส.ท่าอุเทน (XS),NNA01VF-202,253,อากาศปกติ,สภาพสิ่งแวดล้อม-ฟ้าผ่า,ศจฟ,09:55,01:30,03:00,90,1. ปรินทร์ บุญเทียม,รถ : รถแก้ไฟท่าอุเทน,FUSE LINK 22 KV. 10 A.EEI-NEMA TYPE K,2,,2026-05-20
2248,20 พ.ค. 2569,09:56,10:11,15,กฟส.ปลาปาก (XS),THA06F-122,17,อากาศปกติ,อุปกรณ์-ชำรุด,ศจฟ,09:55,09:56,10:13,17,1. นครินทร์ จำปาทิ,รถ : รถแก้ไฟปลาปาก 01,FUSE LINK 22 KV. 10 A.EEI-NEMA TYPE K,2,,2026-05-20
2249,20 พ.ค. 2569,09:57,10:07,10,กฟส.ธาตุพนม (S),THA04VF-006,343,ฝนตก ฟ้าคะนอง,อุปกรณ์-ชำรุด,ศจฟ,09:57,10:02,10:12,10,1. นรากร แสนโสม,รถ : กระเช้าธาตุพนม,FUSE LINK 22 KV. 25 A.EEI-NEMA TYPE K,3,,2026-05-20
2250,20 พ.ค. 2569,10:05,10:18,13,กฟส.นาหว้า (XS),SSK06F-21,31,ฝนตก ฟ้าคะนอง,อุปกรณ์-ชำรุด,ศจฟ,10:05,10:09,10:26,17,1. อัมรินทร์ วะราวัง,รถ : นาหว้า 02,"EPR, HIGH-VOLTAGE INSULATING TAPE",5,,2026-05-20
2251,20 พ.ค. 2569,10:07,10:19,12,กฟส.ธาตุพนม (S),65-028138,38,ลมแรง,อุปกรณ์-ชำรุด,ศจฟ,10:07,10:14,10:22,8,1. นรากร แสนโสม,รถ : กระเช้าธาตุพนม,FUSE HOLDER 22 KV. 100 A. 12 KA.,1,,2026-05-20
2252,20 พ.ค. 2569,10:11,10:34,22,กฟส.ปลาปาก (XS),NNA07F-37,386,อากาศปกติ,อุปกรณ์-ชำรุด,ศจฟ,10:11,10:15,10:35,20,1. นครินทร์ จำปาทิ,รถ : รถแก้ไฟปลาปาก 01,FUSE LINK 22 KV. 15 A.EEI-NEMA TYPE K,2,,2026-05-20
2253,20 พ.ค. 2569,10:12,10:18,6,กฟส.ท่าอุเทน (XS),BFA09VF-221,756,อากาศชื้น / หมอก,สภาพสิ่งแวดล้อม-ฟ้าผ่า,ศจฟ,10:12,10:15,10:18,3,1. ปรินทร์ บุญเทียม,รถ : รถแก้ไฟท่าอุเทน,FUSE LINK 22 KV. 10 A.EEI-NEMA TYPE K,2,,2026-05-20
2254,20 พ.ค. 2569,10:13,10:20,7,กฟส.ท่าอุเทน (XS),BFA09VF-205,55,อากาศชื้น / หมอก,สภาพสิ่งแวดล้อม-ฟ้าผ่า,ศจฟ,10:13,10:18,10:23,5,1. ปรินทร์ บุญเทียม,รถ : รถแก้ไฟท่าอุเทน,FUSE LINK 22 KV. 15 A.EEI-NEMA TYPE K,3,,2026-05-20
2255,20 พ.ค. 2569,10:14,10:24,10,กฟส.ท่าอุเทน (XS),SSK02VF-258,713,อากาศปกติ,สภาพสิ่งแวดล้อม-ฟ้าผ่า,ศจฟ,10:14,10:19,10:25,6,1. ปรินทร์ บุญเทียม,รถ : รถแก้ไฟท่าอุเทน,FUSE LINK 22 KV. 30 A.EEI-NEMA TYPE K,3,,2026-05-20
2256,20 พ.ค. 2569,10:17,10:30,13,กฟส.ธาตุพนม (S),THA06VF-041,87,ฝนตก ลมแรง,สภาพสิ่งแวดล้อม-ฟ้าผ่า,ศจฟ,10:17,10:24,10:33,9,1. นรากร แสนโสม,รถ : กระเช้าธาตุพนม,FUSE HOLDER 22 KV. 100 A. 12 KA.,1,,2026-05-20
2257,20 พ.ค. 2569,10:19,10:28,9,กฟส.เรณูนคร (XS),5600189046,1,ฝนตก ลมแรง,อุปกรณ์-ชำรุด,ศจฟ,10:19,09:25,10:34,69,1. ณวุฒิ กลางประพันธ์,รถ : 80-7964 นพ รณ.01,"CABLE,CU,PVC,INS.&JAC. 600V, 2X10 SQ.MM.",6,,2026-05-20
2258,20 พ.ค. 2569,10:30,11:08,38,กฟส.ศรีสงคราม (XS),SSK02VF-010,1,ฝนตก ลมแรง,ภัยธรรมชาติ-พายุฤดูร้อน/พายุดีเปรสชั่น,ศจฟ,10:30,10:30,11:23,53,1. ปัญจพงษ์ เศรษฐาไชย,รถ : ศรีสงคราม 03,FUSE LINK 22 KV. 10 A.EEI-NEMA TYPE K,3,,2026-05-20
2259,20 พ.ค. 2569,10:33,11:36,63,กฟส.ธาตุพนม (S),63-023309,180,ฝนตก ลมแรง,ภัยธรรมชาติ-พายุฤดูร้อน/พายุดีเปรสชั่น,ศจฟ,10:33,10:40,11:45,65,1. ณวุฒิ กลางประพันธ์  | 2. นรากร แสนโสม,รถ : กระเช้าธาตุพนม,"CABLE LUG,NEMA 2-HOLE,AL 50 SQ.MM.",5,,2026-05-20
2260,20 พ.ค. 2569,11:20,12:25,64,กฟส.นาแก (S),THA03VF-227-1,11764,ฝนตก,ภัยธรรมชาติ-พายุฤดูร้อน/พายุดีเปรสชั่น,ศจฟ,11:20,11:31,12:26,55,1. วรพันธุ์ ตันสมรส,รถ : นก-02,"DROPOUT,FUSE,22 KV.100 A.12 KA",2,,2026-05-20
2261,20 พ.ค. 2569,11:26,12:23,56,กฟส.นาแก (S),THA04VF-217,1,ฝนตก,ภัยธรรมชาติ-พายุฤดูร้อน/พายุดีเปรสชั่น,ศจฟ,11:26,11:34,12:24,50,1. วรพันธุ์ ตันสมรส,รถ : นก-02,"DROPOUT,FUSE,22 KV.100 A.12 KA",1,,2026-05-20
2262,20 พ.ค. 2569,11:27,12:27,60,กฟส.นาแก (S),46-006137,99,ฝนตก,ภัยธรรมชาติ-พายุฤดูร้อน/พายุดีเปรสชั่น,ศจฟ,11:27,11:33,12:28,55,1. วรพันธุ์ ตันสมรส,รถ : นก-02,"DROPOUT,FUSE,22 KV.100 A.12 KA",2,,2026-05-20
2263,20 พ.ค. 2569,11:31,16:25,294,กฟส.ท่าอุเทน (XS),SSK02VF-201,628,ฝนตก,สภาพสิ่งแวดล้อม-ฟ้าผ่า,ศจฟ,11:31,06:00,08:30,150,1. ปรินทร์ บุญเทียม,รถ : รถแก้ไฟท่าอุเทน,FUSE LINK 22 KV. 30 A.EEI-NEMA TYPE K,4,,2026-05-20
2264,20 พ.ค. 2569,11:33,12:02,29,กฟส.นาหว้า (XS),37-004513,449,ฝนตก,สภาพสิ่งแวดล้อม-ฟ้าผ่า,ศจฟ,11:33,12:00,12:05,5,1. อัมรินทร์ วะราวัง,รถ : นาหว้า 02,FUSE LINK 22 KV. 10 A.EEI-NEMA TYPE K,3,,2026-05-20
2265,20 พ.ค. 2569,11:52,12:00,8,กฟส.ศรีสงคราม (XS),SSK02VF-009,226,ฝนตก ลมแรง,ภัยธรรมชาติ-พายุฤดูร้อน/พายุดีเปรสชั่น,ศจฟ,11:52,11:00,12:00,60,1. ปัญจพงษ์ เศรษฐาไชย  | 2. ศิลารักษ์ วิภา,รถ : ศรีสงคราม 02,FUSE LINK 22 KV. 10 A.EEI-NEMA TYPE K,3,,2026-05-20
2266,20 พ.ค. 2569,11:58,12:30,31,กฟส.ศรีสงคราม (XS),SSK02VF-016,30,ฝนตก ลมแรง,ภัยธรรมชาติ-พายุฤดูร้อน/พายุดีเปรสชั่น,ศจฟ,11:58,12:05,12:53,48,1. ปัญจพงษ์ เศรษฐาไชย,รถ : ศรีสงคราม 03,FUSE LINK 22 KV. 8 A.EEI-NEMA TYPE K,2,,2026-05-20
2267,20 พ.ค. 2569,11:59,08:30,0,กฟส.ศรีสงคราม (XS),SSK07VF-007,1,อากาศชื้น / หมอก,ภัยธรรมชาติ-พายุฤดูร้อน/พายุดีเปรสชั่น,ศจฟ,11:59,08:00,08:30,30,1. ศิลารักษ์ วิภา,รถ : ศรีสงคราม 02,FUSE LINK 22 KV. 10 A.EEI-NEMA TYPE K,2,,2026-05-20
2268,20 พ.ค. 2569,12:00,12:06,6,กฟส.เรณูนคร (XS),THA02F-23,972,ฝนตก ฟ้าคะนอง,ภัยธรรมชาติ-พายุฤดูร้อน/พายุดีเปรสชั่น,ศจฟ,12:00,10:40,11:56,76,1. ณวุฒิ กลางประพันธ์,รถ : 80-7964 นพ รณ.01,FUSE LINK 22 KV. 20 A.EEI-NEMA TYPE K,3,,2026-05-20
2269,20 พ.ค. 2569,12:10,09:30,0,กฟส.ศรีสงคราม (XS),SSK02VF-018,50,ฝนตก ลมแรง,ภัยธรรมชาติ-พายุฤดูร้อน/พายุดีเปรสชั่น,ศจฟ,12:10,08:30,09:30,60,1. ปัญจพงษ์ เศรษฐาไชย  | 2. ศิลารักษ์ วิภา,รถ : ศรีสงคราม 02,FUSE LINK 22 KV. 10 A.EEI-NEMA TYPE K,2,,2026-05-20
2270,20 พ.ค. 2569,12:12,12:27,15,กฟส.ธาตุพนม (S),THA06VF-049,270,ฝนตก ลมแรง,ภัยธรรมชาติ-พายุฤดูร้อน/พายุดีเปรสชั่น,ศจฟ,12:12,12:18,12:30,12,1. ณวุฒิ กลางประพันธ์  | 2. นรากร แสนโสม,รถ : กระเช้าธาตุพนม,FUSE HOLDER 22 KV. 100 A. 12 KA.,2,,2026-05-20
2271,20 พ.ค. 2569,12:22,13:04,42,กฟส.เรณูนคร (XS),59-021165,170,ฝนตก ลมแรง,ภัยธรรมชาติ-พายุฤดูร้อน/พายุดีเปรสชั่น,ศจฟ,12:22,11:57,13:07,70,1. ณวุฒิ กลางประพันธ์,รถ : 80-7964 นพ รณ.01,"H.R.C. FUSE, BLADE CONTACT, 100 A",3,,2026-05-20
2272,20 พ.ค. 2569,12:32,12:53,20,กฟส.ธาตุพนม (S),THA02VF-026,61,ฝนตก ลมแรง,ภัยธรรมชาติ-พายุฤดูร้อน/พายุดีเปรสชั่น,ศจฟ,12:32,12:33,12:56,23,1. ณวุฒิ กลางประพันธ์  | 2. นรากร แสนโสม,รถ : กระเช้าธาตุพนม,FUSE LINK 22 KV. 8 A.EEI-NEMA TYPE K,2,,2026-05-20
2273,20 พ.ค. 2569,12:55,13:10,15,กฟส.ธาตุพนม (S),67-006189,332,ฝนตก ลมแรง,ภัยธรรมชาติ-พายุฤดูร้อน/พายุดีเปรสชั่น,ศจฟ,12:55,13:03,13:12,9,1. ณวุฒิ กลางประพันธ์  | 2. นรากร แสนโสม,รถ : กระเช้าธาตุพนม,FUSE LINK 22 KV. 5-6 A.EEI-NEMA TYPE K,3,,2026-05-20
2274,20 พ.ค. 2569,13:10,13:00,0,กฟส.ศรีสงคราม (XS),SSK04VF-003,7,ฝนตก ลมแรง,ต้นไม้-ต้นไม้ล้มทับสาย,ศจฟ,13:10,12:00,13:00,60,1. ปัญจพงษ์ เศรษฐาไชย  | 2. ศิลารักษ์ วิภา,รถ : ศรีสงคราม 02,FUSE LINK 22 KV. 20 A.EEI-NEMA TYPE K,2,,2026-05-20
2275,20 พ.ค. 2569,13:14,13:35,20,กฟส.ธาตุพนม (S),THA07VF-010,416,ฝนตก ลมแรง,ต้นไม้-กิ่งไม้หักพาดสาย,ศจฟ,13:14,13:15,13:38,23,1. ณวุฒิ กลางประพันธ์  | 2. นรากร แสนโสม,รถ : กระเช้าธาตุพนม,FUSE LINK 22 KV. 10 A.EEI-NEMA TYPE K,4,,2026-05-20
2276,20 พ.ค. 2569,13:16,13:23,7,กฟส.นาหว้า (XS),SSK06F-19,1381,ฝนตก ลมแรง,ต้นไม้-กิ่งไม้หักพาดสาย,ศจฟ,13:16,13:21,13:25,4,1. อัมรินทร์ วะราวัง,รถ : นาหว้า 02,FUSE LINK 22 KV. 15 A.EEI-NEMA TYPE K,3,,2026-05-20
2277,20 พ.ค. 2569,13:26,13:32,6,กฟส.เรณูนคร (XS),THA02F-52,319,อากาศปกติ,สภาพสิ่งแวดล้อม-สภาพสิ่งแวดล้อมอื่นๆ,ศจฟ,13:26,13:10,14:00,50,1. ณวุฒิ กลางประพันธ์,รถ : 80-7964 นพ รณ.01,FUSE LINK 22 KV. 10 A.EEI-NEMA TYPE K,2,,2026-05-20
2278,20 พ.ค. 2569,13:48,16:27,159,กฟส.ท่าอุเทน (XS),NNA08VF-216,38,อากาศปกติ,สภาพสิ่งแวดล้อม-สภาพสิ่งแวดล้อมอื่นๆ,ศจฟ,13:48,13:52,14:10,18,1. ปรินทร์ บุญเทียม,รถ : รถแก้ไฟท่าอุเทน,FUSE LINK 22 KV. 15 A.EEI-NEMA TYPE K,2,,2026-05-20
2279,20 พ.ค. 2569,13:49,15:21,91,กฟส.นาทม (XS),SEK03F-96,35,อากาศปกติ,สภาพสิ่งแวดล้อม-สภาพสิ่งแวดล้อมอื่นๆ,ศจฟ,13:49,13:50,15:29,99,1. วราวุธ นาขมิ้น,รถ : นาทม 02,FUSE LINK 22 KV. 10 A.EEI-NEMA TYPE K,3,,2026-05-20
2280,20 พ.ค. 2569,13:50,14:35,45,กฟส.นาทม (XS),SSK08F-83,27,อากาศปกติ,สภาพสิ่งแวดล้อม-สภาพสิ่งแวดล้อมอื่นๆ,ศจฟ,13:50,13:51,14:41,50,1. วราวุธ นาขมิ้น,รถ : นาทม 02,FUSE LINK 22 KV. 10 A.EEI-NEMA TYPE K,2,,2026-05-20
2281,20 พ.ค. 2569,14:08,16:29,141,กฟส.ท่าอุเทน (XS),NNA08VF-210,95,อากาศปกติ,สภาพสิ่งแวดล้อม-สภาพสิ่งแวดล้อมอื่นๆ,ศจฟ,14:08,14:09,14:30,21,1. ปรินทร์ บุญเทียม,รถ : รถแก้ไฟท่าอุเทน,FUSE LINK 22 KV. 20 A.EEI-NEMA TYPE K,3,,2026-05-20
2282,20 พ.ค. 2569,14:28,14:41,13,กฟส.เรณูนคร (XS),THA02F-51,575,ฝนตก ลมแรง,ภัยธรรมชาติ-พายุฤดูร้อน/พายุดีเปรสชั่น,ศจฟ,14:28,14:01,14:43,42,1. ณวุฒิ กลางประพันธ์,รถ : 80-7964 นพ รณ.01,FUSE LINK 22 KV. 20 A.EEI-NEMA TYPE K,3,,2026-05-20
2283,20 พ.ค. 2569,14:29,15:15,45,กฟส.ธาตุพนม (S),60-011909,89,ฝนตก,ภัยธรรมชาติ-พายุฤดูร้อน/พายุดีเปรสชั่น,ศจฟ,14:29,14:35,15:21,46,1. ณวุฒิ กลางประพันธ์  | 2. นรากร แสนโสม,รถ : กระเช้าธาตุพนม,FUSE LINK 22 KV. 5-6 A.EEI-NEMA TYPE K,3,,2026-05-20
2284,20 พ.ค. 2569,14:31,14:44,13,กฟส.นาหว้า (XS),SSK04VF-101,904,ฝนตก,ภัยธรรมชาติ-พายุฤดูร้อน/พายุดีเปรสชั่น,ศจฟ,14:31,14:43,14:46,3,1. อัมรินทร์ วะราวัง,รถ : นาหว้า 02,"EPR, HIGH-VOLTAGE INSULATING TAPE",5,,2026-05-20
2285,20 พ.ค. 2569,14:40,15:00,20,กฟส.ศรีสงคราม (XS),SSK07VF-004,1596,ฝนตก ฟ้าคะนอง,ภัยธรรมชาติ-พายุฤดูร้อน/พายุดีเปรสชั่น,ศจฟ,14:40,14:44,15:10,26,1. เชาวลิต หัสรินทร์,รถ : ศรีสงคราม 01,FUSE LINK 22 KV. 25 A.EEI-NEMA TYPE K,3,,2026-05-20
2286,20 พ.ค. 2569,14:45,14:51,6,กฟส.เรณูนคร (XS),THA06F-59/1,1842,ฝนตก ลมแรง,ภัยธรรมชาติ-พายุฤดูร้อน/พายุดีเปรสชั่น,ศจฟ,14:45,14:45,15:29,44,1. ณวุฒิ กลางประพันธ์,รถ : 80-7964 นพ รณ.01,FUSE LINK 22 KV. 10 A.EEI-NEMA TYPE K,3,,2026-05-20
2287,20 พ.ค. 2569,14:48,10:22,0,กฟส.บ้านแพง (S),54-003808,242,ฝนตก ลมแรง,ภัยธรรมชาติ-พายุฤดูร้อน/พายุดีเปรสชั่น,ศจฟ,14:48,09:30,10:30,60,1. รชานนท์ โมธรรม,รถ : กระเช้าบ้านแพง,H.R.C. FUSE 50 A.DIN OR BS,2,,2026-05-20
2288,20 พ.ค. 2569,14:50,14:58,8,กฟส.บ้านแพง (S),63-033029,220,ฝนตก ลมแรง,ภัยธรรมชาติ-พายุฤดูร้อน/พายุดีเปรสชั่น,ศจฟ,14:50,09:21,09:40,19,1. รชานนท์ โมธรรม,รถ : กระเช้าบ้านแพง,H.R.C. FUSE 50 A.DIN OR BS,1,,2026-05-20
2289,20 พ.ค. 2569,14:53,13:15,0,กฟส.บ้านแพง (S),65-023668,36,ฝนตก ลมแรง,ภัยธรรมชาติ-พายุฤดูร้อน/พายุดีเปรสชั่น,ศจฟ,14:53,14:05,15:14,69,1. รชานนท์ โมธรรม,รถ : กระเช้าบ้านแพง,"CABLE,AL,750 V,50 SQ.MM. TIS.293",8,,2026-05-20
2290,20 พ.ค. 2569,14:54,15:09,15,กฟส.บ้านแพง (S),61-004908,47,ฝนตก ลมแรง,ภัยธรรมชาติ-พายุฤดูร้อน/พายุดีเปรสชั่น,ศจฟ,14:54,10:00,10:35,35,1. รชานนท์ โมธรรม,รถ : กระเช้าบ้านแพง,H.R.C. FUSE 50 A.DIN OR BS,1,,2026-05-20
2291,20 พ.ค. 2569,14:56,15:03,7,กฟส.บ้านแพง (S),SSK08F-59,751,ฝนตก ลมแรง,ภัยธรรมชาติ-พายุฤดูร้อน/พายุดีเปรสชั่น,ศจฟ,14:56,08:05,08:45,40,1. รชานนท์ โมธรรม,รถ : กระเช้าบ้านแพง,FUSE LINK 22 KV. 25 A.EEI-NEMA TYPE K,2,,2026-05-20
2292,20 พ.ค. 2569,14:56,15:06,10,กฟส.บ้านแพง (S),60-015834,121,ฝนตก ลมแรง,ภัยธรรมชาติ-พายุฤดูร้อน/พายุดีเปรสชั่น,ศจฟ,14:56,10:30,10:55,25,1. รชานนท์ โมธรรม,รถ : กระเช้าบ้านแพง,FUSE LINK 22 KV. 25 A.EEI-NEMA TYPE K,2,,2026-05-20
2293,20 พ.ค. 2569,15:01,15:03,2,กฟส.นาหว้า (XS),SSK04VF-107,866,ฝนตก ลมแรง,ภัยธรรมชาติ-พายุฤดูร้อน/พายุดีเปรสชั่น,ศจฟ,15:01,15:02,15:27,25,1. อัมรินทร์ วะราวัง,รถ : นาหว้า 02,FUSE LINK 22 KV. 10 A.EEI-NEMA TYPE K,3,,2026-05-20
2294,20 พ.ค. 2569,20:12,21:50,97,กฟส.นาหว้า (XS),SSK04VF-130,2,ฝนตก ลมแรง,ภัยธรรมชาติ-พายุฤดูร้อน/พายุดีเปรสชั่น,ศจฟ,20:12,21:47,21:52,5,1. อัมรินทร์ วะราวัง,รถ : -,FUSE LINK 22 KV. 25 A.EEI-NEMA TYPE K,3,,2026-05-20
2295,20 พ.ค. 2569,20:56,21:44,47,กฟส.นาแก (S),THA03VF-203-2,11764,ฝนตก,ต้นไม้-กิ่งไม้หักพาดสาย,ศจฟ,20:56,21:38,21:46,8,1. พิษณุ คำคนซื่อ,รถ : นก-03,FUSE LINK 22 KV. 10 A.EEI-NEMA TYPE K,2,,2026-05-20
2296,20 พ.ค. 2569,22:05,22:06,1,กฟส.นาหว้า (XS),SSK04VF-153,602,ฝนตก,ต้นไม้-กิ่งไม้หักพาดสาย,ศจฟ,22:05,22:06,22:08,2,1. อัมรินทร์ วะราวัง,รถ : -,FUSE LINK 22 KV. 10 A.EEI-NEMA TYPE K,3,,2026-05-20
2297,21 พ.ค. 2569,,21:00,0,กฟส.ท่าอุเทน (XS),SSK02VF-267,1,ฝนตก,อุปกรณ์-ชำรุด,ศจฟ,09:37,20:00,21:20,80,1. สุรธวัช วุฒิสาร,รถ : รถแก้ไฟท่าอุเทน,FUSE LINK 22 KV. 10 A.EEI-NEMA TYPE K,2,,2026-05-21
2298,21 พ.ค. 2569,,14:05,0,กฟส.บ้านแพง (S),47-000445,49,ฝนตก ลมแรง,ภัยธรรมชาติ-พายุฤดูร้อน/พายุดีเปรสชั่น,ศจฟ,10:08,13:10,14:00,50,1. รชานนท์ โมธรรม,รถ : กระเช้าบ้านแพง,"H.R.C. FUSE, BLADE CONTACT, 50 A",2,,2026-05-21
2299,21 พ.ค. 2569,05:20,08:06,166,กฟส.โพนสวรรค์ (XS),SSK07F-03,54,ฝนตก ฟ้าคะนอง,ภัยธรรมชาติ-พายุฤดูร้อน/พายุดีเปรสชั่น,ศจฟ,05:20,17:41,19:35,114,1. เพชราวุธ โพชราช,รถ : โพนสวรรค์-03,"CABLE,AERIAL,AL 22 KV. 1X50 SQ.MM.",5,,2026-05-21
2300,21 พ.ค. 2569,06:00,08:20,140,กฟส.โพนสวรรค์ (XS),SSS01F-12142,5,ฝนตก ฟ้าคะนอง,ภัยธรรมชาติ-พายุฤดูร้อน/พายุดีเปรสชั่น,ศจฟ,06:00,03:10,05:07,117,1. เพชราวุธ โพชราช,รถ : โพนสวรรค์-02,"CABLE,AERIAL,AL 22 KV. 1X50 SQ.MM.",5,,2026-05-21
2301,21 พ.ค. 2569,07:00,08:11,70,กฟส.โพนสวรรค์ (XS),SSK07F-08,2196,ฝนตก ฟ้าคะนอง,ภัยธรรมชาติ-พายุฤดูร้อน/พายุดีเปรสชั่น,ศจฟ,07:00,19:48,21:41,113,1. เพชราวุธ โพชราช,รถ : โพนสวรรค์-02,FUSE LINK 22 KV. 25 A.EEI-NEMA TYPE K,3,,2026-05-21
2302,21 พ.ค. 2569,07:00,08:16,76,กฟส.โพนสวรรค์ (XS),SSK07F-10,449,ฝนตก ฟ้าคะนอง,ภัยธรรมชาติ-พายุฤดูร้อน/พายุดีเปรสชั่น,ศจฟ,07:00,01:44,03:01,77,1. เพชราวุธ โพชราช,รถ : โพนสวรรค์-03,FUSE LINK 22 KV. 15 A.EEI-NEMA TYPE K,2,,2026-05-21
2303,21 พ.ค. 2569,07:00,08:24,84,กฟส.โพนสวรรค์ (XS),64-016114,27,ฝนตก ฟ้าคะนอง,ภัยธรรมชาติ-พายุฤดูร้อน/พายุดีเปรสชั่น,ศจฟ,07:00,05:37,06:53,76,1. เพชราวุธ โพชราช,รถ : โพนสวรรค์-02,"H.R.C. FUSE, BLADE CONTACT, 100 A",2,,2026-05-21
2304,21 พ.ค. 2569,09:31,09:00,0,กฟส.ศรีสงคราม (XS),29-016898,449,ฝนตก,อุปกรณ์-ชำรุด,ศจฟ,09:31,08:00,09:00,60,1. ศิลารักษ์ วิภา,รถ : ศรีสงคราม 02,"H.R.C. FUSE, BLADE CONTACT, 100 A",2,,2026-05-21
2305,21 พ.ค. 2569,09:32,22:00,0,กฟส.ท่าอุเทน (XS),NNA08VF-211,25,ฝนตก,อุปกรณ์-ชำรุด,ศจฟ,09:32,21:30,22:30,60,1. สุรธวัช วุฒิสาร,รถ : รถแก้ไฟท่าอุเทน,FUSE LINK 22 KV. 15 A.EEI-NEMA TYPE K,1,,2026-05-21
2306,21 พ.ค. 2569,09:36,19:00,0,กฟส.ท่าอุเทน (XS),SSK02VF-251,112,ฝนตก,อุปกรณ์-ชำรุด,ศจฟ,09:36,18:00,18:50,50,1. สุรธวัช วุฒิสาร,รถ : รถแก้ไฟท่าอุเทน,FUSE LINK 22 KV. 20 A.EEI-NEMA TYPE K,1,,2026-05-21
2307,21 พ.ค. 2569,09:37,10:20,42,กฟส.ธาตุพนม (S),THA06VF-011,14155,ลมแรง,อุปกรณ์-ชำรุด,ศจฟ,09:37,09:38,10:28,50,1. ณวุฒิ กลางประพันธ์  | 2. นรากร แสนโสม,รถ : กระเช้าธาตุพนม,FUSE LINK 22 KV. 20 A.EEI-NEMA TYPE K,3,,2026-05-21
2308,21 พ.ค. 2569,09:37,10:37,60,กฟส.ธาตุพนม (S),63-023309,180,ฝนตก,อุปกรณ์-ชำรุด,ศจฟ,09:37,09:39,10:39,60,1. ณวุฒิ กลางประพันธ์  | 2. นรากร แสนโสม,รถ : กระเช้าธาตุพนม,"CABLE,AL,750 V,50 SQ.MM. TIS.293",5,,2026-05-21
2309,21 พ.ค. 2569,09:39,09:52,13,กฟส.เรณูนคร (XS),THA02F-68,1522,ฝนตก ฟ้าคะนอง,ภัยธรรมชาติ-พายุฤดูร้อน/พายุดีเปรสชั่น,ศจฟ,09:39,08:40,09:40,60,1. ณวุฒิ กลางประพันธ์,รถ : 80-7964 นพ รณ.01,FUSE LINK 22 KV. 3 A.EEI-NEMA TYPE K,1,,2026-05-21
2310,21 พ.ค. 2569,09:49,10:06,17,กฟส.นาหว้า (XS),SSK04VF-107,866,ฝนตก ฟ้าคะนอง,ภัยธรรมชาติ-พายุฤดูร้อน/พายุดีเปรสชั่น,ศจฟ,09:49,10:06,10:09,3,1. อัมรินทร์ วะราวัง,รถ : นาหว้า 02,"CABLE LUG,NEMA 2-HOLE,AL 185 SQ.MM.",3,,2026-05-21
2311,21 พ.ค. 2569,10:07,10:05,0,กฟส.บ้านแพง (S),SSK08F-5321,20,ฝนตก ลมแรง,ภัยธรรมชาติ-พายุฤดูร้อน/พายุดีเปรสชั่น,ศจฟ,10:07,09:07,09:40,33,1. รชานนท์ โมธรรม,รถ : กระเช้าบ้านแพง,FUSE LINK 22 KV. 25 A.EEI-NEMA TYPE K,3,,2026-05-21
2312,21 พ.ค. 2569,10:08,10:15,0,กฟส.บ้านแพง (S),51-115754,1,ฝนตก ลมแรง,ภัยธรรมชาติ-พายุฤดูร้อน/พายุดีเปรสชั่น,ศจฟ,10:08,09:09,09:55,46,1. รชานนท์ โมธรรม,รถ : กระเช้าบ้านแพง,H.R.C. FUSE 50 A.DIN OR BS,2,,2026-05-21
2313,21 พ.ค. 2569,10:09,15:15,0,กฟส.บ้านแพง (S),63-029544,154,ฝนตก ฟ้าคะนอง,ภัยธรรมชาติ-พายุฤดูร้อน/พายุดีเปรสชั่น,ศจฟ,10:09,14:15,14:55,40,1. รชานนท์ โมธรรม,รถ : กระเช้าบ้านแพง,FUSE LINK 22 KV. 20 A.EEI-NEMA TYPE K,2,,2026-05-21
2314,21 พ.ค. 2569,10:10,14:50,0,กฟส.บ้านแพง (S),SEK01F-61-2,17,ฝนตก ลมแรง,ภัยธรรมชาติ-พายุฤดูร้อน/พายุดีเปรสชั่น,ศจฟ,10:10,14:05,14:40,35,1. รชานนท์ โมธรรม,รถ : กระเช้าบ้านแพง,FUSE LINK 22 KV. 25 A.EEI-NEMA TYPE K,2,,2026-05-21
2315,21 พ.ค. 2569,10:12,14:30,0,กฟส.บ้านแพง (S),SSK08F-60,10,ฝนตก ลมแรง,ภัยธรรมชาติ-พายุฤดูร้อน/พายุดีเปรสชั่น,ศจฟ,10:12,12:20,14:07,107,1. รชานนท์ โมธรรม,รถ : กระเช้าบ้านแพง,FUSE LINK 22 KV. 25 A.EEI-NEMA TYPE K,2,,2026-05-21
2316,21 พ.ค. 2569,10:13,11:30,0,กฟส.บ้านแพง (S),SSK08F-58,189,ฝนตก ลมแรง,ภัยธรรมชาติ-พายุฤดูร้อน/พายุดีเปรสชั่น,ศจฟ,10:13,10:13,11:15,62,1. รชานนท์ โมธรรม,รถ : กระเช้าบ้านแพง,FUSE LINK 22 KV. 30 A.EEI-NEMA TYPE K,3,,2026-05-21
2317,21 พ.ค. 2569,10:14,14:10,0,กฟส.บ้านแพง (S),SSK0165002589,17,ฝนตก ลมแรง,ภัยธรรมชาติ-พายุฤดูร้อน/พายุดีเปรสชั่น,ศจฟ,10:14,12:30,13:10,40,1. รชานนท์ โมธรรม,รถ : กระเช้าบ้านแพง,FUSE HOLDER 22 KV. 100 A. 12 KA.,2,,2026-05-21
2318,21 พ.ค. 2569,10:16,10:15,0,กฟส.บ้านแพง (S),SSK08F-56,5,ฝนตก ลมแรง,ภัยธรรมชาติ-พายุฤดูร้อน/พายุดีเปรสชั่น,ศจฟ,10:16,10:17,11:05,48,1. รชานนท์ โมธรรม,รถ : กระเช้าบ้านแพง,"CABLE,AL,750 V,50 SQ.MM. TIS.293",5,,2026-05-21
2319,21 พ.ค. 2569,10:17,11:25,0,กฟส.บ้านแพง (S),SSK08F-55,477,ฝนตก ลมแรง,ภัยธรรมชาติ-พายุฤดูร้อน/พายุดีเปรสชั่น,ศจฟ,10:17,10:19,12:15,116,1. รชานนท์ โมธรรม,รถ : กระเช้าบ้านแพง,"CABLE,AL,750 V,50 SQ.MM. TIS.293",6,,2026-05-21
2320,21 พ.ค. 2569,10:19,10:30,11,กฟส.เรณูนคร (XS),THA02F-56,905,ฝนตก ลมแรง,สภาพสิ่งแวดล้อม-สภาพสิ่งแวดล้อมอื่นๆ,ศจฟ,10:19,09:41,10:36,55,1. ณวุฒิ กลางประพันธ์,รถ : 80-7964 นพ รณ.01,FUSE LINK 22 KV. 10 A.EEI-NEMA TYPE K,3,,2026-05-21
2321,21 พ.ค. 2569,10:24,15:33,309,กฟส.นาทม (XS),SEK03F-89,320,ฝนตก,ต้นไม้-กิ่งไม้หักพาดสาย,ศจฟ,10:24,10:29,15:35,306,1. อิทธิพันธ์ กาวรรณธง,รถ : นาทม 02,FUSE LINK 22 KV. 25 A.EEI-NEMA TYPE K,3,,2026-05-21
2322,21 พ.ค. 2569,10:29,15:51,322,กฟส.นาทม (XS),SSK08F-84,203,ฝนตก,ต้นไม้-กิ่งไม้หักพาดสาย,ศจฟ,10:29,15:29,15:52,23,1. อิทธิพันธ์ กาวรรณธง,รถ : นาทม 02,FUSE LINK 22 KV. 15 A.EEI-NEMA TYPE K,2,,2026-05-21
2323,21 พ.ค. 2569,10:29,18:04,455,กฟส.นาทม (XS),SSK08F-85,732,ฝนตก,ต้นไม้-กิ่งไม้หักพาดสาย,ศจฟ,10:29,17:29,18:05,36,1. อิทธิพันธ์ กาวรรณธง,รถ : นาทม 02,FUSE LINK 22 KV. 25 A.EEI-NEMA TYPE K,1,,2026-05-21
2324,21 พ.ค. 2569,10:30,11:46,76,กฟส.วังยาง (XS),66-018703,87,อากาศชื้น / หมอก,อุปกรณ์-ชำรุด,ศจฟ,10:30,10:42,11:48,66,1. อนุรักษ์ วงค์จันดี,รถ : วย.02,FUSE LINK 22 KV. 40 A.EEI-NEMA TYPE K,1,,2026-05-21
2325,21 พ.ค. 2569,10:30,18:47,497,กฟส.นาทม (XS),SEK03F-582,5,อากาศชื้น / หมอก,อุปกรณ์-ชำรุด,ศจฟ,10:30,18:09,18:47,38,1. อิทธิพันธ์ กาวรรณธง,รถ : นาทม 02,FUSE LINK 22 KV. 15 A.EEI-NEMA TYPE K,3,,2026-05-21
2326,21 พ.ค. 2569,10:33,17:35,422,กฟส.นาทม (XS),51-002663,65,ฝนตก,อุปกรณ์-ชำรุด,ศจฟ,10:33,10:34,17:36,422,1. อิทธิพันธ์ กาวรรณธง,รถ : นาทม 02,"H.R.C. FUSE, BLADE CONTACT, 50 A",1,,2026-05-21
2327,21 พ.ค. 2569,10:33,19:00,507,กฟส.นาทม (XS),SEK03-200-2,1,ฝนตก,ต้นไม้-กิ่งไม้หักพาดสาย,ศจฟ,10:33,18:11,19:01,50,1. อิทธิพันธ์ กาวรรณธง,รถ : นาทม 02,FUSE LINK 22 KV. 15 A.EEI-NEMA TYPE K,3,,2026-05-21
2328,21 พ.ค. 2569,10:35,18:19,464,กฟส.นาทม (XS),SEK03F-82,25,อากาศปกติ,สัตว์-กระรอก/กระแต/หนู,ศจฟ,10:35,10:39,18:21,462,1. อิทธิพันธ์ กาวรรณธง,รถ : นาทม 02,FUSE LINK 22 KV. 10 A.EEI-NEMA TYPE K,1,,2026-05-21
2329,21 พ.ค. 2569,10:38,11:10,31,กฟส.ธาตุพนม (S),THA01VF-31,0,ลมแรง,สัตว์-กระรอก/กระแต/หนู,ศจฟ,10:38,11:05,11:18,13,1. ณวุฒิ กลางประพันธ์  | 2. นรากร แสนโสม,รถ : กระเช้าธาตุพนม,FUSE LINK 22 KV. 30 A.EEI-NEMA TYPE K,3,,2026-05-21
2330,21 พ.ค. 2569,10:39,10:45,6,กฟส.นาหว้า (XS),SSK06F-12,782,ลมแรง,สัตว์-กระรอก/กระแต/หนู,ศจฟ,10:39,10:44,10:47,3,1. อัมรินทร์ วะราวัง,รถ : นาหว้า 02,"CABLE LUG,NEMA 2-HOLE,AL 185 SQ.MM.",3,,2026-05-21
2331,21 พ.ค. 2569,10:39,17:49,430,กฟส.นาทม (XS),SEK03F-85,43,ฝนตก,ต้นไม้-กิ่งไม้หักพาดสาย,ศจฟ,10:39,10:40,17:52,432,1. อิทธิพันธ์ กาวรรณธง,รถ : นาทม 02,FUSE LINK 22 KV. 25 A.EEI-NEMA TYPE K,1,,2026-05-21
2332,21 พ.ค. 2569,11:08,11:00,0,กฟส.ศรีสงคราม (XS),5801292866,1,ฝนตก ลมแรง,ภัยธรรมชาติ-พายุฤดูร้อน/พายุดีเปรสชั่น,ศจฟ,11:08,10:00,11:00,60,1. วุฒิชัย เหมเมือง  | 2. ศิลารักษ์ วิภา,รถ : ศรีสงคราม 02,"CABLE,AL,750 V,50 SQ.MM. TIS.293",8,,2026-05-21
2333,21 พ.ค. 2569,11:25,12:19,54,กฟส.ศรีสงคราม (XS),28989260,1,ฝนตก,อุปกรณ์-ชำรุด,ศจฟ,11:25,11:30,12:20,50,1. วุฒิชัย เหมเมือง  | 2. ศิลารักษ์ วิภา,รถ : ศรีสงคราม 03,"CONN.,PG,DOUBLE BOLT,AL 16-70 SQ.MM.",2,,2026-05-21
2334,21 พ.ค. 2569,11:27,01:40,0,กฟส.โพนสวรรค์ (XS),SSK07F-07,3465,ฝนตก ฟ้าคะนอง,ภัยธรรมชาติ-พายุฤดูร้อน/พายุดีเปรสชั่น,ศจฟ,11:27,00:35,02:15,100,1. วสุธา หล้าพรหม,รถ : โพนสวรรค์-03,FUSE LINK 22 KV. 25 A.EEI-NEMA TYPE K,2,,2026-05-21
2335,21 พ.ค. 2569,12:03,07:40,0,กฟส.โพนสวรรค์ (XS),SSK07F-04,36,ฝนตก ฟ้าคะนอง,ภัยธรรมชาติ-พายุฤดูร้อน/พายุดีเปรสชั่น,ศจฟ,12:03,06:30,08:20,110,1. วสุธา หล้าพรหม,รถ : โพนสวรรค์-03,FUSE LINK 22 KV. 15 A.EEI-NEMA TYPE K,2,,2026-05-21
2336,21 พ.ค. 2569,12:13,01:30,0,กฟส.โพนสวรรค์ (XS),SSK09F-08,295,ฝนตก ลมแรง,ภัยธรรมชาติ-พายุฤดูร้อน/พายุดีเปรสชั่น,ศจฟ,12:13,00:40,02:10,90,1. วสุธา หล้าพรหม,รถ : โพนสวรรค์-03,FUSE LINK 22 KV. 20 A.EEI-NEMA TYPE K,1,,2026-05-21
2337,21 พ.ค. 2569,12:37,07:10,0,กฟส.โพนสวรรค์ (XS),63-030759,90,ฝนตก ลมแรง,ภัยธรรมชาติ-พายุฤดูร้อน/พายุดีเปรสชั่น,ศจฟ,12:37,06:25,07:40,75,1. วสุธา หล้าพรหม,รถ : โพนสวรรค์-03,FUSE LINK 22 KV. 3 A.EEI-NEMA TYPE K,1,,2026-05-21
2338,21 พ.ค. 2569,12:52,14:30,97,กฟส.ธาตุพนม (S),THA01VF-024,32,อากาศปกติ,ภัยธรรมชาติ-พายุฤดูร้อน/พายุดีเปรสชั่น,ศจฟ,12:52,12:53,14:34,101,1. ณวุฒิ กลางประพันธ์  | 2. นรากร แสนโสม,รถ : กระเช้าธาตุพนม,FUSE LINK 22 KV. 15 A.EEI-NEMA TYPE K,3,,2026-05-21
2339,21 พ.ค. 2569,15:04,15:18,14,กฟส.เรณูนคร (XS),55-005450,162,ฝนตก ลมแรง,ภัยธรรมชาติ-พายุฤดูร้อน/พายุดีเปรสชั่น,ศจฟ,15:04,13:01,15:15,134,1. ณวุฒิ กลางประพันธ์,รถ : 80-7964 นพ รณ.01,"CONN.,PG,DOUBLE BOLT,AL 25-95 SQ.MM.",2,,2026-05-21
2340,21 พ.ค. 2569,15:26,16:40,73,กฟส.ท่าอุเทน (XS),NNA01VF-224,321,ฝนตก ลมแรง,ภัยธรรมชาติ-พายุฤดูร้อน/พายุดีเปรสชั่น,ศจฟ,15:26,15:34,16:42,68,1. อนุสรณ์ ทองประสม,รถ : รถแก้ไฟท่าอุเทน,FUSE LINK 22 KV. 20 A.EEI-NEMA TYPE K,2,,2026-05-21
2341,21 พ.ค. 2569,15:32,16:44,72,กฟส.ท่าอุเทน (XS),SSK02VF-201,628,ฝนตก ลมแรง,ภัยธรรมชาติ-พายุฤดูร้อน/พายุดีเปรสชั่น,ศจฟ,15:32,15:37,16:46,69,1. อนุสรณ์ ทองประสม,รถ : รถแก้ไฟท่าอุเทน,FUSE LINK 22 KV. 30 A.EEI-NEMA TYPE K,3,,2026-05-21
2342,21 พ.ค. 2569,15:32,16:47,75,กฟส.ท่าอุเทน (XS),BFA09VF-221,756,ฝนตก ลมแรง,ภัยธรรมชาติ-พายุฤดูร้อน/พายุดีเปรสชั่น,ศจฟ,15:32,15:37,16:49,72,1. อนุสรณ์ ทองประสม,รถ : รถแก้ไฟท่าอุเทน,FUSE LINK 22 KV. 20 A.EEI-NEMA TYPE K,1,,2026-05-21
2343,21 พ.ค. 2569,15:36,16:51,75,กฟส.ท่าอุเทน (XS),NNA08VF-210,95,ฝนตก ลมแรง,ภัยธรรมชาติ-พายุฤดูร้อน/พายุดีเปรสชั่น,ศจฟ,15:36,15:41,16:53,72,1. อนุสรณ์ ทองประสม,รถ : รถแก้ไฟท่าอุเทน,FUSE LINK 22 KV. 20 A.EEI-NEMA TYPE K,1,,2026-05-21
2344,21 พ.ค. 2569,15:37,16:53,76,กฟส.ท่าอุเทน (XS),NNA01VF-209,322,ฝนตก ฟ้าคะนอง,ภัยธรรมชาติ-พายุฤดูร้อน/พายุดีเปรสชั่น,ศจฟ,15:37,15:42,16:55,73,1. อนุสรณ์ ทองประสม,รถ : รถแก้ไฟท่าอุเทน,FUSE LINK 22 KV. 15 A.EEI-NEMA TYPE K,1,,2026-05-21
2345,21 พ.ค. 2569,15:38,17:06,88,กฟส.ท่าอุเทน (XS),NNA01VF-223,842,ฝนตก ฟ้าคะนอง,ภัยธรรมชาติ-พายุฤดูร้อน/พายุดีเปรสชั่น,ศจฟ,15:37,15:44,17:08,84,1. อนุสรณ์ ทองประสม,รถ : รถแก้ไฟท่าอุเทน,FUSE LINK 22 KV. 20 A.EEI-NEMA TYPE K,1,,2026-05-21
2346,21 พ.ค. 2569,15:43,17:11,88,กฟส.ท่าอุเทน (XS),NNA01VF-230,467,ฝนตก ลมแรง,ภัยธรรมชาติ-พายุฤดูร้อน/พายุดีเปรสชั่น,ศจฟ,15:43,15:49,17:13,84,1. อนุสรณ์ ทองประสม,รถ : รถแก้ไฟท่าอุเทน,FUSE LINK 22 KV. 30 A.EEI-NEMA TYPE K,1,,2026-05-21
2347,21 พ.ค. 2569,15:44,17:08,84,กฟส.ท่าอุเทน (XS),61-010096,116,ฝนตก ฟ้าคะนอง,ภัยธรรมชาติ-พายุฤดูร้อน/พายุดีเปรสชั่น,ศจฟ,15:44,15:46,17:10,84,1. อนุสรณ์ ทองประสม,รถ : รถแก้ไฟท่าอุเทน,FUSE LINK 22 KV. 5-6 A.EEI-NEMA TYPE K,1,,2026-05-21
2348,21 พ.ค. 2569,15:44,17:18,94,กฟส.ท่าอุเทน (XS),NNA01VF-201,1,ฝนตก ฟ้าคะนอง,ภัยธรรมชาติ-พายุฤดูร้อน/พายุดีเปรสชั่น,ศจฟ,15:44,15:50,17:22,92,1. อนุสรณ์ ทองประสม,รถ : รถแก้ไฟท่าอุเทน,FUSE LINK 22 KV. 5-6 A.EEI-NEMA TYPE K,2,,2026-05-21
2349,21 พ.ค. 2569,15:45,17:14,88,กฟส.ท่าอุเทน (XS),41-007701,228,ฝนตก ฟ้าคะนอง,ภัยธรรมชาติ-พายุฤดูร้อน/พายุดีเปรสชั่น,ศจฟ,15:45,15:50,17:17,87,1. อนุสรณ์ ทองประสม,รถ : รถแก้ไฟท่าอุเทน,"CABLE,AL,750 V,50 SQ.MM. TIS.293",2,,2026-05-21
2350,21 พ.ค. 2569,15:45,17:25,100,กฟส.ท่าอุเทน (XS),SSK02VF-232,36,ฝนตก ลมแรง,ภัยธรรมชาติ-พายุฤดูร้อน/พายุดีเปรสชั่น,ศจฟ,15:45,15:51,17:27,96,1. อนุสรณ์ ทองประสม,รถ : รถแก้ไฟท่าอุเทน,FUSE LINK 22 KV. 8 A.EEI-NEMA TYPE K,1,,2026-05-21
2351,21 พ.ค. 2569,15:46,17:22,96,กฟส.ท่าอุเทน (XS),SSK02VF-265,123,ฝนตก ฟ้าคะนอง,ภัยธรรมชาติ-พายุฤดูร้อน/พายุดีเปรสชั่น,ศจฟ,15:46,15:51,17:24,93,1. อนุสรณ์ ทองประสม,รถ : รถแก้ไฟท่าอุเทน,FUSE LINK 22 KV. 20 A.EEI-NEMA TYPE K,1,,2026-05-21
2352,21 พ.ค. 2569,15:47,17:28,101,กฟส.ท่าอุเทน (XS),58-017412,17,ฝนตก ฟ้าคะนอง,ภัยธรรมชาติ-พายุฤดูร้อน/พายุดีเปรสชั่น,ศจฟ,15:47,15:52,17:30,98,1. อนุสรณ์ ทองประสม,รถ : รถแก้ไฟท่าอุเทน,FUSE LINK 22 KV. 3 A.EEI-NEMA TYPE K,1,,2026-05-21
2353,21 พ.ค. 2569,15:48,17:31,103,กฟส.ท่าอุเทน (XS),36-003944,161,ฝนตก ฟ้าคะนอง,ภัยธรรมชาติ-พายุฤดูร้อน/พายุดีเปรสชั่น,ศจฟ,15:48,15:53,17:35,102,1. อนุสรณ์ ทองประสม,รถ : รถแก้ไฟท่าอุเทน,FUSE LINK 22 KV. 5-6 A.EEI-NEMA TYPE K,1,,2026-05-21
2354,21 พ.ค. 2569,16:00,16:36,36,กฟส.ธาตุพนม (S),34-008731,210,อากาศปกติ,ภัยธรรมชาติ-พายุฤดูร้อน/พายุดีเปรสชั่น,ศจฟ,16:00,16:04,16:38,34,1. ณวุฒิ กลางประพันธ์  | 2. นรากร แสนโสม,รถ : กระเช้าธาตุพนม,"CABLE,AL,750 V,50 SQ.MM. TIS.293",3,,2026-05-21
2355,21 พ.ค. 2569,17:00,18:33,93,กฟจ.นครพนม (L),NNA10VF-001-4,67,ฝนตก ฟ้าคะนอง,ภัยธรรมชาติ-พายุฤดูร้อน/พายุดีเปรสชั่น,ศจฟ,17:00,16:30,17:15,45,1. ถวิล เมษาคุณ  | 2. พงษ์สนิจ ศรีวิชัย  | 3. ภานุวัฒน์ สิงห์ทองไชย  | 4. สันติ อินทิสาร,รถ : 3ฒภ 2576 กทม (นพ 01),"DROPOUT,FUSE,22 KV.100 A.12 KA",1,,2026-05-21
2356,21 พ.ค. 2569,17:00,18:36,96,กฟจ.นครพนม (L),NNB01VF-006,12894,ฝนตก ฟ้าคะนอง,ภัยธรรมชาติ-พายุฤดูร้อน/พายุดีเปรสชั่น,ศจฟ,17:00,17:15,18:00,45,1. ถวิล เมษาคุณ  | 2. พงษ์สนิจ ศรีวิชัย  | 3. ภานุวัฒน์ สิงห์ทองไชย  | 4. สันติ อินทิสาร,รถ : 3ฒภ 2576 กทม (นพ 01),FUSE HOLDER 22 KV. 100 A. 12 KA.,1,,2026-05-21
2357,21 พ.ค. 2569,17:30,18:39,69,กฟจ.นครพนม (L),NNB02VF-015,15,ฝนตก ฟ้าคะนอง,ภัยธรรมชาติ-พายุฤดูร้อน/พายุดีเปรสชั่น,ศจฟ,17:30,18:00,18:40,40,1. ถวิล เมษาคุณ  | 2. พงษ์สนิจ ศรีวิชัย  | 3. ภานุวัฒน์ สิงห์ทองไชย  | 4. สันติ อินทิสาร,รถ : 3ฒภ 2576 กทม (นพ 01),"DROPOUT,FUSE,22 KV.100 A.12 KA",1,,2026-05-21
2358,21 พ.ค. 2569,17:46,18:08,22,กฟส.นาแก (S),53-005390,247,ฝนตก,ภัยธรรมชาติ-พายุฤดูร้อน/พายุดีเปรสชั่น,ศจฟ,17:46,17:47,18:10,23,1. วรพันธุ์ ตันสมรส,รถ : นก-03,"CABLE,AL,750 V,50 SQ.MM. TIS.293",4,,2026-05-21
2359,21 พ.ค. 2569,18:05,19:28,82,กฟจ.นครพนม (L),68-007615,26,ฝนตก ลมแรง,ต้นไม้-กิ่งไม้หักพาดสาย,ศจฟ,18:05,18:06,19:33,87,1. ถวิล เมษาคุณ  | 2. พงษ์สนิจ ศรีวิชัย  | 3. ภานุวัฒน์ สิงห์ทองไชย  | 4. สันติ อินทิสาร,รถ : 81-1269 นพ (นพ 03),FUSE LINK 22 KV. 10 A.EEI-NEMA TYPE K,1,,2026-05-21
2360,21 พ.ค. 2569,18:18,18:55,36,กฟส.ศรีสงคราม (XS),SSK02VF-004,881,ฝนตก ลมแรง,ต้นไม้-ต้นไม้ล้มทับสาย,ศจฟ,18:18,18:22,18:56,34,1. วุฒิชัย เหมเมือง,รถ : ศรีสงคราม 01,FUSE LINK 22 KV. 30 A.EEI-NEMA TYPE K,3,,2026-05-21
2361,21 พ.ค. 2569,19:00,20:18,78,กฟส.นาทม (XS),59-020573,197,ฝนตก ลมแรง,ต้นไม้-ต้นไม้ล้มทับสาย,ศจฟ,19:00,19:25,20:28,63,1. วราวุธ นาขมิ้น,รถ : นาทม 02,"CABLE,AL,750 V,50 SQ.MM. TIS.293",15,,2026-05-21
2362,21 พ.ค. 2569,19:05,21:51,166,กฟจ.นครพนม (L),NNB01VF-023,12894,ฝนตก ฟ้าคะนอง,ต้นไม้-ต้นไม้ล้มทับสาย,ศจฟ,19:05,19:00,20:05,65,1. ถวิล เมษาคุณ  | 2. พงษ์สนิจ ศรีวิชัย  | 3. ภานุวัฒน์ สิงห์ทองไชย  | 4. สันติ อินทิสาร,รถ : 3ฒภ 2576 กทม (นพ 01),FUSE LINK 22 KV. 10 A.EEI-NEMA TYPE K,2,,2026-05-21
2363,21 พ.ค. 2569,19:26,20:01,35,กฟส.บ้านแพง (S),SSK08F-54,313,ฝนตก ลมแรง,ต้นไม้-กิ่งไม้หักพาดสาย,ศจฟ,19:26,19:27,20:25,58,1. จตุรภุช สะท้านอิทธิฤทธิ์,รถ : กระเช้าบ้านแพง,FUSE LINK 22 KV. 10 A.EEI-NEMA TYPE K,3,,2026-05-21
2364,21 พ.ค. 2569,19:27,20:39,72,กฟส.บ้านแพง (S),SSK08F-51-1,18,ฝนตก ลมแรง,ต้นไม้-กิ่งไม้หักพาดสาย,ศจฟ,19:27,19:29,21:18,109,1. จตุรภุช สะท้านอิทธิฤทธิ์,รถ : กระเช้าบ้านแพง,FUSE LINK 22 KV. 15 A.EEI-NEMA TYPE K,2,,2026-05-21
2365,21 พ.ค. 2569,19:45,20:46,61,กฟส.นาทม (XS),SSK08F-91,48,ฝนตก ลมแรง,ต้นไม้-กิ่งไม้หักพาดสาย,ศจฟ,19:45,20:15,20:53,38,1. วราวุธ นาขมิ้น,รถ : นาทม 02,FUSE LINK 22 KV. 15 A.EEI-NEMA TYPE K,3,,2026-05-21
2366,21 พ.ค. 2569,19:45,21:53,128,กฟส.นาทม (XS),SEK03F-87,445,ฝนตก ลมแรง,ต้นไม้-กิ่งไม้หักพาดสาย,ศจฟ,19:45,20:15,22:04,109,1. วราวุธ นาขมิ้น,รถ : นาทม 02,FUSE LINK 22 KV. 25 A.EEI-NEMA TYPE K,3,,2026-05-21
2367,21 พ.ค. 2569,19:46,21:14,88,กฟส.นาทม (XS),SEK03F-85,43,ฝนตก ลมแรง,ต้นไม้-กิ่งไม้หักพาดสาย,ศจฟ,19:45,20:15,21:21,66,1. วราวุธ นาขมิ้น,รถ : นาทม 02,FUSE LINK 22 KV. 20 A.EEI-NEMA TYPE K,2,,2026-05-21
2368,21 พ.ค. 2569,22:00,22:12,12,กฟส.นาทม (XS),59-027086,14,ฝนตก ลมแรง,ต้นไม้-กิ่งไม้หักพาดสาย,ศจฟ,22:00,22:12,22:40,28,1. วราวุธ นาขมิ้น,รถ : นาทม 02,"CABLE,AL,750 V,50 SQ.MM. TIS.293",5,,2026-05-21
2369,21 พ.ค. 2569,22:01,22:30,29,กฟจ.นครพนม (L),NNB01VF-041,1,ฝนตก ลมแรง,ต้นไม้-กิ่งไม้หักพาดสาย,ศจฟ,22:00,22:36,23:45,69,1. ถวิล เมษาคุณ  | 2. พงษ์สนิจ ศรีวิชัย  | 3. ภานุวัฒน์ สิงห์ทองไชย  | 4. สันติ อินทิสาร,รถ : 3ฒภ 2576 กทม (นพ 01),FUSE LINK 22 KV. 25 A.EEI-NEMA TYPE K,2,,2026-05-21
2370,21 พ.ค. 2569,22:01,22:14,13,กฟส.โพนสวรรค์ (XS),SSK09F-38,1085,อากาศชื้น / หมอก,ภัยธรรมชาติ-พายุฤดูร้อน/พายุดีเปรสชั่น,ศจฟ,22:01,17:30,19:30,120,1. วรัญญู สังรวมใจ,รถ : โพนสวรรค์-03,FUSE LINK 22 KV. 15 A.EEI-NEMA TYPE K,1,,2026-05-21
2371,21 พ.ค. 2569,22:39,23:03,24,กฟส.ท่าอุเทน (XS),57-007525,57,ฝนตก,ภัยธรรมชาติ-พายุฤดูร้อน/พายุดีเปรสชั่น,ศจฟ,22:39,22:40,23:06,26,1. อนุสรณ์ ทองประสม,รถ : รถแก้ไฟท่าอุเทน,FUSE LINK 22 KV. 3 A.EEI-NEMA TYPE K,1,,2026-05-21
2372,22 พ.ค. 2569,05:47,06:47,60,กฟส.ท่าอุเทน (XS),NNA01VF-202,253,ฝนตก,ภัยธรรมชาติ-พายุฤดูร้อน/พายุดีเปรสชั่น,ศจฟ,05:47,05:52,06:50,58,1. อนุสรณ์ ทองประสม,รถ : รถแก้ไฟท่าอุเทน,FUSE LINK 22 KV. 25 A.EEI-NEMA TYPE K,1,,2026-05-22
2373,22 พ.ค. 2569,05:52,07:14,82,กฟส.โพนสวรรค์ (XS),NNA01F-38,1744,อากาศชื้น / หมอก,ภัยธรรมชาติ-พายุฤดูร้อน/พายุดีเปรสชั่น,ศจฟ,05:52,05:05,08:30,205,1. วรัญญู สังรวมใจ  | 2. เพชราวุธ โพชราช,รถ : โพนสวรรค์-03,FUSE LINK 22 KV. 40 A.EEI-NEMA TYPE K,2,,2026-05-22
2374,22 พ.ค. 2569,06:46,06:55,9,กฟส.บ้านแพง (S),BFA10VF-101,532,ฝนตก ลมแรง,ต้นไม้-ต้นไม้ล้มทับสาย,ศจฟ,06:46,06:48,07:30,42,1. จตุรภุช สะท้านอิทธิฤทธิ์,รถ : กระเช้าบ้านแพง,FUSE LINK 22 KV. 30 A.EEI-NEMA TYPE K,2,,2026-05-22
2375,22 พ.ค. 2569,06:48,07:45,56,กฟส.บ้านแพง (S),SSK08F-66,593,ฝนตก ลมแรง,ต้นไม้-ลมพัดต้นไม้มาแตะสาย,ศจฟ,06:48,06:48,07:50,62,1. จตุรภุช สะท้านอิทธิฤทธิ์,รถ : กระเช้าบ้านแพง,FUSE LINK 22 KV. 25 A.EEI-NEMA TYPE K,2,,2026-05-22
2376,22 พ.ค. 2569,06:48,08:00,72,กฟส.บ้านแพง (S),BFA01VF-112,751,ฝนตก ฟ้าคะนอง,ต้นไม้-ลมพัดต้นไม้มาแตะสาย,ศจฟ,06:48,06:49,08:20,91,1. จตุรภุช สะท้านอิทธิฤทธิ์,รถ : กระเช้าบ้านแพง,FUSE LINK 22 KV. 15 A.EEI-NEMA TYPE K,2,,2026-05-22
2377,22 พ.ค. 2569,10:00,10:00,0,กฟส.ศรีสงคราม (XS),SSK02VF-015,1638,ฝนตก ลมแรง,ภัยธรรมชาติ-พายุฤดูร้อน/พายุดีเปรสชั่น,ศจฟ,10:00,10:00,11:00,60,1. ศิลารักษ์ วิภา,รถ : ศรีสงคราม 02,FUSE LINK 22 KV. 25 A.EEI-NEMA TYPE K,1,,2026-05-22
2378,22 พ.ค. 2569,10:00,10:40,40,กฟส.นาทม (XS),57-006597,17,ฝนตก ลมแรง,ภัยธรรมชาติ-พายุฤดูร้อน/พายุดีเปรสชั่น,ศจฟ,10:00,10:58,11:28,30,1. วราวุธ นาขมิ้น,รถ : นาทม 02,"CABLE,AL,750 V,50 SQ.MM. TIS.293",5,,2026-05-22
2379,22 พ.ค. 2569,10:00,12:24,144,กฟส.เรณูนคร (XS),THA06F-59/1,1842,ฝนตก ลมแรง,ภัยธรรมชาติ-พายุฤดูร้อน/พายุดีเปรสชั่น,ศจฟ,10:00,09:13,10:15,62,1. ณวุฒิ กลางประพันธ์,รถ : 80-7964 นพ รณ.01,FUSE HOLDER 22 KV. 100 A. 12 KA.,1,,2026-05-22
2380,22 พ.ค. 2569,10:30,10:57,27,กฟส.บ้านแพง (S),34-006075,226,ฝนตก ลมแรง,ภัยธรรมชาติ-พายุฤดูร้อน/พายุดีเปรสชั่น,ศจฟ,10:30,09:10,11:15,125,1. รชานนท์ โมธรรม,รถ : กระเช้าบ้านแพง,"CABLE LUG,NEMA 2-HOLE,AL 50 SQ.MM.",10,,2026-05-22
2381,22 พ.ค. 2569,11:00,11:00,0,กฟจ.นครพนม (L),NNA01VF-028,1856,ฝนตก ลมแรง,ภัยธรรมชาติ-พายุฤดูร้อน/พายุดีเปรสชั่น,ศจฟ,11:00,10:45,11:34,49,1. กิติศักดิ์ หาราช  | 2. ทศวรรษ มังคละคีรี  | 3. ธำรงรัตน์ สระแก้ว,รถ : 3ฒภ 2576 กทม (นพ 01),COVERED TIE WIRE.AL.4.0 MM.,10,,2026-05-22
2382,22 พ.ค. 2569,15:51,15:00,0,กฟส.ศรีสงคราม (XS),SSK06VF-008,160,ฝนตก ฟ้าคะนอง,ภัยธรรมชาติ-พายุฤดูร้อน/พายุดีเปรสชั่น,ศจฟ,15:51,14:00,15:00,60,1. ปัญจพงษ์ เศรษฐาไชย  | 2. ศิลารักษ์ วิภา,รถ : ศรีสงคราม 02,FUSE LINK 22 KV. 10 A.EEI-NEMA TYPE K,2,,2026-05-22
2383,22 พ.ค. 2569,15:51,16:31,40,กฟส.ศรีสงคราม (XS),SSK01VF-028,231,ฝนตก ฟ้าคะนอง,ภัยธรรมชาติ-พายุฤดูร้อน/พายุดีเปรสชั่น,ศจฟ,15:51,15:52,16:32,40,1. ปัญจพงษ์ เศรษฐาไชย,รถ : ศรีสงคราม 03,FUSE LINK 22 KV. 20 A.EEI-NEMA TYPE K,2,,2026-05-22
2384,22 พ.ค. 2569,15:52,14:00,0,กฟส.ศรีสงคราม (XS),SSK08VF-049,47,ฝนตก ฟ้าคะนอง,ภัยธรรมชาติ-พายุฤดูร้อน/พายุดีเปรสชั่น,ศจฟ,15:52,13:00,14:00,60,1. ศิลารักษ์ วิภา,รถ : ศรีสงคราม 02,FUSE LINK 22 KV. 15 A.EEI-NEMA TYPE K,2,,2026-05-22
2385,22 พ.ค. 2569,15:53,17:50,117,กฟส.ศรีสงคราม (XS),SSK07VF-004,1596,ฝนตก ลมแรง,ภัยธรรมชาติ-พายุฤดูร้อน/พายุดีเปรสชั่น,ศจฟ,15:53,15:56,16:15,19,1. ปัญจพงษ์ เศรษฐาไชย,รถ : ศรีสงคราม 03,FUSE LINK 22 KV. 30 A.EEI-NEMA TYPE K,2,,2026-05-22
2386,22 พ.ค. 2569,15:57,17:27,90,กฟส.โพนสวรรค์ (XS),NNA01F-45,877,อากาศปกติ,ภัยธรรมชาติ-พายุฤดูร้อน/พายุดีเปรสชั่น,ศจฟ,15:57,15:58,17:09,71,1. เพชราวุธ โพชราช,รถ : โพนสวรรค์-03,FUSE LINK 22 KV. 25 A.EEI-NEMA TYPE K,2,,2026-05-22
2387,22 พ.ค. 2569,16:00,07:58,0,กฟส.บ้านแพง (S),SSK08F-51-7,29,ฝนตก ฟ้าคะนอง,ภัยธรรมชาติ-พายุฤดูร้อน/พายุดีเปรสชั่น,ศจฟ,16:00,07:09,07:58,49,1. รชานนท์ โมธรรม,รถ : กระเช้าบ้านแพง,FUSE LINK 22 KV. 20 A.EEI-NEMA TYPE K,1,,2026-05-22
2388,22 พ.ค. 2569,16:02,17:22,79,กฟส.ศรีสงคราม (XS),49-002585,244,ฝนตก ลมแรง,ภัยธรรมชาติ-พายุฤดูร้อน/พายุดีเปรสชั่น,ศจฟ,16:02,16:33,17:43,70,1. ปัญจพงษ์ เศรษฐาไชย,รถ : ศรีสงคราม 03,"CABLE,AL,750 V,50 SQ.MM. TIS.293",10,,2026-05-22
2389,22 พ.ค. 2569,16:05,16:35,29,กฟส.บ้านแพง (S),59-011152,5,ฝนตก ฟ้าคะนอง,ภัยธรรมชาติ-พายุโซนร้อน/ใต้ฝุ่น,ศจฟ,16:05,16:06,16:35,29,1. รชานนท์ โมธรรม,รถ : กระเช้าบ้านแพง,FUSE HOLDER 22 KV. 100 A. 12 KA.,1,,2026-05-22
2390,22 พ.ค. 2569,16:06,17:52,106,กฟส.ท่าอุเทน (XS),22-005697,303,ฝนตก ลมแรง,ภัยธรรมชาติ-พายุโซนร้อน/ใต้ฝุ่น,ศจฟ,16:06,16:52,17:54,62,1. อนุสรณ์ ทองประสม  | 2. อภิรักษ์ สาตะรักษ์,รถ : -,FUSE LINK 22 KV. 5-6 A.EEI-NEMA TYPE K,1,,2026-05-22
2391,22 พ.ค. 2569,16:09,16:15,6,กฟส.ปลาปาก (XS),41-007770,264,อากาศปกติ,ภัยธรรมชาติ-พายุโซนร้อน/ใต้ฝุ่น,ศจฟ,16:09,16:11,16:18,7,1. นครินทร์ จำปาทิ,รถ : รถแก้ไฟปลาปาก 01,"CABLE,AL,750 V,50 SQ.MM. TIS.293",20,,2026-05-22
2392,22 พ.ค. 2569,16:56,17:55,58,กฟส.ท่าอุเทน (XS),34-005371,184,ฝนตก,ภัยธรรมชาติ-พายุโซนร้อน/ใต้ฝุ่น,ศจฟ,16:56,16:57,17:57,60,1. อนุสรณ์ ทองประสม  | 2. อภิรักษ์ สาตะรักษ์,รถ : -,"CABLE,AL,750 V,50 SQ.MM. TIS.293",2,,2026-05-22
2393,22 พ.ค. 2569,17:07,17:57,49,กฟส.ท่าอุเทน (XS),61-010096,116,ฝนตก,ภัยธรรมชาติ-พายุโซนร้อน/ใต้ฝุ่น,ศจฟ,17:07,17:08,17:59,51,1. อนุสรณ์ ทองประสม  | 2. อภิรักษ์ สาตะรักษ์,รถ : -,"CABLE,AL,750 V,50 SQ.MM. TIS.293",2,,2026-05-22
2394,22 พ.ค. 2569,17:10,17:27,17,กฟส.ท่าอุเทน (XS),SSK02VF-231,966,ฝนตก,ภัยธรรมชาติ-พายุโซนร้อน/ใต้ฝุ่น,ศจฟ,17:10,08:10,10:28,138,1. อภิรักษ์ สาตะรักษ์,รถ : รถแก้ไฟท่าอุเทน,FUSE LINK 22 KV. 30 A.EEI-NEMA TYPE K,2,,2026-05-22
2395,22 พ.ค. 2569,17:11,17:29,18,กฟส.ท่าอุเทน (XS),SSK02VF-258,713,ฝนตก ฟ้าคะนอง,ภัยธรรมชาติ-พายุโซนร้อน/ใต้ฝุ่น,ศจฟ,17:10,10:11,12:00,109,1. อภิรักษ์ สาตะรักษ์,รถ : รถแก้ไฟท่าอุเทน,FUSE LINK 22 KV. 20 A.EEI-NEMA TYPE K,2,,2026-05-22
2396,22 พ.ค. 2569,17:11,17:31,20,กฟส.ท่าอุเทน (XS),SSK02VF-257,38,ฝนตก ฟ้าคะนอง,ภัยธรรมชาติ-พายุโซนร้อน/ใต้ฝุ่น,ศจฟ,17:11,12:11,13:00,49,1. อภิรักษ์ สาตะรักษ์,รถ : รถแก้ไฟท่าอุเทน,FUSE HOLDER 22 KV. 100 A. 12 KA.,1,,2026-05-22
2397,22 พ.ค. 2569,17:12,17:34,22,กฟส.ท่าอุเทน (XS),NNA08VF-210,95,ฝนตก ฟ้าคะนอง,ภัยธรรมชาติ-พายุโซนร้อน/ใต้ฝุ่น,ศจฟ,17:11,13:12,14:05,53,1. อภิรักษ์ สาตะรักษ์,รถ : รถแก้ไฟท่าอุเทน,FUSE LINK 22 KV. 20 A.EEI-NEMA TYPE K,1,,2026-05-22
2398,22 พ.ค. 2569,17:12,17:36,24,กฟส.ท่าอุเทน (XS),NNA01VF-211,11,ฝนตก ฟ้าคะนอง,ภัยธรรมชาติ-พายุโซนร้อน/ใต้ฝุ่น,ศจฟ,17:12,14:12,15:37,85,1. อภิรักษ์ สาตะรักษ์,รถ : รถแก้ไฟท่าอุเทน,FUSE HOLDER 22 KV. 100 A. 12 KA.,1,,2026-05-22
2399,22 พ.ค. 2569,17:29,18:43,73,กฟส.บ้านแพง (S),6700141539,1,ฝนตก ฟ้าคะนอง,ภัยธรรมชาติ-พายุโซนร้อน/ใต้ฝุ่น,ศจฟ,17:29,17:32,18:43,71,1. สุริยา ทะวงศ์ษา,รถ : กระเช้าบ้านแพง,"CONN.,PG,DOUBLE BOLT,AL 16-70 SQ.MM.",2,,2026-05-22
2400,22 พ.ค. 2569,17:32,17:38,6,กฟส.ท่าอุเทน (XS),NNA01VF-224,321,ฝนตก ฟ้าคะนอง,ภัยธรรมชาติ-พายุโซนร้อน/ใต้ฝุ่น,ศจฟ,17:32,15:05,16:35,90,1. อภิรักษ์ สาตะรักษ์,รถ : รถแก้ไฟท่าอุเทน,FUSE LINK 22 KV. 20 A.EEI-NEMA TYPE K,1,,2026-05-22
2401,22 พ.ค. 2569,17:33,17:39,6,กฟส.ท่าอุเทน (XS),NNA01VF-208,528,ฝนตก ฟ้าคะนอง,ภัยธรรมชาติ-พายุโซนร้อน/ใต้ฝุ่น,ศจฟ,17:33,16:33,17:41,68,1. อภิรักษ์ สาตะรักษ์,รถ : รถแก้ไฟท่าอุเทน,FUSE LINK 22 KV. 15 A.EEI-NEMA TYPE K,1,,2026-05-22
2402,22 พ.ค. 2569,17:40,17:42,2,กฟส.ท่าอุเทน (XS),NNA01VF-209,7071,ฝนตก ฟ้าคะนอง,ภัยธรรมชาติ-พายุโซนร้อน/ใต้ฝุ่น,ศจฟ,17:40,16:41,17:42,61,1. อภิรักษ์ สาตะรักษ์,รถ : รถแก้ไฟท่าอุเทน,FUSE LINK 22 KV. 15 A.EEI-NEMA TYPE K,1,,2026-05-22
2403,22 พ.ค. 2569,17:43,17:54,11,กฟส.ธาตุพนม (S),THA06VF-028,326,ฝนตก ลมแรง,วัสดุแปลกปลอม-เศษกิ่งไม้ใบไม้/ฟาง/ทางมะพร้าวปลิวมาแตะ,ศจฟ,17:43,17:45,18:05,20,1. กฤตพงศ์ วงค์ขะวงค์,รถ : กระเช้าธาตุพนม,FUSE LINK 22 KV. 30 A.EEI-NEMA TYPE K,2,,2026-05-22
2404,22 พ.ค. 2569,17:47,02:00,0,กฟส.ท่าอุเทน (XS),SSK02VF-201,628,ฝนตก ลมแรง,วัสดุแปลกปลอม-เศษกิ่งไม้ใบไม้/ฟาง/ทางมะพร้าวปลิวมาแตะ,ศจฟ,17:47,00:05,02:06,121,1. อภิรักษ์ สาตะรักษ์,รถ : รถแก้ไฟท่าอุเทน,FUSE LINK 22 KV. 25 A.EEI-NEMA TYPE K,3,,2026-05-22
2405,22 พ.ค. 2569,17:48,08:34,0,กฟส.ท่าอุเทน (XS),BFA09VF-212,1880,ฝนตก ฟ้าคะนอง,วัสดุแปลกปลอม-เศษกิ่งไม้ใบไม้/ฟาง/ทางมะพร้าวปลิวมาแตะ,ศจฟ,17:48,06:35,08:50,135,1. อภิรักษ์ สาตะรักษ์,รถ : รถแก้ไฟท่าอุเทน,FUSE LINK 22 KV. 40 A.EEI-NEMA TYPE K,1,,2026-05-22
2406,22 พ.ค. 2569,17:49,04:30,0,กฟส.ท่าอุเทน (XS),SSK02VF-241,226,ฝนตก ฟ้าคะนอง,วัสดุแปลกปลอม-เศษกิ่งไม้ใบไม้/ฟาง/ทางมะพร้าวปลิวมาแตะ,ศจฟ,17:49,02:10,04:32,5902,1. อภิรักษ์ สาตะรักษ์,รถ : รถแก้ไฟท่าอุเทน,FUSE LINK 22 KV. 25 A.EEI-NEMA TYPE K,3,,2026-05-22
2407,22 พ.ค. 2569,17:58,18:21,22,กฟส.เรณูนคร (XS),29590199,1,ฝนตก ลมแรง,ภัยธรรมชาติ-พายุฤดูร้อน/พายุดีเปรสชั่น,ศจฟ,17:58,16:59,18:14,75,1. ณวุฒิ กลางประพันธ์,รถ : 80-7964 นพ รณ.01,FUSE LINK 22 KV. 10 A.EEI-NEMA TYPE K,3,,2026-05-22
2408,22 พ.ค. 2569,19:20,19:27,7,กฟส.ท่าอุเทน (XS),NNA01VF-230,387,ฝนตก,ภัยธรรมชาติ-พายุฤดูร้อน/พายุดีเปรสชั่น,ศจฟ,19:20,17:21,19:29,128,1. อภิรักษ์ สาตะรักษ์,รถ : รถแก้ไฟท่าอุเทน,FUSE LINK 22 KV. 25 A.EEI-NEMA TYPE K,1,,2026-05-22
2409,22 พ.ค. 2569,20:28,20:53,24,กฟจ.นครพนม (L),6001051519,1,ฝนตก,ภัยธรรมชาติ-พายุฤดูร้อน/พายุดีเปรสชั่น,ศจฟ,20:28,20:29,20:59,30,1. ถวิล เมษาคุณ  | 2. หฤษฎ์ ถูระวัน  | 3. เกรียงไกร ลาหมัน,รถ : 81-1269 นพ (นพ 03),"CONN.,PG,DOUBLE BOLT,AL 25-95 SQ.MM.",3,,2026-05-22
2410,22 พ.ค. 2569,21:08,21:46,38,กฟจ.นครพนม (L),NNA01VF-054,1,อากาศชื้น / หมอก,สัตว์-งู,ศจฟ,21:08,21:08,21:50,42,1. ถวิล เมษาคุณ  | 2. หฤษฎ์ ถูระวัน  | 3. เกรียงไกร ลาหมัน,รถ : 81-1269 นพ (นพ 03),FUSE LINK 22 KV. 30 A.EEI-NEMA TYPE K,3,,2026-05-22
2411,23 พ.ค. 2569,00:50,04:47,237,กฟส.โพนสวรรค์ (XS),SSK07F-10,449,อากาศชื้น / หมอก,สัตว์-งู,ศจฟ,00:50,00:50,02:30,100,1. ทรงกลด มาศศรี,รถ : โพนสวรรค์-03,FUSE LINK 22 KV. 25 A.EEI-NEMA TYPE K,2,,2026-05-23
2412,23 พ.ค. 2569,00:53,01:25,31,กฟส.ท่าอุเทน (XS),SSK02VF-208,562,อากาศชื้น / หมอก,สัตว์-งู,ศจฟ,00:53,00:08,01:49,101,1. อภิรักษ์ สาตะรักษ์,รถ : รถแก้ไฟท่าอุเทน,FUSE LINK 22 KV. 25 A.EEI-NEMA TYPE K,1,,2026-05-23
2413,23 พ.ค. 2569,05:40,06:14,33,กฟส.โพนสวรรค์ (XS),NNA01F-38,1744,อากาศชื้น / หมอก,สัตว์-งู,ศจฟ,05:40,05:00,06:30,90,1. ทรงกลด มาศศรี,รถ : โพนสวรรค์-03,FUSE LINK 22 KV. 40 A.EEI-NEMA TYPE K,2,,2026-05-23
2414,23 พ.ค. 2569,05:41,04:13,0,กฟส.ท่าอุเทน (XS),SSK02VF-231,966,ฝนตก ฟ้าคะนอง,สัตว์-งู,ศจฟ,05:41,02:05,04:14,129,1. อภิรักษ์ สาตะรักษ์,รถ : รถแก้ไฟท่าอุเทน,FUSE LINK 22 KV. 25 A.EEI-NEMA TYPE K,1,,2026-05-23
2415,23 พ.ค. 2569,05:42,08:18,156,กฟส.ท่าอุเทน (XS),SSK02VF-265,123,ฝนตก ฟ้าคะนอง,สัตว์-งู,ศจฟ,05:42,04:05,05:58,113,1. อภิรักษ์ สาตะรักษ์,รถ : รถแก้ไฟท่าอุเทน,FUSE LINK 22 KV. 15 A.EEI-NEMA TYPE K,1,,2026-05-23
2416,23 พ.ค. 2569,06:07,06:30,22,กฟจ.นครพนม (L),DDE01F-01,26,ฝนตก ฟ้าคะนอง,สัตว์-งู,ศจฟ,06:07,06:00,06:45,45,1. ถวิล เมษาคุณ  | 2. ทศวรรษ มังคละคีรี  | 3. หิรัญ พลไกรสร,รถ : 3ฒภ 2576 กทม (นพ 01),FUSE LINK 22 KV. 10 A.EEI-NEMA TYPE K,2,,2026-05-23
2417,23 พ.ค. 2569,06:35,07:39,64,กฟส.โพนสวรรค์ (XS),25-001402,251,ฝนตก,ภัยธรรมชาติ-พายุฤดูร้อน/พายุดีเปรสชั่น,ศจฟ,06:35,06:30,08:18,108,1. ทรงกลด มาศศรี,รถ : โพนสวรรค์-03,"CABLE,AL,750 V,50 SQ.MM. TIS.293",10,,2026-05-23
2418,23 พ.ค. 2569,06:54,08:00,66,กฟส.ศรีสงคราม (XS),SSK08VF-060,63,ฝนตก,ภัยธรรมชาติ-พายุฤดูร้อน/พายุดีเปรสชั่น,ศจฟ,06:54,06:54,08:25,91,1. วุฒิชัย เหมเมือง,รถ : ศรีสงคราม 02,FUSE LINK 22 KV. 20 A.EEI-NEMA TYPE K,2,,2026-05-23
2419,23 พ.ค. 2569,07:06,07:31,24,กฟส.ปลาปาก (XS),NNA07F-56,251,อากาศปกติ,ภัยธรรมชาติ-พายุฤดูร้อน/พายุดีเปรสชั่น,ศจฟ,07:06,07:07,07:34,27,1. สุธรรม จันทะผา,รถ : รถแก้ไฟปลาปาก 01,FUSE LINK 22 KV. 30 A.EEI-NEMA TYPE K,1,,2026-05-23
2420,23 พ.ค. 2569,07:26,08:07,40,กฟส.เรณูนคร (XS),THA06F-13,386,ฝนตก ลมแรง,ภัยธรรมชาติ-พายุฤดูร้อน/พายุดีเปรสชั่น,ศจฟ,07:26,06:07,07:10,63,1. ณวุฒิ กลางประพันธ์,รถ : 80-7964 นพ รณ.01,FUSE LINK 22 KV. 25 A.EEI-NEMA TYPE K,3,,2026-05-23
2421,23 พ.ค. 2569,07:32,08:25,53,กฟส.เรณูนคร (XS),63-001318,38,ฝนตก ลมแรง,ภัยธรรมชาติ-พายุฤดูร้อน/พายุดีเปรสชั่น,ศจฟ,07:32,07:13,08:29,76,1. ณวุฒิ กลางประพันธ์,รถ : 80-7964 นพ รณ.01,"CABLE,AL,750 V,50 SQ.MM. TIS.293",1,,2026-05-23
2422,23 พ.ค. 2569,07:34,07:55,20,กฟส.บ้านแพง (S),59-020580,138,ฝนตก ฟ้าคะนอง,ภัยธรรมชาติ-พายุโซนร้อน/ใต้ฝุ่น,ศจฟ,07:34,07:20,07:55,35,1. สุริยา ทะวงศ์ษา,รถ : กระเช้าบ้านแพง,"H.R.C. FUSE, BLADE CONTACT, 100 A",2,,2026-05-23
2423,23 พ.ค. 2569,08:08,09:11,63,กฟส.ท่าอุเทน (XS),NNA01VF-224,321,ฝนตก,ภัยธรรมชาติ-พายุโซนร้อน/ใต้ฝุ่น,ศจฟ,08:08,07:08,08:40,92,1. อภิรักษ์ สาตะรักษ์,รถ : รถแก้ไฟท่าอุเทน,FUSE LINK 22 KV. 20 A.EEI-NEMA TYPE K,1,,2026-05-23
2424,23 พ.ค. 2569,08:47,08:51,4,กฟส.บ้านแพง (S),SSK08F-62,61,อากาศปกติ,สัตว์-งู,ศจฟ,08:47,08:48,09:07,19,1. ปิยะณัฐ พลเหี้ยมหาญ,รถ : กระเช้าบ้านแพง,FUSE LINK 22 KV. 10 A.EEI-NEMA TYPE K,2,,2026-05-23
2425,23 พ.ค. 2569,09:24,09:27,3,กฟส.บ้านแพง (S),SSK08F-65-1,520,ลมแรง,ต้นไม้-กิ่งไม้หักพาดสาย,ศจฟ,09:24,09:25,09:42,17,1. ปิยะณัฐ พลเหี้ยมหาญ,รถ : กระเช้าบ้านแพง,FUSE LINK 22 KV. 25 A.EEI-NEMA TYPE K,2,,2026-05-23
2426,23 พ.ค. 2569,10:06,10:11,5,กฟส.บ้านแพง (S),BFA10VF-101,532,อากาศปกติ,สัตว์-งู,ศจฟ,10:06,10:07,10:20,13,1. ปิยะณัฐ พลเหี้ยมหาญ,รถ : กระเช้าบ้านแพง,FUSE LINK 22 KV. 15 A.EEI-NEMA TYPE K,1,,2026-05-23
2427,23 พ.ค. 2569,10:30,10:00,0,กฟจ.นครพนม (L),NNA02VF-018,389,อากาศปกติ,สัตว์-งู,ศจฟ,10:30,10:07,11:00,53,1. กิติศักดิ์ หาราช  | 2. ประจล ศรีสุราช  | 3. พิพัฒน์ พิมพ์ศรี,รถ : 3ฒภ 2576 กทม (นพ 01),FUSE LINK 22 KV. 15 A.EEI-NEMA TYPE K,2,,2026-05-23
2428,23 พ.ค. 2569,10:37,11:15,38,กฟส.นาทม (XS),SEK03F-97/1,105,อากาศปกติ,สัตว์-งู,ศจฟ,10:37,10:38,11:23,45,1. วราวุธ นาขมิ้น,รถ : นาทม 02,FUSE LINK 22 KV. 20 A.EEI-NEMA TYPE K,3,,2026-05-23
2429,23 พ.ค. 2569,10:38,12:11,93,กฟส.นาทม (XS),SEK03F-582,5,อากาศปกติ,สัตว์-งู,ศจฟ,10:38,10:38,13:12,154,1. วราวุธ นาขมิ้น,รถ : นาทม 02,FUSE LINK 22 KV. 15 A.EEI-NEMA TYPE K,2,,2026-05-23
2430,23 พ.ค. 2569,10:39,12:02,82,กฟส.นาทม (XS),SEK03F-80,168,อากาศปกติ,สัตว์-งู,ศจฟ,10:39,10:40,12:09,89,1. วราวุธ นาขมิ้น,รถ : นาทม 02,FUSE LINK 22 KV. 20 A.EEI-NEMA TYPE K,3,,2026-05-23
2431,23 พ.ค. 2569,10:41,10:45,4,กฟส.บ้านแพง (S),59-011152,5,อากาศปกติ,สัตว์-งู,ศจฟ,10:41,10:42,10:55,13,1. ปิยะณัฐ พลเหี้ยมหาญ,รถ : กระเช้าบ้านแพง,FUSE LINK 22 KV. 3 A.EEI-NEMA TYPE K,1,,2026-05-23
2432,23 พ.ค. 2569,10:50,11:20,29,กฟส.โพนสวรรค์ (XS),NNA01F-38,1744,ลมแรง,ต้นไม้-กิ่งไม้หักพาดสาย,ศจฟ,10:50,10:30,11:55,85,1. วสุธา หล้าพรหม,รถ : โพนสวรรค์-03,FUSE LINK 22 KV. 40 A.EEI-NEMA TYPE K,1,,2026-05-23
2433,23 พ.ค. 2569,11:01,11:30,29,กฟส.ธาตุพนม (S),52-003061,158,ลมแรง,ต้นไม้-กิ่งไม้หักพาดสาย,ศจฟ,11:01,11:03,12:00,57,1. อุทัย สุมินทร์,รถ : กระเช้าธาตุพนม,FUSE LINK 22 KV. 5-6 A.EEI-NEMA TYPE K,2,,2026-05-23
2434,23 พ.ค. 2569,11:09,11:13,4,กฟส.บ้านแพง (S),SSK08F-59,751,ฝนตก,ต้นไม้-กิ่งไม้หักพาดสาย,ศจฟ,11:09,11:10,11:31,21,1. ปิยะณัฐ พลเหี้ยมหาญ,รถ : กระเช้าบ้านแพง,FUSE LINK 22 KV. 30 A.EEI-NEMA TYPE K,3,,2026-05-23
2435,23 พ.ค. 2569,11:40,12:07,27,กฟส.บ้านแพง (S),SSK08F-66,593,ฝนตก,ต้นไม้-กิ่งไม้หักพาดสาย,ศจฟ,11:40,12:03,12:29,26,1. ปิยะณัฐ พลเหี้ยมหาญ,รถ : กระเช้าบ้านแพง,FUSE LINK 22 KV. 15 A.EEI-NEMA TYPE K,1,,2026-05-23
2436,23 พ.ค. 2569,13:20,13:31,11,กฟส.บ้านแพง (S),54-003808,242,ฝนตก,สัตว์-งู,ศจฟ,13:20,13:26,13:45,19,1. ปิยะณัฐ พลเหี้ยมหาญ,รถ : กระเช้าบ้านแพง,FUSE LINK 22 KV. 5-6 A.EEI-NEMA TYPE K,1,,2026-05-23
2437,23 พ.ค. 2569,13:30,12:30,0,กฟจ.นครพนม (L),NNB01VF-039,1,อากาศปกติ,สัตว์-นก/ค้างคาว,ศจฟ,13:30,11:00,12:30,90,1. กิติศักดิ์ หาราช  | 2. ประจล ศรีสุราช  | 3. พิพัฒน์ พิมพ์ศรี,รถ : 3ฒภ 2576 กทม (นพ 01),FUSE LINK 22 KV. 15 A.EEI-NEMA TYPE K,2,,2026-05-23
2438,23 พ.ค. 2569,13:31,14:41,70,กฟส.ธาตุพนม (S),THA01VF-016,816,อากาศปกติ,สัตว์-นก/ค้างคาว,ศจฟ,13:30,14:10,14:43,33,1. อุทัย สุมินทร์,รถ : กระเช้าธาตุพนม,FUSE LINK 22 KV. 30 A.EEI-NEMA TYPE K,2,,2026-05-23
2439,23 พ.ค. 2569,14:41,14:00,0,กฟจ.นครพนม (L),NNA04F-10/1,1,อากาศปกติ,สัตว์-งู,ศจฟ,14:41,13:00,14:12,72,1. กิติศักดิ์ หาราช  | 2. ประจล ศรีสุราช  | 3. พิพัฒน์ พิมพ์ศรี,รถ : 3ฒภ 2576 กทม (นพ 01),FUSE LINK 22 KV. 25 A.EEI-NEMA TYPE K,2,,2026-05-23
2440,23 พ.ค. 2569,16:14,16:52,38,กฟส.ท่าอุเทน (XS),SSK02VF-241,226,ฝนตก ลมแรง,สัตว์-งู,ศจฟ,16:14,15:24,16:54,90,1. อภิรักษ์ สาตะรักษ์,รถ : รถแก้ไฟท่าอุเทน,FUSE LINK 22 KV. 20 A.EEI-NEMA TYPE K,1,,2026-05-23
2441,23 พ.ค. 2569,18:14,20:30,136,กฟจ.นครพนม (L),NNA02VF-030,340,อากาศปกติ,อุปกรณ์-ชำรุด,ศจฟ,18:14,18:16,21:30,194,1. จันทะคาด บัวเคน  | 2. นลธวัช ศรีหาเศษ  | 3. พงศ์อิสรา ภักดี  | 4. พงษ์สนิจ ศรีวิชัย  | 5. วีระยุทธ อภิรมยานนท์  | 6. เกริกฤทธิ์ จันทรโพธิ์ศรี,รถ : รถกระเช้า (04),"DROPOUT,FUSE,22 KV.100 A.12 KA",1,,2026-05-23
2442,23 พ.ค. 2569,18:23,19:12,49,กฟส.บ้านแพง (S),BFA09VF-200,256,อากาศปกติ,อุปกรณ์-ชำรุด,ศจฟ,18:23,18:26,20:13,107,1. ณัฐดนัย ขันถม  | 2. อภิรักษ์ สาตะรักษ์,รถ : รถแก้ไฟท่าอุเทน,FUSE LINK 22 KV. 25 A.EEI-NEMA TYPE K,1,,2026-05-23
2443,23 พ.ค. 2569,18:40,18:42,2,กฟส.นาหว้า (XS),SSK04VF-107,866,อากาศปกติ,อุปกรณ์-ชำรุด,ศจฟ,18:40,18:40,18:45,5,1. อัมรินทร์ วะราวัง,รถ : นาหว้า 02,"COND.,ACSR 50/8 SQ.MM.TIS.86",10,,2026-05-23
2444,23 พ.ค. 2569,21:09,21:13,4,กฟส.นาหว้า (XS),37-016319,335,อากาศปกติ,อุปกรณ์-ชำรุด,ศจฟ,21:09,21:10,21:15,5,1. อัมรินทร์ วะราวัง,รถ : นาหว้า 02,"CABLE,AL,750 V,50 SQ.MM. TIS.293",10,,2026-05-23
2445,23 พ.ค. 2569,21:10,18:45,0,กฟส.บ้านแพง (S),BFA09VF-200,256,ฝนตก ลมแรง,ภัยธรรมชาติ-พายุฤดูร้อน/พายุดีเปรสชั่น,ศจฟ,21:10,18:15,19:00,45,1. ณัฐดนัย ขันถม,รถ : บ้านแพง01,FUSE LINK 22 KV. 15 A.EEI-NEMA TYPE K,1,,2026-05-23
2446,23 พ.ค. 2569,21:30,21:32,2,กฟส.โพนสวรรค์ (XS),NNA01F-38,1744,ฝนตก ฟ้าคะนอง,ภัยธรรมชาติ-พายุฤดูร้อน/พายุดีเปรสชั่น,ศจฟ,21:30,16:43,18:57,134,1. เพชราวุธ โพชราช,รถ : โพนสวรรค์-03,FUSE LINK 22 KV. 40 A.EEI-NEMA TYPE K,3,,2026-05-23
2447,23 พ.ค. 2569,21:48,19:30,0,กฟส.บ้านแพง (S),SSK08F-51-1,18,ฝนตก ลมแรง,ภัยธรรมชาติ-พายุฤดูร้อน/พายุดีเปรสชั่น,ศจฟ,21:48,19:00,19:45,45,1. ณัฐดนัย ขันถม,รถ : บ้านแพง01,FUSE LINK 22 KV. 10 A.EEI-NEMA TYPE K,1,,2026-05-23
2448,23 พ.ค. 2569,22:04,22:13,9,กฟส.ท่าอุเทน (XS),BFA09VF-217,1128,ฝนตก ลมแรง,ภัยธรรมชาติ-พายุฤดูร้อน/พายุดีเปรสชั่น,ศจฟ,22:04,20:04,23:14,190,1. อภิรักษ์ สาตะรักษ์,รถ : รถแก้ไฟท่าอุเทน,FUSE LINK 22 KV. 25 A.EEI-NEMA TYPE K,1,,2026-05-23
2449,23 พ.ค. 2569,22:06,23:17,70,กฟจ.นครพนม (L),67-009035,147,ฝนตก ลมแรง,ภัยธรรมชาติ-พายุฤดูร้อน/พายุดีเปรสชั่น,ศจฟ,22:06,22:07,23:19,72,1. จันทะคาด บัวเคน  | 2. นลธวัช ศรีหาเศษ  | 3. พงศ์อิสรา ภักดี  | 4. พงษ์สนิจ ศรีวิชัย  | 5. เกริกฤทธิ์ จันทรโพธิ์ศรี,รถ : 3ฒภ 2576 กทม (นพ 01),"H.R.C. FUSE, BLADE CONTACT, 100 A",1,,2026-05-23
2450,23 พ.ค. 2569,22:16,22:31,15,กฟส.นาหว้า (XS),SSK06F-12,782,ฝนตก ลมแรง,ภัยธรรมชาติ-พายุฤดูร้อน/พายุดีเปรสชั่น,ศจฟ,22:16,22:17,22:33,16,1. อัมรินทร์ วะราวัง,รถ : นาหว้า 02,"CABLE,AL,750 V,50 SQ.MM. TIS.293",10,,2026-05-23
2451,24 พ.ค. 2569,,05:20,0,กฟส.ท่าอุเทน (XS),SSK02VF-241,226,ฝนตก,ภัยธรรมชาติ-พายุฤดูร้อน/พายุดีเปรสชั่น,ศจฟ,07:00,03:50,05:17,87,1. อภิรักษ์ สาตะรักษ์,รถ : รถแก้ไฟท่าอุเทน,FUSE LINK 22 KV. 15 A.EEI-NEMA TYPE K,2,,2026-05-24
2452,24 พ.ค. 2569,01:16,01:54,38,กฟส.ท่าอุเทน (XS),BFA09VF-221,756,ฝนตก,ภัยธรรมชาติ-พายุฤดูร้อน/พายุดีเปรสชั่น,ศจฟ,01:16,00:00,02:30,150,1. อภิรักษ์ สาตะรักษ์,รถ : รถแก้ไฟท่าอุเทน,FUSE LINK 22 KV. 15 A.EEI-NEMA TYPE K,1,,2026-05-24
2453,24 พ.ค. 2569,07:00,03:27,0,กฟส.ท่าอุเทน (XS),SSK02VF-231,966,ฝนตก,ภัยธรรมชาติ-พายุฤดูร้อน/พายุดีเปรสชั่น,ศจฟ,07:00,02:39,04:05,86,1. อภิรักษ์ สาตะรักษ์,รถ : รถแก้ไฟท่าอุเทน,FUSE LINK 22 KV. 25 A.EEI-NEMA TYPE K,1,,2026-05-24
2454,24 พ.ค. 2569,07:00,07:47,47,กฟส.ศรีสงคราม (XS),54-009920,111,อากาศปกติ,สัตว์-งู,ศจฟ,07:00,06:30,08:10,100,1. วุฒิชัย เหมเมือง,รถ : ศรีสงคราม 02,FUSE HOLDER 22 KV. 100 A. 12 KA.,1,,2026-05-24
2455,24 พ.ค. 2569,07:50,08:02,12,กฟส.โพนสวรรค์ (XS),32-010641,60,อากาศปกติ,สัตว์-งู,ศจฟ,07:50,05:23,06:40,77,1. เพชราวุธ โพชราช,รถ : โพนสวรรค์-03,FUSE LINK 22 KV. 3 A.EEI-NEMA TYPE K,1,,2026-05-24
2456,24 พ.ค. 2569,08:00,10:25,145,กฟจ.นครพนม (L),NNA04F-20/1,15,อากาศปกติ,สัตว์-งู,ศจฟ,08:00,08:13,10:26,133,1. จันทะคาด บัวเคน  | 2. นลธวัช ศรีหาเศษ  | 3. พงศ์อิสรา ภักดี  | 4. พงษ์สนิจ ศรีวิชัย  | 5. พิพัฒน์ พิมพ์ศรี  | 6. เกริกฤทธิ์ จันทรโพธิ์ศรี,รถ : 3ฒภ 2576 กทม (นพ 01),FUSE LINK 22 KV. 15 A.EEI-NEMA TYPE K,2,,2026-05-24
2457,24 พ.ค. 2569,09:16,11:04,1548,กฟส.โพนสวรรค์ (XS),FAX023F-25654,22,อากาศปกติ,สัตว์-งู,ศจฟ,09:16,07:05,08:23,78,1. เพชราวุธ โพชราช,รถ : โพนสวรรค์-02,FUSE LINK 22 KV. 25 A.EEI-NEMA TYPE K,2,,2026-05-24
2458,24 พ.ค. 2569,09:18,11:11,113,กฟส.ศรีสงคราม (XS),SSK02VF-020,743,อากาศปกติ,สัตว์-งู,ศจฟ,09:18,09:19,11:12,113,1. วุฒิชัย เหมเมือง  | 2. ศิลารักษ์ วิภา,รถ : ศรีสงคราม 01,FUSE LINK 22 KV. 20 A.EEI-NEMA TYPE K,1,,2026-05-24
2459,24 พ.ค. 2569,09:22,08:35,0,กฟส.ท่าอุเทน (XS),BFA09VF-205,55,ฝนตก,สัตว์-งู,ศจฟ,09:22,06:06,08:43,157,1. อภิรักษ์ สาตะรักษ์,รถ : รถแก้ไฟท่าอุเทน,FUSE LINK 22 KV. 15 A.EEI-NEMA TYPE K,3,,2026-05-24
2460,24 พ.ค. 2569,09:24,09:27,3,กฟส.ศรีสงคราม (XS),SSK01VF-028,231,ฝนตก,วัสดุแปลกปลอม-เศษกิ่งไม้ใบไม้/ฟาง/ทางมะพร้าวปลิวมาแตะ,ศจฟ,09:24,08:30,09:10,40,1. ศิลารักษ์ วิภา,รถ : ศรีสงคราม 02,FUSE LINK 22 KV. 20 A.EEI-NEMA TYPE K,2,,2026-05-24
2461,24 พ.ค. 2569,09:24,09:33,9,กฟส.ศรีสงคราม (XS),SSK07VF-004,1596,ฝนตก,ภัยธรรมชาติ-พายุฤดูร้อน/พายุดีเปรสชั่น,ศจฟ,09:24,09:00,09:33,33,1. ศิลารักษ์ วิภา,รถ : ศรีสงคราม 02,FUSE LINK 22 KV. 30 A.EEI-NEMA TYPE K,2,,2026-05-24
2462,24 พ.ค. 2569,09:46,10:18,31,กฟจ.นครพนม (L),51-002357,19,ฝนตก,ภัยธรรมชาติ-พายุฤดูร้อน/พายุดีเปรสชั่น,ศจฟ,09:46,09:00,09:40,40,1. ถวิล เมษาคุณ  | 2. ทศวรรษ มังคละคีรี  | 3. นลธวัช ศรีหาเศษ,รถ : 3ฒภ 2576 กทม (นพ 01),FUSE LINK 22 KV. 3 A.EEI-NEMA TYPE K,2,,2026-05-24
2463,24 พ.ค. 2569,10:20,10:50,29,กฟจ.นครพนม (L),6200390623,1,ฝนตก,ภัยธรรมชาติ-พายุฤดูร้อน/พายุดีเปรสชั่น,ศจฟ,10:20,09:40,10:40,60,1. ถวิล เมษาคุณ  | 2. ทศวรรษ มังคละคีรี  | 3. นลธวัช ศรีหาเศษ,รถ : 3ฒภ 2576 กทม (นพ 01),"CABLE,AL,750 V,50 SQ.MM. TIS.293",15,,2026-05-24
2464,24 พ.ค. 2569,12:07,12:16,9,กฟส.ศรีสงคราม (XS),SSK04VF-001,656,ฝนตก,ภัยธรรมชาติ-พายุฤดูร้อน/พายุดีเปรสชั่น,ศจฟ,12:07,11:00,12:00,60,1. ศิลารักษ์ วิภา,รถ : ศรีสงคราม 02,FUSE LINK 22 KV. 15 A.EEI-NEMA TYPE K,1,,2026-05-24
2465,24 พ.ค. 2569,13:59,14:45,45,กฟส.โพนสวรรค์ (XS),28828775,1,อากาศชื้น / หมอก,ภัยธรรมชาติ-พายุฤดูร้อน/พายุดีเปรสชั่น,ศจฟ,13:59,13:00,14:47,107,1. วรัญญู สังรวมใจ,รถ : โพนสวรรค์-03,"CABLE,AL,750 V,50 SQ.MM. TIS.293",7,,2026-05-24
2466,24 พ.ค. 2569,14:32,14:34,2,กฟส.นาหว้า (XS),46-008004,668,อากาศชื้น / หมอก,ภัยธรรมชาติ-พายุฤดูร้อน/พายุดีเปรสชั่น,ศจฟ,14:32,14:33,14:37,4,1. อัมรินทร์ วะราวัง,รถ : นาหว้า 02,"CABLE,AL,750 V,50 SQ.MM. TIS.293",8,,2026-05-24
2467,24 พ.ค. 2569,15:01,15:10,9,กฟส.นาแก (S),SOA08VF-502-2,56,ฝนตก,ภัยธรรมชาติ-พายุฤดูร้อน/พายุดีเปรสชั่น,ศจฟ,15:01,15:04,15:12,8,1. วรพันธุ์ ตันสมรส,รถ : นก-03,"CONN.,SPLICE,TENSION AL 185 SQ.MM.",1,,2026-05-24
2468,24 พ.ค. 2569,15:01,15:13,12,กฟส.นาแก (S),59-026918,84,ฝนตก,ภัยธรรมชาติ-พายุฤดูร้อน/พายุดีเปรสชั่น,ศจฟ,15:01,15:02,15:15,13,1. วรพันธุ์ ตันสมรส,รถ : นก-03,"CABLE,AL,750 V,50 SQ.MM. TIS.293",4,,2026-05-24
2469,24 พ.ค. 2569,16:40,16:30,0,กฟส.ศรีสงคราม (XS),SSK02VF-010,1,ฝนตก,ภัยธรรมชาติ-พายุฤดูร้อน/พายุดีเปรสชั่น,ศจฟ,16:40,15:45,16:30,45,1. ศิลารักษ์ วิภา,รถ : ศรีสงคราม 02,FUSE LINK 22 KV. 8 A.EEI-NEMA TYPE K,2,,2026-05-24
2470,24 พ.ค. 2569,16:50,17:45,54,กฟส.นาทม (XS),SEK03F-80,168,ฝนตก,ภัยธรรมชาติ-พายุฤดูร้อน/พายุดีเปรสชั่น,ศจฟ,16:50,16:51,17:54,63,1. วราวุธ นาขมิ้น,รถ : นาทม 02,FUSE LINK 22 KV. 30 A.EEI-NEMA TYPE K,2,,2026-05-24
2471,24 พ.ค. 2569,16:50,19:14,144,กฟส.นาทม (XS),SEK03F-87,445,ฝนตก,ภัยธรรมชาติ-พายุฤดูร้อน/พายุดีเปรสชั่น,ศจฟ,16:50,16:54,19:30,156,1. วราวุธ นาขมิ้น,รถ : นาทม 02,FUSE LINK 22 KV. 30 A.EEI-NEMA TYPE K,2,,2026-05-24
2472,24 พ.ค. 2569,16:51,18:13,82,กฟส.นาทม (XS),SEK03F-85,43,ฝนตก,ภัยธรรมชาติ-พายุฤดูร้อน/พายุดีเปรสชั่น,ศจฟ,16:50,16:54,18:25,91,1. วราวุธ นาขมิ้น,รถ : นาทม 02,FUSE LINK 22 KV. 10 A.EEI-NEMA TYPE K,2,,2026-05-24
2473,24 พ.ค. 2569,17:00,17:51,51,กฟจ.นครพนม (L),NNA01VF-057,12,ฝนตก,ภัยธรรมชาติ-พายุฤดูร้อน/พายุดีเปรสชั่น,ศจฟ,17:00,17:26,17:53,27,1. วสันต์ชัย ดวงสูงเนิน  | 2. หิรัญ พลไกรสร,รถ : 3ฒภ 2576 กทม (นพ 01),FUSE LINK 22 KV. 10 A.EEI-NEMA TYPE K,1,,2026-05-24
2474,24 พ.ค. 2569,17:40,17:30,0,กฟส.ศรีสงคราม (XS),SSK02VF-015,1638,ฝนตก,ภัยธรรมชาติ-พายุฤดูร้อน/พายุดีเปรสชั่น,ศจฟ,17:40,16:30,17:30,60,1. ศิลารักษ์ วิภา,รถ : ศรีสงคราม 02,FUSE LINK 22 KV. 30 A.EEI-NEMA TYPE K,1,,2026-05-24
2475,24 พ.ค. 2569,19:50,21:15,85,กฟส.บ้านแพง (S),BFA08VF-101,334,ฝนตก ลมแรง,ต้นไม้-กิ่งไม้หักพาดสาย,ศจฟ,19:50,21:06,21:24,18,1. รชานนท์ โมธรรม,รถ : กระเช้าบ้านแพง,FUSE LINK 22 KV. 15 A.EEI-NEMA TYPE K,2,,2026-05-24
2476,24 พ.ค. 2569,21:00,21:29,29,กฟจ.นครพนม (L),NNB01VF-028,12894,ฝนตก ลมแรง,ต้นไม้-กิ่งไม้หักพาดสาย,ศจฟ,21:00,21:28,21:31,3,1. นลธวัช ศรีหาเศษ  | 2. วสันต์ชัย ดวงสูงเนิน  | 3. หิรัญ พลไกรสร  | 4. เกริกฤทธิ์ จันทรโพธิ์ศรี,รถ : 81-1269 นพ (นพ 03),FUSE LINK 22 KV. 10 A.EEI-NEMA TYPE K,2,,2026-05-24
2477,24 พ.ค. 2569,21:10,21:22,12,กฟส.ศรีสงคราม (XS),25-001407,232,ฝนตก ลมแรง,ต้นไม้-กิ่งไม้หักพาดสาย,ศจฟ,21:10,20:30,21:10,40,1. ศิลารักษ์ วิภา,รถ : ศรีสงคราม 02,"H.R.C. FUSE, BLADE CONTACT, 100 A",1,,2026-05-24
2478,24 พ.ค. 2569,23:31,01:30,119,กฟจ.นครพนม (L),64-018522,115,ฝนตก ลมแรง,ต้นไม้-กิ่งไม้หักพาดสาย,ศจฟ,23:30,01:41,02:50,69,1. นลธวัช ศรีหาเศษ  | 2. วสันต์ชัย ดวงสูงเนิน  | 3. หิรัญ พลไกรสร  | 4. เกริกฤทธิ์ จันทรโพธิ์ศรี  | 5. เกรียงไกร ลาหมัน,รถ : 3ฒภ 2576 กทม (นพ 01),"H.R.C. FUSE, BLADE CONTACT, 100 A",1,,2026-05-24
2479,25 พ.ค. 2569,,09:10,0,กฟส.บ้านแพง (S),SSK08F-59-1,751,ฝนตก ฟ้าคะนอง,ภัยธรรมชาติ-พายุฤดูร้อน/พายุดีเปรสชั่น,ศจฟ,14:21,08:40,09:15,35,1. รชานนท์ โมธรรม,รถ : กระเช้าบ้านแพง,FUSE LINK 22 KV. 10 A.EEI-NEMA TYPE K,2,,2026-05-25
2480,25 พ.ค. 2569,,20:50,0,กฟจ.นครพนม (L),45-032307,108,อากาศปกติ,ภัยธรรมชาติ-พายุฤดูร้อน/พายุดีเปรสชั่น,ศจฟ,21:00,19:30,20:40,70,1. ทศวรรษ มังคละคีรี  | 2. สุรวุฒิ สุขแสงดาว,รถ : รถกระเช้า (04),"CABLE,AL,750 V,50 SQ.MM. TIS.293",7,,2026-05-25
2481,25 พ.ค. 2569,00:40,02:22,102,กฟส.โพนสวรรค์ (XS),NNA01F-41,757,อากาศชื้น / หมอก,สัตว์-งู,ศจฟ,00:40,00:40,02:31,111,1. ทรงกลด มาศศรี  | 2. เพชราวุธ โพชราช,รถ : โพนสวรรค์-03,FUSE LINK 22 KV. 30 A.EEI-NEMA TYPE K,2,,2026-05-25
2482,25 พ.ค. 2569,06:30,07:20,49,กฟส.เรณูนคร (XS),THA02F-56,905,ฝนตก ฟ้าคะนอง,ภัยธรรมชาติ-พายุฤดูร้อน/พายุดีเปรสชั่น,ศจฟ,06:30,05:39,06:45,66,1. ณวุฒิ กลางประพันธ์,รถ : 80-7964 นพ รณ.01,FUSE LINK 22 KV. 10 A.EEI-NEMA TYPE K,3,,2026-05-25
2483,25 พ.ค. 2569,06:30,11:53,323,กฟส.เรณูนคร (XS),THA02F-66,227,ฝนตก ลมแรง,ภัยธรรมชาติ-พายุฤดูร้อน/พายุดีเปรสชั่น,ศจฟ,06:30,06:51,08:13,82,1. ณวุฒิ กลางประพันธ์,รถ : 80-7964 นพ รณ.01,FUSE LINK 22 KV. 15 A.EEI-NEMA TYPE K,3,,2026-05-25
2484,25 พ.ค. 2569,06:50,11:28,278,กฟส.ท่าอุเทน (XS),NNA01VF-223,842,อากาศชื้น / หมอก,ต้นไม้-ต้นไม้เลื้อย/โตมาแตะสาย,ศจฟ,06:50,04:00,05:30,90,1. ปรินทร์ บุญเทียม,รถ : รถแก้ไฟท่าอุเทน,FUSE LINK 22 KV. 20 A.EEI-NEMA TYPE K,4,,2026-05-25
2485,25 พ.ค. 2569,06:50,11:35,285,กฟส.ท่าอุเทน (XS),SSK02VF-251,112,อากาศปกติ,อุปกรณ์-ชำรุด,ศจฟ,06:50,07:00,08:30,90,1. ปรินทร์ บุญเทียม,รถ : รถแก้ไฟท่าอุเทน,"CABLE,AL,750 V,50 SQ.MM. TIS.293",10,,2026-05-25
2486,25 พ.ค. 2569,07:01,11:30,269,กฟส.ท่าอุเทน (XS),61-010096,116,อากาศปกติ,อุปกรณ์-ชำรุด,ศจฟ,07:01,05:30,07:00,90,1. ปรินทร์ บุญเทียม,รถ : รถแก้ไฟท่าอุเทน,"CONN.,PG,DOUBLE BOLT,AL 25-95 SQ.MM.",5,,2026-05-25
2487,25 พ.ค. 2569,07:05,08:17,72,กฟส.นาแก (S),THA03VF-215,11762,ฝนตก,อุปกรณ์-ชำรุด,ศจฟ,07:05,07:07,08:19,72,1. วรพันธุ์ ตันสมรส,รถ : นก-03,"CONN.,PG,DOUBLE BOLT,AL 25-95 SQ.MM.",2,,2026-05-25
2488,25 พ.ค. 2569,07:06,08:19,73,กฟส.นาแก (S),THA03VF-238-7,11762,ฝนตก,อุปกรณ์-ชำรุด,ศจฟ,07:06,07:08,08:20,72,1. วรพันธุ์ ตันสมรส,รถ : นก-03,"DROPOUT,FUSE,22 KV.100 A.12 KA",2,,2026-05-25
2489,25 พ.ค. 2569,07:09,08:13,64,กฟส.โพนสวรรค์ (XS),NPN07F-20,39,อากาศชื้น / หมอก,สัตว์-งู,ศจฟ,07:09,07:10,08:30,80,1. ทรงกลด มาศศรี  | 2. เพชราวุธ โพชราช,รถ : โพนสวรรค์-03,FUSE LINK 22 KV. 10 A.EEI-NEMA TYPE K,2,,2026-05-25
2490,25 พ.ค. 2569,09:44,10:30,45,กฟจ.นครพนม (L),NNA04F-03,284,อากาศปกติ,ภัยธรรมชาติ-พายุฤดูร้อน/พายุดีเปรสชั่น,ศจฟ,09:44,10:00,11:15,75,1. พงศ์อิสรา ภักดี,รถ : รถกระเช้า (04),"DROPOUT,FUSE,22 KV.100 A.12 KA",1,,2026-05-25
2491,25 พ.ค. 2569,09:46,14:30,284,กฟจ.นครพนม (L),NNA02VF-017,4,อากาศปกติ,ภัยธรรมชาติ-พายุฤดูร้อน/พายุดีเปรสชั่น,ศจฟ,09:46,13:00,15:24,144,1. ณัฏฐศรันย์ อันทระบุตร  | 2. พงศ์อิสรา ภักดี  | 3. พิพัฒน์ นะระทะ  | 4. ศักดิ์อนันต์ แสนเมือง,รถ : รถกระเช้า (04),"CONN.,PG,DOUBLE BOLT,AL 25-95 SQ.MM.",3,,2026-05-25
2492,25 พ.ค. 2569,09:47,12:36,169,กฟจ.นครพนม (L),NNA07F-31,968,อากาศปกติ,ภัยธรรมชาติ-พายุฤดูร้อน/พายุดีเปรสชั่น,ศจฟ,09:47,10:47,13:25,158,1. พงศ์อิสรา ภักดี,รถ : รถกระเช้า (04),"CONN.,PG,DOUBLE BOLT,AL 25-95 SQ.MM.",3,,2026-05-25
2493,25 พ.ค. 2569,09:50,09:30,0,กฟจ.นครพนม (L),68-014332,480,อากาศปกติ,ภัยธรรมชาติ-พายุฤดูร้อน/พายุดีเปรสชั่น,ศจฟ,09:50,08:30,10:20,110,1. พงศ์อิสรา ภักดี,รถ : รถกระเช้า (04),"CABLE,AERIAL,AL 22 KV. 1X50 SQ.MM.",4,,2026-05-25
2494,25 พ.ค. 2569,11:46,12:38,51,กฟส.ปลาปาก (XS),NNA07F-37,386,อากาศปกติ,สัตว์-งู,ศจฟ,11:46,12:15,12:41,26,1. นครินทร์ จำปาทิ,รถ : รถแก้ไฟปลาปาก 01,FUSE LINK 22 KV. 25 A.EEI-NEMA TYPE K,2,,2026-05-25
2495,25 พ.ค. 2569,12:15,14:42,147,กฟส.ท่าอุเทน (XS),NNA01VF-204,1141,อากาศปกติ,ต้นไม้-ลมพัดต้นไม้มาแตะสาย,ศจฟ,12:15,12:16,12:45,29,1. ปรินทร์ บุญเทียม,รถ : -,FUSE LINK 22 KV. 15 A.EEI-NEMA TYPE K,2,,2026-05-25
2496,25 พ.ค. 2569,12:16,12:17,1,กฟส.ท่าอุเทน (XS),BFA09VF-223,106,อากาศปกติ,ต้นไม้-ต้นไม้เลื้อย/โตมาแตะสาย,ศจฟ,12:16,12:17,12:22,5,1. ปรินทร์ บุญเทียม,รถ : -,FUSE LINK 22 KV. 10 A.EEI-NEMA TYPE K,2,,2026-05-25
2497,25 พ.ค. 2569,13:34,15:00,85,กฟส.ปลาปาก (XS),NNA07F-56-01,75,อากาศปกติ,อุปกรณ์-ชำรุด,ศจฟ,13:34,13:37,14:10,33,1. นครินทร์ จำปาทิ,รถ : รถแก้ไฟปลาปาก 01,FUSE LINK 22 KV. 10 A.EEI-NEMA TYPE K,2,,2026-05-25
2498,25 พ.ค. 2569,13:50,15:27,97,กฟส.ท่าอุเทน (XS),,2677,อากาศปกติ,สภาพสิ่งแวดล้อม-ฟ้าผ่า,ศจฟ,13:50,14:38,15:00,22,1. ปรินทร์ บุญเทียม,รถ : -,FUSE LINK 22 KV. 3 A.EEI-NEMA TYPE K,2,,2026-05-25
2499,25 พ.ค. 2569,14:21,08:35,0,กฟส.บ้านแพง (S),SSK08F-59,751,ฝนตก ฟ้าคะนอง,ภัยธรรมชาติ-พายุโซนร้อน/ใต้ฝุ่น,ศจฟ,14:21,08:10,08:37,27,1. รชานนท์ โมธรรม,รถ : กระเช้าบ้านแพง,FUSE LINK 22 KV. 25 A.EEI-NEMA TYPE K,2,,2026-05-25
2500,25 พ.ค. 2569,15:23,15:26,3,กฟส.ท่าอุเทน (XS),NNA01VF-211,11,อากาศปกติ,ภัยธรรมชาติ-พายุฤดูร้อน/พายุดีเปรสชั่น,ศจฟ,15:23,15:20,15:26,6,1. ปรินทร์ บุญเทียม,รถ : -,FUSE LINK 22 KV. 10 A.EEI-NEMA TYPE K,2,,2026-05-25
2501,25 พ.ค. 2569,21:00,19:30,0,กฟจ.นครพนม (L),64-021743,194,อากาศปกติ,ภัยธรรมชาติ-พายุฤดูร้อน/พายุดีเปรสชั่น,ศจฟ,21:00,16:35,19:25,170,1. ทศวรรษ มังคละคีรี  | 2. สุรวุฒิ สุขแสงดาว,รถ : รถกระเช้า (04),"CABLE,AL,750 V,50 SQ.MM. TIS.293",20,,2026-05-25
2502,25 พ.ค. 2569,21:15,22:04,49,กฟจ.นครพนม (L),54-010686,35,อากาศปกติ,ภัยธรรมชาติ-พายุฤดูร้อน/พายุดีเปรสชั่น,ศจฟ,21:15,21:25,22:23,58,1. ทศวรรษ มังคละคีรี  | 2. สุรวุฒิ สุขแสงดาว,รถ : รถกระเช้า (04),"H.R.C. FUSE, BLADE CONTACT, 100 A",1,,2026-05-25
2503,25 พ.ค. 2569,21:20,21:00,0,กฟส.บ้านแพง (S),6600434935,1,อากาศปกติ,อุปกรณ์-ชำรุด,ศจฟ,21:20,20:30,21:00,30,1. เอกพล เวกสูงเนิน,รถ : กระเช้าบ้านแพง,"CONN.,PG,DOUBLE BOLT,AL 16-70 SQ.MM.",2,,2026-05-25
2504,25 พ.ค. 2569,21:50,22:11,20,กฟส.ปลาปาก (XS),NNA07F-36/5,666,อากาศปกติ,อุปกรณ์-ชำรุด,ศจฟ,21:50,21:57,22:35,38,1. สุธรรม จันทะผา,รถ : รถแก้ไฟปลาปาก 01,FUSE LINK 22 KV. 30 A.EEI-NEMA TYPE K,1,,2026-05-25
2505,26 พ.ค. 2569,,17:00,0,กฟส.ท่าอุเทน (XS),NNA01VF-207,263,อากาศปกติ,อุปกรณ์-ชำรุด,ศจฟ,07:37,16:30,17:30,60,1. สุรธวัช วุฒิสาร,รถ : รถแก้ไฟท่าอุเทน,FUSE LINK 22 KV. 8 A.EEI-NEMA TYPE K,3,,2026-05-26
2506,26 พ.ค. 2569,,15:25,0,กฟส.บ้านแพง (S),BFA10VF-101,532,ฝนตก ลมแรง,ภัยธรรมชาติ-พายุฤดูร้อน/พายุดีเปรสชั่น,ศจฟ,14:20,14:10,14:45,35,1. รชานนท์ โมธรรม,รถ : กระเช้าบ้านแพง,FUSE LINK 22 KV. 20 A.EEI-NEMA TYPE K,2,,2026-05-26
2507,26 พ.ค. 2569,,15:49,0,กฟส.บ้านแพง (S),SSK08F-54,313,ฝนตก ลมแรง,ภัยธรรมชาติ-พายุฤดูร้อน/พายุดีเปรสชั่น,ศจฟ,14:20,14:10,14:50,40,1. รชานนท์ โมธรรม,รถ : กระเช้าบ้านแพง,FUSE LINK 22 KV. 20 A.EEI-NEMA TYPE K,3,,2026-05-26
2508,26 พ.ค. 2569,,15:55,0,กฟส.บ้านแพง (S),SSK08F-51-1,18,ฝนตก ลมแรง,ภัยธรรมชาติ-พายุฤดูร้อน/พายุดีเปรสชั่น,ศจฟ,14:20,14:40,15:55,75,1. รชานนท์ โมธรรม,รถ : กระเช้าบ้านแพง,"CABLE LUG,NEMA 2-HOLE,AL 95 SQ.MM.",4,,2026-05-26
2509,26 พ.ค. 2569,06:51,19:31,760,กฟจ.นครพนม (L),NNA02F-03/1,80,อากาศปกติ,อุปกรณ์-ชำรุด,ศจฟ,06:51,06:52,19:33,761,1. กิติศักดิ์ หาราช  | 2. ทศวรรษ มังคละคีรี  | 3. ประจล ศรีสุราช  | 4. พงษ์สนิจ ศรีวิชัย  | 5. วสันต์ชัย ดวงสูงเนิน  | 6. สุรวุฒิ สุขแสงดาว,รถ : 3ฒภ 2576 กทม (นพ 01),FUSE LINK 22 KV. 25 A.EEI-NEMA TYPE K,1,,2026-05-26
2510,26 พ.ค. 2569,06:53,18:40,0,กฟส.ท่าอุเทน (XS),NNA08VF-213,648,อากาศปกติ,อุปกรณ์-ชำรุด,ศจฟ,06:53,17:00,19:00,120,1. สุรธวัช วุฒิสาร,รถ : รถแก้ไฟท่าอุเทน,"DROPOUT,FUSE,22 KV.100 A.12 KA",2,,2026-05-26
2511,26 พ.ค. 2569,07:02,07:30,27,กฟส.โพนสวรรค์ (XS),SSK07F-01,383,ลมแรง,ภัยธรรมชาติ-พายุฤดูร้อน/พายุดีเปรสชั่น,ศจฟ,07:02,06:35,08:00,85,1. วสุธา หล้าพรหม,รถ : โพนสวรรค์-03,FUSE LINK 22 KV. 25 A.EEI-NEMA TYPE K,2,,2026-05-26
2512,26 พ.ค. 2569,07:37,07:44,7,กฟส.นาแก (S),THA04VF-201,324,อากาศปกติ,อุปกรณ์-ชำรุด,ศจฟ,07:37,07:38,07:48,10,1. พิษณุ คำคนซื่อ  | 2. วรพันธุ์ ตันสมรส,รถ : นก-03,FUSE LINK 22 KV. 25 A.EEI-NEMA TYPE K,1,,2026-05-26
2513,26 พ.ค. 2569,08:50,09:15,24,กฟส.ธาตุพนม (S),THA01VF-047,43,ฝนตก ลมแรง,อุปกรณ์-ชำรุด,ศจฟ,08:50,09:03,09:17,14,1. นรากร แสนโสม,รถ : กระเช้าธาตุพนม,FUSE LINK 22 KV. 15 A.EEI-NEMA TYPE K,2,,2026-05-26
2514,26 พ.ค. 2569,08:50,09:30,40,กฟส.ธาตุพนม (S),THA01VF-048,19,ฝนตก ฟ้าคะนอง,อุปกรณ์-ชำรุด,ศจฟ,08:50,09:04,09:36,32,1. นรากร แสนโสม,รถ : กระเช้าธาตุพนม,FUSE LINK 22 KV. 10 A.EEI-NEMA TYPE K,2,,2026-05-26
2515,26 พ.ค. 2569,08:50,10:52,122,กฟส.ธาตุพนม (S),57-005648,19,อากาศปกติ,อุปกรณ์-ชำรุด,ศจฟ,08:50,09:04,10:54,110,1. ณวุฒิ กลางประพันธ์  | 2. นรากร แสนโสม,รถ : กระเช้าธาตุพนม,"CABLE,AL,750 V,50 SQ.MM. TIS.293",7,,2026-05-26
2516,26 พ.ค. 2569,09:00,11:05,125,กฟส.ธาตุพนม (S),THA02VF-013,341,ฝนตก ลมแรง,อุปกรณ์-ชำรุด,ศจฟ,09:00,09:04,11:07,123,1. ณวุฒิ กลางประพันธ์  | 2. นรากร แสนโสม,รถ : กระเช้าธาตุพนม,FUSE LINK 22 KV. 25 A.EEI-NEMA TYPE K,3,,2026-05-26
2517,26 พ.ค. 2569,09:52,11:30,0,กฟส.บ้านแพง (S),BFA09VF-200,256,ฝนตก ลมแรง,ภัยธรรมชาติ-พายุฤดูร้อน/พายุดีเปรสชั่น,ศจฟ,09:52,11:10,12:05,55,1. รชานนท์ โมธรรม,รถ : กระเช้าบ้านแพง,FUSE LINK 22 KV. 25 A.EEI-NEMA TYPE K,2,,2026-05-26
2518,26 พ.ค. 2569,10:01,12:10,0,กฟส.บ้านแพง (S),SSK08F-51-1,18,ฝนตก ลมแรง,ภัยธรรมชาติ-พายุฤดูร้อน/พายุดีเปรสชั่น,ศจฟ,10:01,10:03,11:11,68,1. รชานนท์ โมธรรม,รถ : กระเช้าบ้านแพง,FUSE LINK 22 KV. 10 A.EEI-NEMA TYPE K,3,,2026-05-26
2519,26 พ.ค. 2569,10:03,14:05,0,กฟส.บ้านแพง (S),BFA01VF-112,750,ฝนตก ลมแรง,ภัยธรรมชาติ-พายุฤดูร้อน/พายุดีเปรสชั่น,ศจฟ,10:03,12:10,12:55,45,1. รชานนท์ โมธรรม,รถ : กระเช้าบ้านแพง,FUSE LINK 22 KV. 15 A.EEI-NEMA TYPE K,2,,2026-05-26
2520,26 พ.ค. 2569,10:05,10:30,0,กฟส.บ้านแพง (S),59-011152,5,ฝนตก ลมแรง,ภัยธรรมชาติ-พายุฤดูร้อน/พายุดีเปรสชั่น,ศจฟ,10:05,10:06,10:30,24,1. รชานนท์ โมธรรม,รถ : กระเช้าบ้านแพง,FUSE LINK 22 KV. 20 A.EEI-NEMA TYPE K,2,,2026-05-26
2521,26 พ.ค. 2569,10:14,11:02,47,กฟส.นาหว้า (XS),SSK04VF-111,498,อากาศปกติ,ภัยธรรมชาติ-พายุฤดูร้อน/พายุดีเปรสชั่น,ศจฟ,10:14,10:16,10:56,40,1. อดิเทพ วะราวัง  | 2. อัมรินทร์ วะราวัง,รถ : -,FUSE LINK 22 KV. 25 A.EEI-NEMA TYPE K,3,,2026-05-26
2522,26 พ.ค. 2569,10:18,10:27,9,กฟส.นาแก (S),THA03VF-238-5,78,อากาศปกติ,ภัยธรรมชาติ-พายุฤดูร้อน/พายุดีเปรสชั่น,ศจฟ,10:18,10:09,10:29,20,1. อนาวิน อาจหาญ,รถ : นก-03,FUSE LINK 22 KV. 15 A.EEI-NEMA TYPE K,1,,2026-05-26
2523,26 พ.ค. 2569,10:20,11:46,85,กฟส.นาทม (XS),55-005241,65,อากาศปกติ,ภัยธรรมชาติ-พายุฤดูร้อน/พายุดีเปรสชั่น,ศจฟ,10:20,10:22,11:56,94,1. วราวุธ นาขมิ้น,รถ : นาทม 02,"CABLE,AL,750 V,95 SQ.MM. TIS.293",7,,2026-05-26
2524,26 พ.ค. 2569,10:45,10:40,0,กฟจ.นครพนม (L),67-444854,1,อากาศปกติ,ภัยธรรมชาติ-พายุฤดูร้อน/พายุดีเปรสชั่น,ศจฟ,10:45,10:46,11:07,21,1. ธำรงรัตน์ สระแก้ว  | 2. สุรวุฒิ สุขแสงดาว  | 3. เกรียงไกร ลาหมัน,รถ : 3ฒภ 2576 กทม (นพ 01),"CABLE,AL,750 V,50 SQ.MM. TIS.293",10,,2026-05-26
2525,26 พ.ค. 2569,10:50,11:02,12,กฟจ.นครพนม (L),NNA07F-31,968,อากาศปกติ,ภัยธรรมชาติ-พายุฤดูร้อน/พายุดีเปรสชั่น,ศจฟ,10:50,10:51,11:04,13,1. ธำรงรัตน์ สระแก้ว  | 2. สุรวุฒิ สุขแสงดาว  | 3. เกรียงไกร ลาหมัน,รถ : 3ฒภ 2576 กทม (นพ 01),FUSE LINK 22 KV. 40 A.EEI-NEMA TYPE K,1,,2026-05-26
2526,26 พ.ค. 2569,11:12,11:15,3,กฟส.ท่าอุเทน (XS),67-038468,27,อากาศปกติ,อุปกรณ์-ชำรุด,ศจฟ,11:12,11:13,11:22,9,1. ปรินทร์ บุญเทียม,รถ : -,"CABLE,AL,750 V,50 SQ.MM. TIS.293",16,,2026-05-26
2527,26 พ.ค. 2569,11:31,11:00,0,กฟส.ศรีสงคราม (XS),33-000100,308,อากาศปกติ,อุปกรณ์-ชำรุด,ศจฟ,11:31,10:00,11:00,60,1. ศิลารักษ์ วิภา,รถ : ศรีสงคราม 01,"H.R.C. FUSE, BLADE CONTACT, 250 A",1,,2026-05-26
2528,26 พ.ค. 2569,13:55,14:28,33,กฟส.ศรีสงคราม (XS),65-004387,78,อากาศชื้น / หมอก,อุปกรณ์-ชำรุด,ศจฟ,13:55,13:56,14:50,54,1. ปัญจพงษ์ เศรษฐาไชย,รถ : ศรีสงคราม 03,H.R.C. FUSE 50 A.DIN OR BS,2,,2026-05-26
2529,26 พ.ค. 2569,13:59,14:30,31,กฟส.ศรีสงคราม (XS),56-011186,106,อากาศปกติ,สัตว์-งู,ศจฟ,13:59,14:03,14:50,47,1. เชาวลิต หัสรินทร์,รถ : ศรีสงคราม 01,FUSE LINK 22 KV. 3 A.EEI-NEMA TYPE K,2,,2026-05-26
2530,26 พ.ค. 2569,14:08,14:18,10,กฟส.นาแก (S),SOA07VF-505-2,48,อากาศปกติ,สัตว์-งู,ศจฟ,14:08,14:09,14:38,29,1. อนาวิน อาจหาญ,รถ : นก-03,FUSE LINK 22 KV. 15 A.EEI-NEMA TYPE K,1,,2026-05-26
2531,26 พ.ค. 2569,14:10,10:15,0,กฟส.บ้านแพง (S),SSK08F-67,48,ฝนตก ลมแรง,ภัยธรรมชาติ-พายุฤดูร้อน/พายุดีเปรสชั่น,ศจฟ,14:10,09:05,09:55,50,1. รชานนท์ โมธรรม,รถ : กระเช้าบ้านแพง,FUSE LINK 22 KV. 20 A.EEI-NEMA TYPE K,2,,2026-05-26
2532,26 พ.ค. 2569,14:12,14:00,0,กฟส.ศรีสงคราม (XS),64-013532,15,ฝนตก ลมแรง,ภัยธรรมชาติ-พายุฤดูร้อน/พายุดีเปรสชั่น,ศจฟ,14:12,13:00,14:00,60,1. ปัญจพงษ์ เศรษฐาไชย  | 2. ศิลารักษ์ วิภา  | 3. เชาวลิต หัสรินทร์,รถ : ศรีสงคราม 02,"CABLE,AL,750 V,50 SQ.MM. TIS.293",5,,2026-05-26
2533,26 พ.ค. 2569,14:14,14:39,24,กฟส.นาแก (S),51-003740,33,ฝนตก ลมแรง,ภัยธรรมชาติ-พายุฤดูร้อน/พายุดีเปรสชั่น,ศจฟ,14:14,14:19,14:42,23,1. อนาวิน อาจหาญ,รถ : นก-03,"CONN.,PG,DOUBLE BOLT,AL 25-95 SQ.MM.",2,,2026-05-26
2534,26 พ.ค. 2569,14:20,14:15,0,กฟส.บ้านแพง (S),BFA10VF-101,532,ฝนตก ลมแรง,ภัยธรรมชาติ-พายุฤดูร้อน/พายุดีเปรสชั่น,ศจฟ,14:20,14:20,14:55,35,1. รชานนท์ โมธรรม,รถ : กระเช้าบ้านแพง,"CONN.,SPLICE,TENSION AL 95 SQ.MM.",4,,2026-05-26
2535,26 พ.ค. 2569,14:27,14:05,0,กฟส.บ้านแพง (S),59-020580,138,ฝนตก ลมแรง,ภัยธรรมชาติ-พายุฤดูร้อน/พายุดีเปรสชั่น,ศจฟ,14:27,13:05,14:50,105,1. รชานนท์ โมธรรม,รถ : กระเช้าบ้านแพง,FUSE LINK 22 KV. 25 A.EEI-NEMA TYPE K,3,,2026-05-26
2536,26 พ.ค. 2569,17:50,19:30,100,กฟจ.นครพนม (L),NNB01VF-028,12888,ฝนตก ลมแรง,ภัยธรรมชาติ-พายุฤดูร้อน/พายุดีเปรสชั่น,ศจฟ,17:50,17:53,20:00,127,1. ชัยยา มาตขาว  | 2. พิพัฒน์ นะระทะ  | 3. พิพัฒน์ พิมพ์ศรี  | 4. สุรวุฒิ สุขแสงดาว,รถ : 81-1269 นพ (นพ 03),FUSE LINK 22 KV. 25 A.EEI-NEMA TYPE K,2,,2026-05-26
2537,26 พ.ค. 2569,17:55,18:15,20,กฟส.ธาตุพนม (S),58-016312,0,อากาศปกติ,ภัยธรรมชาติ-พายุฤดูร้อน/พายุดีเปรสชั่น,ศจฟ,17:55,17:59,18:21,22,1. นรากร แสนโสม,รถ : กระเช้าธาตุพนม,FUSE LINK 22 KV. 25 A.EEI-NEMA TYPE K,2,,2026-05-26
2538,26 พ.ค. 2569,18:40,19:15,35,กฟส.ธาตุพนม (S),THA06VF-048,311,อากาศปกติ,ภัยธรรมชาติ-พายุฤดูร้อน/พายุดีเปรสชั่น,ศจฟ,18:40,18:46,19:18,32,1. นรากร แสนโสม,รถ : กระเช้าธาตุพนม,FUSE LINK 22 KV. 20 A.EEI-NEMA TYPE K,2,,2026-05-26
2539,26 พ.ค. 2569,19:43,20:15,31,กฟส.ธาตุพนม (S),63-023309,180,อากาศปกติ,ภัยธรรมชาติ-พายุฤดูร้อน/พายุดีเปรสชั่น,ศจฟ,19:43,19:44,20:22,38,1. นรากร แสนโสม,รถ : กระเช้าธาตุพนม,"H.R.C. FUSE, BLADE CONTACT, 160 A",2,,2026-05-26
2540,26 พ.ค. 2569,19:55,20:32,36,กฟจ.นครพนม (L),NNA01VF-059,103,ฝนตก ฟ้าคะนอง,สภาพสิ่งแวดล้อม-ฟ้าผ่า,ศจฟ,19:55,18:00,19:00,60,1. ชัยยา มาตขาว  | 2. พิพัฒน์ นะระทะ  | 3. พิพัฒน์ พิมพ์ศรี  | 4. สุรวุฒิ สุขแสงดาว,รถ : 3ฒภ 2576 กทม (นพ 01),FUSE LINK 22 KV. 15 A.EEI-NEMA TYPE K,2,,2026-05-26
2541,26 พ.ค. 2569,19:56,20:30,33,กฟจ.นครพนม (L),NNB01VF-031,531,ฝนตก ฟ้าคะนอง,สภาพสิ่งแวดล้อม-ฟ้าผ่า,ศจฟ,19:56,20:03,21:01,58,1. ชัยยา มาตขาว  | 2. พิพัฒน์ นะระทะ  | 3. พิพัฒน์ พิมพ์ศรี  | 4. สุรวุฒิ สุขแสงดาว,รถ : 81-1269 นพ (นพ 03),FUSE LINK 22 KV. 15 A.EEI-NEMA TYPE K,2,,2026-05-26
2542,26 พ.ค. 2569,19:59,20:35,36,กฟจ.นครพนม (L),NNA07F-41,268,ฝนตก ฟ้าคะนอง,สภาพสิ่งแวดล้อม-ฟ้าผ่า,ศจฟ,19:59,19:00,20:04,64,1. ชัยยา มาตขาว  | 2. พิพัฒน์ นะระทะ  | 3. พิพัฒน์ พิมพ์ศรี  | 4. สุรวุฒิ สุขแสงดาว,รถ : 3ฒภ 2576 กทม (นพ 01),FUSE LINK 22 KV. 25 A.EEI-NEMA TYPE K,2,,2026-05-26
2543,26 พ.ค. 2569,20:00,20:03,3,กฟส.บ้านแพง (S),23449970,1,อากาศปกติ,อุปกรณ์-ชำรุด,ศจฟ,20:00,19:30,20:12,42,1. ชินดนัย คงชะสิงห์,รถ : กระเช้าบ้านแพง,"CONN.,PG,DOUBLE BOLT,AL 25-95 SQ.MM.",2,,2026-05-26
2544,26 พ.ค. 2569,20:38,22:22,104,กฟจ.นครพนม (L),37-018933,154,ฝนตก ฟ้าคะนอง,ต้นไม้-ต้นไม้ล้มทับสาย,ศจฟ,20:38,20:00,21:14,74,1. ชัยยา มาตขาว  | 2. พิพัฒน์ นะระทะ  | 3. พิพัฒน์ พิมพ์ศรี  | 4. สุรวุฒิ สุขแสงดาว,รถ : 3ฒภ 2576 กทม (นพ 01),"CABLE,AL,750 V,50 SQ.MM. TIS.293",5,,2026-05-26
2545,26 พ.ค. 2569,21:00,22:37,97,กฟจ.นครพนม (L),NNA04F-20,907,ฝนตก ฟ้าคะนอง,สภาพสิ่งแวดล้อม-ฟ้าผ่า,ศจฟ,21:00,21:01,22:11,70,1. ชัยยา มาตขาว  | 2. พิพัฒน์ นะระทะ  | 3. พิพัฒน์ พิมพ์ศรี  | 4. สุรวุฒิ สุขแสงดาว,รถ : 3ฒภ 2576 กทม (นพ 01),FUSE LINK 22 KV. 30 A.EEI-NEMA TYPE K,3,,2026-05-26
2546,26 พ.ค. 2569,22:07,22:41,33,กฟส.ปลาปาก (XS),56-005720,1,ฝนตก ฟ้าคะนอง,สภาพสิ่งแวดล้อม-ฟ้าผ่า,ศจฟ,22:07,22:10,22:43,33,1. ราชันย์ กุลสุทธิ์,รถ : รถแก้ไฟปลาปาก 01,FUSE LINK 22 KV. 3 A.EEI-NEMA TYPE K,1,,2026-05-26
2547,26 พ.ค. 2569,22:08,22:36,27,กฟส.ท่าอุเทน (XS),48-001623,126,อากาศปกติ,สภาพสิ่งแวดล้อม-ฟ้าผ่า,ศจฟ,22:08,22:08,22:38,30,1. อนุสรณ์ ทองประสม,รถ : รถแก้ไฟท่าอุเทน,"CABLE,AL,750 V,50 SQ.MM. TIS.293",4,,2026-05-26
2548,26 พ.ค. 2569,22:27,22:40,13,กฟส.โพนสวรรค์ (XS),SSK07F-10,449,ฝนตก ฟ้าคะนอง,ภัยธรรมชาติ-พายุฤดูร้อน/พายุดีเปรสชั่น,ศจฟ,22:27,19:35,21:22,107,1. เพชราวุธ โพชราช,รถ : โพนสวรรค์-03,"CABLE,AL,750 V,50 SQ.MM. TIS.293",5,,2026-05-26
2549,26 พ.ค. 2569,23:29,01:37,128,กฟจ.นครพนม (L),,6321,ฝนตก ฟ้าคะนอง,สภาพสิ่งแวดล้อม-ฟ้าผ่า,ศจฟ,23:29,00:01,01:08,1507,1. ชัยยา มาตขาว  | 2. พิพัฒน์ นะระทะ  | 3. พิพัฒน์ พิมพ์ศรี  | 4. สุรวุฒิ สุขแสงดาว,รถ : 3ฒภ 2576 กทม (นพ 01),FUSE LINK 22 KV. 25 A.EEI-NEMA TYPE K,1,,2026-05-26
2550,27 พ.ค. 2569,00:13,00:18,5,กฟส.ท่าอุเทน (XS),BFA09VF-206,146,ฝนตก ลมแรง,ต้นไม้-ลมพัดต้นไม้มาแตะสาย,ศจฟ,00:13,00:14,00:22,8,1. อนุสรณ์ ทองประสม,รถ : รถแก้ไฟท่าอุเทน,FUSE LINK 22 KV. 20 A.EEI-NEMA TYPE K,1,,2026-05-27
2551,27 พ.ค. 2569,01:05,01:58,53,กฟส.โพนสวรรค์ (XS),NNA01F-38,1743,ฝนตก ฟ้าคะนอง,ภัยธรรมชาติ-พายุฤดูร้อน/พายุดีเปรสชั่น,ศจฟ,01:05,01:06,02:21,75,1. เพชราวุธ โพชราช,รถ : โพนสวรรค์-03,FUSE LINK 22 KV. 40 A.EEI-NEMA TYPE K,2,,2026-05-27
2552,27 พ.ค. 2569,01:47,02:07,20,กฟจ.นครพนม (L),NNA04F-26/1,138,ฝนตก ลมแรง,ต้นไม้-กิ่งไม้หักพาดสาย,ศจฟ,01:47,01:48,02:09,21,1. พงษ์สนิจ ศรีวิชัย,รถ : 3ฒภ 2576 กทม (นพ 01),FUSE LINK 22 KV. 10 A.EEI-NEMA TYPE K,1,,2026-05-27
2553,27 พ.ค. 2569,06:02,06:16,14,กฟส.โพนสวรรค์ (XS),45-003092,23,ฝนตก ฟ้าคะนอง,ภัยธรรมชาติ-พายุฤดูร้อน/พายุดีเปรสชั่น,ศจฟ,06:02,03:03,04:17,74,1. เพชราวุธ โพชราช,รถ : โพนสวรรค์-03,FUSE LINK 22 KV. 3 A.EEI-NEMA TYPE K,1,,2026-05-27
2554,27 พ.ค. 2569,06:28,06:30,2,กฟส.ท่าอุเทน (XS),SSK02VF-241,226,อากาศชื้น / หมอก,ภัยธรรมชาติ-พายุฤดูร้อน/พายุดีเปรสชั่น,ศจฟ,06:28,06:29,06:32,3,1. อนุสรณ์ ทองประสม,รถ : รถแก้ไฟท่าอุเทน,FUSE LINK 22 KV. 20 A.EEI-NEMA TYPE K,1,,2026-05-27
2555,27 พ.ค. 2569,07:05,07:09,4,กฟส.ท่าอุเทน (XS),29477876,1,อากาศชื้น / หมอก,ภัยธรรมชาติ-พายุฤดูร้อน/พายุดีเปรสชั่น,ศจฟ,07:05,07:06,07:44,38,1. อนุสรณ์ ทองประสม,รถ : รถแก้ไฟท่าอุเทน,,,,2026-05-27
2556,27 พ.ค. 2569,07:06,07:37,31,กฟจ.นครพนม (L),67-035715,59,อากาศปกติ,อุปกรณ์-ชำรุด,ศจฟ,07:06,07:08,07:45,37,1. กิติศักดิ์ หาราช  | 2. ประจล ศรีสุราช  | 3. พงษ์สนิจ ศรีวิชัย,รถ : 81-1269 นพ (นพ 03),"CABLE,AERIAL,AL 22 KV. 1X50 SQ.MM.",2,,2026-05-27
2557,27 พ.ค. 2569,07:54,08:22,27,กฟส.นาทม (XS),SEK03F-85,43,อากาศปกติ,อุปกรณ์-ชำรุด,ศจฟ,07:54,07:57,08:25,28,1. อิทธิพันธ์ กาวรรณธง,รถ : นาทม 02,FUSE LINK 22 KV. 30 A.EEI-NEMA TYPE K,1,,2026-05-27
2558,27 พ.ค. 2569,08:30,08:52,22,กฟส.โพนสวรรค์ (XS),SSK09F-07,1888,ฝนตก ฟ้าคะนอง,ภัยธรรมชาติ-พายุฤดูร้อน/พายุดีเปรสชั่น,ศจฟ,08:30,05:07,08:30,203,1. เพชราวุธ โพชราช,รถ : โพนสวรรค์-02,"CABLE,AERIAL,AL 22 KV. 1X50 SQ.MM.",10,,2026-05-27
2559,27 พ.ค. 2569,08:40,10:03,82,กฟจ.นครพนม (L),NNA02F-1966,1,ฝนตก ฟ้าคะนอง,ภัยธรรมชาติ-พายุฤดูร้อน/พายุดีเปรสชั่น,ศจฟ,08:40,09:12,10:05,53,1. ธำรงรัตน์ สระแก้ว  | 2. วสันต์ชัย ดวงสูงเนิน  | 3. หิรัญ พลไกรสร,รถ : 3ฒภ 2576 กทม (นพ 01),FUSE LINK 22 KV. 25 A.EEI-NEMA TYPE K,1,,2026-05-27
2560,27 พ.ค. 2569,09:00,09:35,35,กฟส.นาแก (S),THA04VF-236,207,อากาศปกติ,ภัยธรรมชาติ-พายุฤดูร้อน/พายุดีเปรสชั่น,ศจฟ,09:00,09:15,09:36,21,1. อนาวิน อาจหาญ,รถ : นก-03,FUSE LINK 22 KV. 25 A.EEI-NEMA TYPE K,2,,2026-05-27
2561,27 พ.ค. 2569,09:20,09:34,14,กฟส.เรณูนคร (XS),61-007447,129,ฝนตก ลมแรง,สภาพสิ่งแวดล้อม-สภาพสิ่งแวดล้อมอื่นๆ,ศจฟ,09:20,08:36,09:40,64,1. ณวุฒิ กลางประพันธ์,รถ : 80-7964 นพ รณ.01,"H.R.C. FUSE, BLADE CONTACT, 100 A",3,,2026-05-27
2562,27 พ.ค. 2569,09:40,09:30,0,กฟส.ศรีสงคราม (XS),63-020643,54,อากาศปกติ,สัตว์-กระรอก/กระแต/หนู,ศจฟ,09:40,09:00,09:40,40,1. ศิลารักษ์ วิภา,รถ : ศรีสงคราม 01,FUSE LINK 22 KV. 8 A.EEI-NEMA TYPE K,2,,2026-05-27
2563,27 พ.ค. 2569,09:40,11:05,85,กฟส.บ้านแพง (S),63-036664,120,ฝนตก,ภัยธรรมชาติ-พายุฤดูร้อน/พายุดีเปรสชั่น,ศจฟ,09:40,09:47,11:00,73,1. จตุรภุช สะท้านอิทธิฤทธิ์  | 2. รชานนท์ โมธรรม,รถ : บ้านแพง01,H.R.C. FUSE 50 A.DIN OR BS,2,,2026-05-27
2564,27 พ.ค. 2569,10:09,16:40,391,กฟจ.นครพนม (L),NNA07F-41,268,ฝนตก,ภัยธรรมชาติ-พายุฤดูร้อน/พายุดีเปรสชั่น,ศจฟ,10:09,10:10,16:42,392,1. ธำรงรัตน์ สระแก้ว  | 2. พิพัฒน์ พิมพ์ศรี  | 3. วสันต์ชัย ดวงสูงเนิน  | 4. หิรัญ พลไกรสร,รถ : 3ฒภ 2576 กทม (นพ 01),FUSE LINK 22 KV. 25 A.EEI-NEMA TYPE K,1,,2026-05-27
2565,27 พ.ค. 2569,10:17,10:34,17,กฟส.นาหว้า (XS),SSK06F-05,320,ฝนตก,ภัยธรรมชาติ-พายุฤดูร้อน/พายุดีเปรสชั่น,ศจฟ,10:17,10:18,10:36,18,1. อัมรินทร์ วะราวัง,รถ : นาหว้า 02,"CROSSARM 100X100X2,500 MM. HPC",1,,2026-05-27
2566,27 พ.ค. 2569,11:27,12:47,79,กฟจ.นครพนม (L),,0,ฝนตก,ภัยธรรมชาติ-พายุฤดูร้อน/พายุดีเปรสชั่น,ศจฟ,11:27,10:45,12:26,101,1. ทศวรรษ มังคละคีรี  | 2. ธำรงรัตน์ สระแก้ว  | 3. พิพัฒน์ พิมพ์ศรี  | 4. วสันต์ชัย ดวงสูงเนิน  | 5. หิรัญ พลไกรสร,รถ : 3ฒภ 2576 กทม (นพ 01),"CABLE SPACER,POLY,SAC 22-33 KV. 50-185",4,,2026-05-27
2567,27 พ.ค. 2569,12:30,13:28,58,กฟส.เรณูนคร (XS),THA02F-51,575,ฝนตก ฟ้าคะนอง,ภัยธรรมชาติ-พายุฤดูร้อน/พายุดีเปรสชั่น,ศจฟ,12:30,10:00,11:00,60,1. ณวุฒิ กลางประพันธ์,รถ : 80-7964 นพ รณ.01,FUSE LINK 22 KV. 15 A.EEI-NEMA TYPE K,3,,2026-05-27
2568,27 พ.ค. 2569,13:00,13:16,15,กฟส.บ้านแพง (S),65-023668,36,อากาศปกติ,อุปกรณ์-ชำรุด,ศจฟ,13:00,12:10,12:50,40,1. รชานนท์ โมธรรม,รถ : กระเช้าบ้านแพง,FUSE LINK 22 KV. 5-6 A.EEI-NEMA TYPE K,3,,2026-05-27
2569,27 พ.ค. 2569,13:10,13:23,13,กฟส.นาแก (S),THA04VF-204,894,ฝนตก ฟ้าคะนอง,ภัยธรรมชาติ-พายุฤดูร้อน/พายุดีเปรสชั่น,ศจฟ,13:10,13:20,13:58,38,1. อนาวิน อาจหาญ,รถ : นก-03,FUSE LINK 22 KV. 25 A.EEI-NEMA TYPE K,2,,2026-05-27
2570,27 พ.ค. 2569,13:30,11:00,0,กฟจ.นครพนม (L),67-035715,59,อากาศปกติ,อุปกรณ์-ชำรุด,ศจฟ,13:30,09:30,11:29,119,1. ธำรงรัตน์ สระแก้ว  | 2. พิพัฒน์ พิมพ์ศรี  | 3. วสันต์ชัย ดวงสูงเนิน  | 4. หิรัญ พลไกรสร,รถ : รถกระเช้า (04),"DROPOUT,FUSE,22 KV.100 A.12 KA",2,,2026-05-27
2571,27 พ.ค. 2569,13:30,13:40,10,กฟส.ศรีสงคราม (XS),SSK02VF-032,115,อากาศปกติ,อุปกรณ์-ชำรุด,ศจฟ,13:30,12:00,13:30,90,1. ศิลารักษ์ วิภา  | 2. เชาวลิต หัสรินทร์,รถ : ศรีสงคราม 01,FUSE LINK 22 KV. 8 A.EEI-NEMA TYPE K,2,,2026-05-27
2572,27 พ.ค. 2569,13:40,14:11,31,กฟส.ศรีสงคราม (XS),63-020656,140,อากาศปกติ,สัตว์-กระรอก/กระแต/หนู,ศจฟ,13:40,13:30,14:15,45,1. ศิลารักษ์ วิภา  | 2. เชาวลิต หัสรินทร์,รถ : ศรีสงคราม 01,FUSE LINK 22 KV. 8 A.EEI-NEMA TYPE K,2,,2026-05-27
2573,27 พ.ค. 2569,13:41,14:42,61,กฟส.ธาตุพนม (S),59-029366,27,ฝนตก,อุปกรณ์-ชำรุด,ศจฟ,13:40,13:36,14:43,67,1. ณวุฒิ กลางประพันธ์  | 2. อติชาติ เมืองงาม,รถ : กระเช้าธาตุพนม,"CABLE,AL,750 V,50 SQ.MM. TIS.293",4,,2026-05-27
2574,27 พ.ค. 2569,14:00,14:10,10,กฟส.นาแก (S),THA04VF-204-2,37,ฝนตก ฟ้าคะนอง,ภัยธรรมชาติ-พายุฤดูร้อน/พายุดีเปรสชั่น,ศจฟ,14:00,14:04,14:12,8,1. อนาวิน อาจหาญ,รถ : นก-03,FUSE LINK 22 KV. 10 A.EEI-NEMA TYPE K,2,,2026-05-27
2575,27 พ.ค. 2569,14:20,14:38,18,กฟส.นาแก (S),THA03VF-212,11755,ฝนตก ฟ้าคะนอง,ภัยธรรมชาติ-พายุฤดูร้อน/พายุดีเปรสชั่น,ศจฟ,14:20,14:25,14:39,14,1. อนาวิน อาจหาญ,รถ : นก-03,FUSE LINK 22 KV. 15 A.EEI-NEMA TYPE K,1,,2026-05-27
2576,27 พ.ค. 2569,14:30,14:38,8,กฟส.บ้านแพง (S),40-002824,174,อากาศปกติ,อุปกรณ์-ชำรุด,ศจฟ,14:30,13:20,14:30,70,1. รชานนท์ โมธรรม,รถ : กระเช้าบ้านแพง,"CABLE LUG,NEMA 2-HOLE,AL 50 SQ.MM.",4,,2026-05-27
2577,27 พ.ค. 2569,14:40,15:31,51,กฟส.ท่าอุเทน (XS),66-005675,3,อากาศชื้น / หมอก,อุปกรณ์-ชำรุด,ศจฟ,14:40,14:41,15:36,55,1. อนุสรณ์ ทองประสม,รถ : รถแก้ไฟท่าอุเทน,FUSE LINK 22 KV. 3 A.EEI-NEMA TYPE K,1,,2026-05-27
2578,27 พ.ค. 2569,15:10,15:44,33,กฟส.เรณูนคร (XS),65-004388,73,ฝนตก ฟ้าคะนอง,สัตว์-งู,ศจฟ,15:10,14:18,15:40,82,1. ณวุฒิ กลางประพันธ์,รถ : 80-7964 นพ รณ.01,FUSE LINK 22 KV. 20 A.EEI-NEMA TYPE K,2,,2026-05-27
2579,27 พ.ค. 2569,16:31,16:37,6,กฟส.ท่าอุเทน (XS),NNA01VF-224,321,อากาศปกติ,ต้นไม้-กิ่งไม้หักพาดสาย,ศจฟ,16:31,16:10,16:38,28,1. วีระพงษ์ วงตรี,รถ : -,FUSE LINK 22 KV. 20 A.EEI-NEMA TYPE K,3,,2026-05-27
2580,27 พ.ค. 2569,17:02,17:43,40,กฟส.นาทม (XS),SSK08F-136,17,อากาศปกติ,ต้นไม้-กิ่งไม้หักพาดสาย,ศจฟ,17:02,17:03,17:56,53,1. วราวุธ นาขมิ้น,รถ : นาทม 02,"BOLT,MACHINE M.16X170 MM.",2,,2026-05-27
2581,27 พ.ค. 2569,17:39,17:57,18,กฟส.ธาตุพนม (S),57-005648,19,อากาศปกติ,ต้นไม้-กิ่งไม้หักพาดสาย,ศจฟ,17:39,16:39,17:55,76,1. ปริเยศ หาญพงศ์ศรี,รถ : กระเช้าธาตุพนม,FUSE LINK 22 KV. 15 A.EEI-NEMA TYPE K,1,,2026-05-27
2582,27 พ.ค. 2569,17:40,18:30,49,กฟส.ธาตุพนม (S),THA01VF-049,36,อากาศปกติ,ต้นไม้-กิ่งไม้หักพาดสาย,ศจฟ,17:40,17:55,18:50,55,1. ปริเยศ หาญพงศ์ศรี,รถ : กระเช้าธาตุพนม,FUSE LINK 22 KV. 25 A.EEI-NEMA TYPE K,1,,2026-05-27
2583,27 พ.ค. 2569,17:40,19:29,109,กฟส.ธาตุพนม (S),THA02VF-013,341,อากาศปกติ,ต้นไม้-กิ่งไม้หักพาดสาย,ศจฟ,17:40,18:55,19:30,35,1. ปริเยศ หาญพงศ์ศรี,รถ : กระเช้าธาตุพนม,FUSE LINK 22 KV. 25 A.EEI-NEMA TYPE K,1,,2026-05-27
2584,27 พ.ค. 2569,17:50,17:40,0,กฟจ.นครพนม (L),NNB01VF-039,78,อากาศปกติ,ต้นไม้-กิ่งไม้หักพาดสาย,ศจฟ,17:50,16:55,17:37,42,1. ทศวรรษ มังคละคีรี  | 2. สุรวุฒิ สุขแสงดาว,รถ : 3ฒภ 2576 กทม (นพ 01),FUSE LINK 22 KV. 15 A.EEI-NEMA TYPE K,2,,2026-05-27
2585,27 พ.ค. 2569,18:59,18:00,0,กฟจ.นครพนม (L),NNB01VF-029,1,อากาศปกติ,ต้นไม้-กิ่งไม้หักพาดสาย,ศจฟ,18:59,17:42,18:20,38,1. ทศวรรษ มังคละคีรี  | 2. สุรวุฒิ สุขแสงดาว,รถ : 3ฒภ 2576 กทม (นพ 01),FUSE LINK 22 KV. 8 A.EEI-NEMA TYPE K,2,,2026-05-27
2586,27 พ.ค. 2569,19:01,18:50,0,กฟจ.นครพนม (L),NNB01VF-024,77,อากาศปกติ,ต้นไม้-กิ่งไม้หักพาดสาย,ศจฟ,19:01,18:30,19:10,40,1. ทศวรรษ มังคละคีรี  | 2. สุรวุฒิ สุขแสงดาว,รถ : 3ฒภ 2576 กทม (นพ 01),FUSE LINK 22 KV. 15 A.EEI-NEMA TYPE K,2,,2026-05-27
2587,27 พ.ค. 2569,19:34,19:55,20,กฟจ.นครพนม (L),32-008111,19,อากาศปกติ,ต้นไม้-กิ่งไม้หักพาดสาย,ศจฟ,19:34,19:43,20:30,47,1. ทศวรรษ มังคละคีรี  | 2. สุรวุฒิ สุขแสงดาว,รถ : 3ฒภ 2576 กทม (นพ 01),"CABLE,AL,750 V,50 SQ.MM. TIS.293",30,,2026-05-27
2588,27 พ.ค. 2569,19:46,19:49,3,กฟส.ท่าอุเทน (XS),SSK02VF-201,628,อากาศปกติ,ต้นไม้-กิ่งไม้หักพาดสาย,ศจฟ,19:46,18:00,19:30,90,1. วีระพงษ์ วงตรี,รถ : -,FUSE LINK 22 KV. 40 A.EEI-NEMA TYPE K,3,,2026-05-27
2589,28 พ.ค. 2569,00:35,01:30,54,กฟส.ศรีสงคราม (XS),SSK02VF-015,1638,อากาศปกติ,ต้นไม้-กิ่งไม้หักพาดสาย,ศจฟ,00:35,01:19,01:53,34,1. วุฒิชัย เหมเมือง  | 2. เชาวลิต หัสรินทร์,รถ : ศรีสงคราม 02,FUSE LINK 22 KV. 30 A.EEI-NEMA TYPE K,1,,2026-05-28
2590,28 พ.ค. 2569,06:35,07:02,27,กฟส.โพนสวรรค์ (XS),NPN07F-20,39,ลมแรง,ภัยธรรมชาติ-พายุฤดูร้อน/พายุดีเปรสชั่น,ศจฟ,06:35,06:00,07:00,60,1. รวิชญ์ พรมน้อย,รถ : โพนสวรรค์-03,FUSE LINK 22 KV. 15 A.EEI-NEMA TYPE K,2,,2026-05-28
2591,28 พ.ค. 2569,07:00,08:13,73,กฟส.โพนสวรรค์ (XS),NNA01F-45,876,ลมแรง,ภัยธรรมชาติ-พายุฤดูร้อน/พายุดีเปรสชั่น,ศจฟ,07:00,07:00,08:30,90,1. รวิชญ์ พรมน้อย,รถ : โพนสวรรค์-03,FUSE LINK 22 KV. 25 A.EEI-NEMA TYPE K,1,,2026-05-28
2592,28 พ.ค. 2569,09:37,10:08,31,กฟส.ศรีสงคราม (XS),SSK07VF-004,1596,ฝนตก ฟ้าคะนอง,สภาพสิ่งแวดล้อม-ฟ้าผ่า,ศจฟ,09:37,09:39,10:19,40,1. ปัญจพงษ์ เศรษฐาไชย,รถ : ศรีสงคราม 01,FUSE LINK 22 KV. 40 A.EEI-NEMA TYPE K,3,,2026-05-28
2593,28 พ.ค. 2569,10:15,10:27,12,กฟจ.นครพนม (L),NNA01VF-018,1,ฝนตก ฟ้าคะนอง,สภาพสิ่งแวดล้อม-ฟ้าผ่า,ศจฟ,10:15,10:16,10:30,14,1. กิติศักดิ์ หาราช  | 2. สุรวุฒิ สุขแสงดาว  | 3. เกรียงไกร ลาหมัน,รถ : 3ฒภ 2576 กทม (นพ 01),"DROPOUT,FUSE,22 KV.100 A.12 KA",1,,2026-05-28
2594,28 พ.ค. 2569,10:23,10:32,9,กฟจ.นครพนม (L),67-029838,67,อากาศปกติ,อุปกรณ์-ชำรุด,ศจฟ,10:23,10:24,10:38,14,1. คณิศร์ อริยชาติ  | 2. ประจล ศรีสุราช  | 3. สุรวุฒิ สุขแสงดาว,รถ : 3ฒภ 2576 กทม (นพ 01),"H.R.C. FUSE, BLADE CONTACT, 100 A",4,,2026-05-28
2595,28 พ.ค. 2569,10:25,10:57,31,กฟส.ศรีสงคราม (XS),SSK02VF-034,207,ฝนตก ฟ้าคะนอง,สภาพสิ่งแวดล้อม-ฟ้าผ่า,ศจฟ,10:25,10:26,11:18,52,1. ปัญจพงษ์ เศรษฐาไชย,รถ : ศรีสงคราม 01,FUSE HOLDER 22 KV. 100 A. 12 KA.,1,,2026-05-28
2596,28 พ.ค. 2569,10:30,10:46,15,กฟจ.นครพนม (L),65-006860,114,อากาศปกติ,สภาพสิ่งแวดล้อม-ฟ้าผ่า,ศจฟ,10:30,10:41,10:48,7,1. กิติศักดิ์ หาราช  | 2. คณิศร์ อริยชาติ  | 3. ประจล ศรีสุราช  | 4. พงษ์สนิจ ศรีวิชัย  | 5. สุรวุฒิ สุขแสงดาว,รถ : 3ฒภ 2576 กทม (นพ 01),"H.R.C. FUSE, BLADE CONTACT, 100 A",4,,2026-05-28
2597,28 พ.ค. 2569,10:40,11:01,20,กฟจ.นครพนม (L),45-000055,14,อากาศปกติ,อุปกรณ์-ชำรุด,ศจฟ,10:40,10:47,11:04,17,1. กิติศักดิ์ หาราช  | 2. คณิศร์ อริยชาติ  | 3. ประจล ศรีสุราช  | 4. พงษ์สนิจ ศรีวิชัย  | 5. สุรวุฒิ สุขแสงดาว,รถ : 3ฒภ 2576 กทม (นพ 01),"CABLE,AL,750 V,95 SQ.MM. TIS.293",10,,2026-05-28
2598,28 พ.ค. 2569,10:50,11:15,24,กฟจ.นครพนม (L),63-020631,48,อากาศปกติ,อุปกรณ์-ชำรุด,ศจฟ,10:50,10:59,11:17,18,1. กิติศักดิ์ หาราช  | 2. คณิศร์ อริยชาติ  | 3. ประจล ศรีสุราช  | 4. พงษ์สนิจ ศรีวิชัย  | 5. สุรวุฒิ สุขแสงดาว,รถ : 3ฒภ 2576 กทม (นพ 01),"CABLE,AL,750 V,95 SQ.MM. TIS.293",5,,2026-05-28
2599,28 พ.ค. 2569,11:00,11:39,38,กฟจ.นครพนม (L),45-000271,102,อากาศปกติ,อุปกรณ์-ชำรุด,ศจฟ,11:00,11:12,11:41,29,1. กิติศักดิ์ หาราช  | 2. คณิศร์ อริยชาติ  | 3. ประจล ศรีสุราช  | 4. พงษ์สนิจ ศรีวิชัย  | 5. สุรวุฒิ สุขแสงดาว,รถ : 3ฒภ 2576 กทม (นพ 01),"CABLE,AL,750 V,95 SQ.MM. TIS.293",10,,2026-05-28
2600,28 พ.ค. 2569,11:07,11:35,27,กฟจ.นครพนม (L),67-006192,116,อากาศปกติ,อุปกรณ์-ชำรุด,ศจฟ,11:07,11:08,11:37,29,1. กิติศักดิ์ หาราช  | 2. คณิศร์ อริยชาติ  | 3. ประจล ศรีสุราช  | 4. พงษ์สนิจ ศรีวิชัย  | 5. สุรวุฒิ สุขแสงดาว,รถ : 3ฒภ 2576 กทม (นพ 01),"CONN.,PG,DOUBLE BOLT,AL 25-95 SQ.MM.",4,,2026-05-28
2601,28 พ.ค. 2569,11:20,11:42,22,กฟจ.นครพนม (L),36-016399,204,อากาศปกติ,อุปกรณ์-ชำรุด,ศจฟ,11:20,11:29,11:46,17,1. กิติศักดิ์ หาราช  | 2. คณิศร์ อริยชาติ  | 3. ประจล ศรีสุราช  | 4. พงษ์สนิจ ศรีวิชัย  | 5. สุรวุฒิ สุขแสงดาว,รถ : 3ฒภ 2576 กทม (นพ 01),"CABLE,AL,750 V,95 SQ.MM. TIS.293",10,,2026-05-28
2602,28 พ.ค. 2569,11:25,11:45,20,กฟจ.นครพนม (L),67-038471,65,อากาศปกติ,อุปกรณ์-ชำรุด,ศจฟ,11:25,11:38,12:23,45,1. กิติศักดิ์ หาราช  | 2. คณิศร์ อริยชาติ  | 3. ประจล ศรีสุราช  | 4. พงษ์สนิจ ศรีวิชัย  | 5. สุรวุฒิ สุขแสงดาว,รถ : 3ฒภ 2576 กทม (นพ 01),"CABLE,AL,750 V,50 SQ.MM. TIS.293",3,,2026-05-28
2603,28 พ.ค. 2569,11:26,12:01,35,กฟส.ศรีสงคราม (XS),SSK07VF-005,17,ฝนตก ฟ้าคะนอง,อุปกรณ์-ชำรุด,ศจฟ,11:26,11:27,12:16,49,1. ปัญจพงษ์ เศรษฐาไชย,รถ : ศรีสงคราม 01,FUSE LINK 22 KV. 8 A.EEI-NEMA TYPE K,2,,2026-05-28
2604,28 พ.ค. 2569,11:37,11:51,14,กฟส.นาแก (S),5800328917,1,ฝนตก ฟ้าคะนอง,อุปกรณ์-ชำรุด,ศจฟ,11:37,11:38,11:52,14,1. อนาวิน อาจหาญ,รถ : นก-03,"CONN.,PG,DOUBLE BOLT,AL 25-95 SQ.MM.",1,,2026-05-28
2605,28 พ.ค. 2569,11:38,11:53,15,กฟส.นาแก (S),5900541724,1,ฝนตก ฟ้าคะนอง,อุปกรณ์-ชำรุด,ศจฟ,11:38,11:39,11:54,15,1. อนาวิน อาจหาญ,รถ : นก-03,"CONN.,PG,DOUBLE BOLT,AL 25-95 SQ.MM.",1,,2026-05-28
2606,28 พ.ค. 2569,13:19,13:30,11,กฟส.บ้านแพง (S),58-013371,68,ฝนตก ลมแรง,ภัยธรรมชาติ-พายุฤดูร้อน/พายุดีเปรสชั่น,ศจฟ,13:19,12:05,13:10,65,1. รชานนท์ โมธรรม,รถ : กระเช้าบ้านแพง,"CABLE,AL,750 V,95 SQ.MM. TIS.293",10,,2026-05-28
2607,28 พ.ค. 2569,13:19,13:32,13,กฟส.บ้านแพง (S),52-004187,123,ฝนตก,ภัยธรรมชาติ-พายุฤดูร้อน/พายุดีเปรสชั่น,ศจฟ,13:19,10:15,11:15,60,1. รชานนท์ โมธรรม,รถ : กระเช้าบ้านแพง,FUSE LINK 22 KV. 3 A.EEI-NEMA TYPE K,2,,2026-05-28
2608,28 พ.ค. 2569,14:13,14:33,20,กฟจ.นครพนม (L),NNA01VF-061,22,ฝนตก,ภัยธรรมชาติ-พายุฤดูร้อน/พายุดีเปรสชั่น,ศจฟ,14:13,14:14,14:35,21,1. กิติศักดิ์ หาราช  | 2. คณิศร์ อริยชาติ  | 3. ประจล ศรีสุราช  | 4. พงษ์สนิจ ศรีวิชัย  | 5. สุรวุฒิ สุขแสงดาว,รถ : 81-1269 นพ (นพ 03),FUSE LINK 22 KV. 10 A.EEI-NEMA TYPE K,2,,2026-05-28
2609,28 พ.ค. 2569,14:17,14:22,5,กฟส.บ้านแพง (S),SEK04F-55-2,43,อากาศปกติ,อุปกรณ์-ชำรุด,ศจฟ,14:17,13:30,14:23,53,1. รชานนท์ โมธรรม,รถ : กระเช้าบ้านแพง,FUSE LINK 22 KV. 5-6 A.EEI-NEMA TYPE K,2,,2026-05-28
2610,28 พ.ค. 2569,15:30,15:33,3,กฟส.บ้านแพง (S),63-034761,32,อากาศปกติ,อุปกรณ์-ชำรุด,ศจฟ,15:30,14:25,15:25,60,1. รชานนท์ โมธรรม,รถ : กระเช้าบ้านแพง,"CABLE,AL,750 V,95 SQ.MM. TIS.293",10,,2026-05-28
2611,28 พ.ค. 2569,16:06,16:00,0,กฟส.ศรีสงคราม (XS),SSK02VF-010,1,อากาศปกติ,วัสดุแปลกปลอม-เศษกิ่งไม้ใบไม้/ฟาง/ทางมะพร้าวปลิวมาแตะ,ศจฟ,16:06,15:00,16:00,60,1. ปัญจพงษ์ เศรษฐาไชย  | 2. ศิลารักษ์ วิภา,รถ : ศรีสงคราม 02,FUSE LINK 22 KV. 8 A.EEI-NEMA TYPE K,2,,2026-05-28
2612,28 พ.ค. 2569,16:41,17:31,49,กฟส.นาทม (XS),56-005712,21,ลมแรง,ต้นไม้-ต้นไม้ล้มทับสาย,ศจฟ,16:41,16:43,17:38,55,1. นราธร อินทรายุทธ,รถ : นาทม 02,"H.R.C. FUSE, BLADE CONTACT, 80 A",1,,2026-05-28
2613,28 พ.ค. 2569,16:47,17:14,27,กฟส.ธาตุพนม (S),THA06VF-002,512,อากาศปกติ,ต้นไม้-ต้นไม้ล้มทับสาย,ศจฟ,16:47,16:31,17:15,44,1. นรากร แสนโสม  | 2. นฤสรธ์ น้อยนารถ,รถ : กระเช้าธาตุพนม,FUSE LINK 22 KV. 40 A.EEI-NEMA TYPE K,2,,2026-05-28
2614,28 พ.ค. 2569,16:52,23:56,424,กฟจ.นครพนม (L),,11386,ฝนตก ลมแรง,อุปกรณ์-ชำรุด,ศจฟ,16:52,17:01,22:20,319,1. ภานุวัฒน์ สิงห์ทองไชย  | 2. สันติ อินทิสาร,รถ : 81-1269 นพ (นพ 03),"CONN.,PG,TRIPLE BOLT,AL70-18S SQ.MM.",2,,2026-05-28
2615,28 พ.ค. 2569,17:42,17:35,0,กฟจ.นครพนม (L),NNA07F-36,818,ฝนตก ลมแรง,อุปกรณ์-ชำรุด,ศจฟ,17:42,16:30,17:30,60,1. ทศวรรษ มังคละคีรี  | 2. หิรัญ พลไกรสร,รถ : 3ฒภ 2576 กทม (นพ 01),FUSE LINK 22 KV. 10 A.EEI-NEMA TYPE K,2,,2026-05-28
2616,28 พ.ค. 2569,17:47,18:04,17,กฟจ.นครพนม (L),NNA04F-26/1,138,ฝนตก ลมแรง,อุปกรณ์-ชำรุด,ศจฟ,17:47,17:30,18:15,45,1. ทศวรรษ มังคละคีรี  | 2. หิรัญ พลไกรสร,รถ : 3ฒภ 2576 กทม (นพ 01),FUSE LINK 22 KV. 10 A.EEI-NEMA TYPE K,2,,2026-05-28
2617,28 พ.ค. 2569,17:48,21:00,192,กฟจ.นครพนม (L),NNA04F-14,21,ฝนตก ลมแรง,อุปกรณ์-ชำรุด,ศจฟ,17:48,20:45,21:30,45,1. ทศวรรษ มังคละคีรี  | 2. หิรัญ พลไกรสร,รถ : 3ฒภ 2576 กทม (นพ 01),FUSE LINK 22 KV. 10 A.EEI-NEMA TYPE K,2,,2026-05-28
2618,28 พ.ค. 2569,18:36,22:00,204,กฟส.ปลาปาก (XS),,0,อากาศปกติ,อุปกรณ์-ชำรุด,ศจฟ,18:36,18:46,22:00,194,1. นรากร แสนโสม  | 2. บิณฑ์ นารินทร์รักษ์,รถ : กระเช้าธาตุพนม,FUSE LINK 22 KV. 8 A.EEI-NEMA TYPE K,2,,2026-05-28
2619,28 พ.ค. 2569,18:38,18:48,10,กฟส.ธาตุพนม (S),THA06VF-052,76,อากาศปกติ,ต้นไม้-ลมพัดต้นไม้มาแตะสาย,ศจฟ,18:38,18:00,19:38,98,1. นรากร แสนโสม  | 2. นฤสรธ์ น้อยนารถ,รถ : กระเช้าธาตุพนม,FUSE LINK 22 KV. 10 A.EEI-NEMA TYPE K,2,,2026-05-28
2620,28 พ.ค. 2569,18:47,18:48,1,กฟส.ท่าอุเทน (XS),SSK02VF-232,36,ฝนตก ลมแรง,ต้นไม้-ลมพัดต้นไม้มาแตะสาย,ศจฟ,18:47,16:47,18:49,122,1. อภิรักษ์ สาตะรักษ์,รถ : รถแก้ไฟท่าอุเทน,FUSE LINK 22 KV. 8 A.EEI-NEMA TYPE K,2,,2026-05-28
2621,28 พ.ค. 2569,18:53,20:45,112,กฟจ.นครพนม (L),,1192,ฝนตก ลมแรง,ต้นไม้-ลมพัดต้นไม้มาแตะสาย,ศจฟ,18:53,19:40,20:34,54,1. ทศวรรษ มังคละคีรี  | 2. หิรัญ พลไกรสร,รถ : 3ฒภ 2576 กทม (นพ 01),,,,2026-05-28
2622,28 พ.ค. 2569,20:27,22:33,126,กฟส.ท่าอุเทน (XS),SSK02VF-201,627,ฝนตก ลมแรง,ต้นไม้-ลมพัดต้นไม้มาแตะสาย,ศจฟ,20:27,20:30,22:35,125,1. อภิรักษ์ สาตะรักษ์,รถ : รถแก้ไฟท่าอุเทน,"CONN.,PG,TRIPLE BOLT,AL70-18S SQ.MM.",5,,2026-05-28
2623,28 พ.ค. 2569,21:36,21:39,3,กฟส.นาแก (S),SOA07VF-501,69,ฝนตก,อุปกรณ์-ชำรุด,ศจฟ,21:36,21:38,21:42,4,1. พิษณุ คำคนซื่อ,รถ : นก-03,"DROPOUT,FUSE,22 KV.100 A.12 KA",1,,2026-05-28
2624,28 พ.ค. 2569,21:47,21:56,9,กฟส.เรณูนคร (XS),48-002954,20,ฝนตก ลมแรง,ต้นไม้-ลมพัดต้นไม้มาแตะสาย,ศจฟ,21:47,18:49,20:15,86,1. ณวุฒิ กลางประพันธ์,รถ : 80-7964 นพ รณ.01,"CABLE,AL,750 V,50 SQ.MM. TIS.293",2,,2026-05-28
2625,28 พ.ค. 2569,23:12,00:01,49,กฟจ.นครพนม (L),THA06VF-063,408,ฝนตก ลมแรง,ต้นไม้-ลมพัดต้นไม้มาแตะสาย,ศจฟ,23:12,22:40,00:03,83,1. ทศวรรษ มังคละคีรี  | 2. ภานุวัฒน์ สิงห์ทองไชย  | 3. สันติ อินทิสาร  | 4. หิรัญ พลไกรสร,รถ : 81-1269 นพ (นพ 03),FUSE LINK 22 KV. 30 A.EEI-NEMA TYPE K,2,,2026-05-28
2626,29 พ.ค. 2569,00:00,23:00,0,กฟส.ปลาปาก (XS),NNA07F-48/9,424,ฝนตก ฟ้าคะนอง,อุปกรณ์-ชำรุด,ศจฟ,00:00,18:30,23:30,300,1. นครินทร์ จำปาทิ  | 2. บิณฑ์ นารินทร์รักษ์,รถ : เลิกใช้,FUSE LINK 22 KV. 25 A.EEI-NEMA TYPE K,2,,2026-05-29
2627,29 พ.ค. 2569,01:11,03:00,109,กฟส.ศรีสงคราม (XS),SSK07VB-01,0,ฝนตก ลมแรง,ภัยธรรมชาติ-พายุฤดูร้อน/พายุดีเปรสชั่น,ศจฟ,01:10,02:00,03:00,60,1. ศิลารักษ์ วิภา,รถ : ศรีสงคราม 02,,,,2026-05-29
2628,29 พ.ค. 2569,03:17,03:30,13,กฟส.ศรีสงคราม (XS),SSK04VF-001,656,ฝนตก ลมแรง,ภัยธรรมชาติ-พายุฤดูร้อน/พายุดีเปรสชั่น,ศจฟ,03:17,02:30,03:30,60,1. ศิลารักษ์ วิภา,รถ : ศรีสงคราม 02,FUSE LINK 22 KV. 25 A.EEI-NEMA TYPE K,1,,2026-05-29
2629,29 พ.ค. 2569,05:59,06:06,7,กฟส.ปลาปาก (XS),29-011052,263,ฝนตก,โหลดเกินพิกัด-โหลดเกินพิกัด,ศจฟ,05:59,05:30,06:40,70,1. บิณฑ์ นารินทร์รักษ์,รถ : เลิกใช้,"H.R.C. FUSE, BLADE CONTACT, 100 A",1,,2026-05-29
2630,29 พ.ค. 2569,06:51,02:01,0,กฟส.ท่าอุเทน (XS),SSK02VF-228,227,ฝนตก ฟ้าคะนอง,โหลดเกินพิกัด-โหลดเกินพิกัด,ศจฟ,06:51,00:06,02:15,129,1. วีระพงษ์ วงตรี  | 2. อภิรักษ์ สาตะรักษ์,รถ : รถแก้ไฟท่าอุเทน,"CABLE,AL,750 V,50 SQ.MM. TIS.293",6,,2026-05-29
2631,29 พ.ค. 2569,07:06,09:40,154,กฟส.ท่าอุเทน (XS),,5488,ฝนตก ฟ้าคะนอง,โหลดเกินพิกัด-โหลดเกินพิกัด,ศจฟ,07:06,07:07,09:21,134,1. วีระพงษ์ วงตรี  | 2. อภิรักษ์ สาตะรักษ์,รถ : รถแก้ไฟท่าอุเทน,,,,2026-05-29
2632,29 พ.ค. 2569,09:00,09:34,33,กฟส.นาหว้า (XS),SSK06F-123,32,ฝนตก ฟ้าคะนอง,โหลดเกินพิกัด-โหลดเกินพิกัด,ศจฟ,09:00,09:33,09:37,4,1. อัมรินทร์ วะราวัง,รถ : นาหว้า 02,"CABLE,AL,750 V,50 SQ.MM. TIS.293",10,,2026-05-29
2633,29 พ.ค. 2569,09:46,11:20,94,กฟส.โพนสวรรค์ (XS),NNA01F-39,527,ฝนตก ฟ้าคะนอง,ภัยธรรมชาติ-พายุฤดูร้อน/พายุดีเปรสชั่น,ศจฟ,09:46,10:20,11:20,60,1. สุทธิเกียรติ บุญรังษี,รถ : โพนสวรรค์-03,FUSE LINK 22 KV. 40 A.EEI-NEMA TYPE K,3,,2026-05-29
2634,29 พ.ค. 2569,09:48,11:15,87,กฟส.โพนสวรรค์ (XS),SSK07F-10,449,ฝนตก ฟ้าคะนอง,ภัยธรรมชาติ-พายุฤดูร้อน/พายุดีเปรสชั่น,ศจฟ,09:48,09:20,10:10,50,1. สุทธิเกียรติ บุญรังษี,รถ : โพนสวรรค์-03,FUSE LINK 22 KV. 25 A.EEI-NEMA TYPE K,1,,2026-05-29
2635,29 พ.ค. 2569,09:49,11:13,84,กฟส.โพนสวรรค์ (XS),SSK07F-07,3457,ฝนตก ฟ้าคะนอง,ภัยธรรมชาติ-พายุฤดูร้อน/พายุดีเปรสชั่น,ศจฟ,09:49,08:30,09:15,45,1. สุทธิเกียรติ บุญรังษี,รถ : โพนสวรรค์-03,FUSE LINK 22 KV. 25 A.EEI-NEMA TYPE K,3,,2026-05-29
2636,29 พ.ค. 2569,10:25,12:14,109,กฟส.เรณูนคร (XS),THA06F-59/1,1835,ฝนตก ลมแรง,ภัยธรรมชาติ-พายุฤดูร้อน/พายุดีเปรสชั่น,ศจฟ,10:25,03:22,04:35,73,1. ณวุฒิ กลางประพันธ์,รถ : 80-7964 นพ รณ.01,FUSE LINK 22 KV. 15 A.EEI-NEMA TYPE K,2,,2026-05-29
2637,29 พ.ค. 2569,10:38,15:24,286,กฟส.เรณูนคร (XS),THA02F-65,517,ฝนตก ลมแรง,ภัยธรรมชาติ-พายุฤดูร้อน/พายุดีเปรสชั่น,ศจฟ,10:38,05:41,06:53,72,1. ณวุฒิ กลางประพันธ์,รถ : 80-7964 นพ รณ.01,FUSE LINK 22 KV. 25 A.EEI-NEMA TYPE K,4,,2026-05-29
2638,29 พ.ค. 2569,10:49,15:30,281,กฟส.เรณูนคร (XS),THA02F-60,130,ฝนตก ลมแรง,ภัยธรรมชาติ-พายุฤดูร้อน/พายุดีเปรสชั่น,ศจฟ,10:49,06:56,08:13,77,1. ณวุฒิ กลางประพันธ์,รถ : 80-7964 นพ รณ.01,FUSE LINK 22 KV. 10 A.EEI-NEMA TYPE K,3,,2026-05-29
2639,29 พ.ค. 2569,10:50,15:15,265,กฟส.เรณูนคร (XS),THA02F-61,640,ฝนตก ลมแรง,ภัยธรรมชาติ-พายุฤดูร้อน/พายุดีเปรสชั่น,ศจฟ,10:50,04:36,05:39,63,1. ณวุฒิ กลางประพันธ์,รถ : 80-7964 นพ รณ.01,FUSE LINK 22 KV. 20 A.EEI-NEMA TYPE K,4,,2026-05-29
2640,29 พ.ค. 2569,10:56,03:08,0,กฟส.ท่าอุเทน (XS),NNA01VF-204,1141,ฝนตก ลมแรง,ภัยธรรมชาติ-พายุฤดูร้อน/พายุดีเปรสชั่น,ศจฟ,10:56,02:26,14:08,702,1. อภิรักษ์ สาตะรักษ์,รถ : รถแก้ไฟท่าอุเทน,FUSE LINK 22 KV. 25 A.EEI-NEMA TYPE K,1,,2026-05-29
2641,29 พ.ค. 2569,10:57,14:17,200,กฟส.ท่าอุเทน (XS),SSK02VF-265,123,ฝนตก ฟ้าคะนอง,ภัยธรรมชาติ-พายุฤดูร้อน/พายุดีเปรสชั่น,ศจฟ,10:57,03:55,06:18,143,1. อภิรักษ์ สาตะรักษ์,รถ : รถแก้ไฟท่าอุเทน,FUSE LINK 22 KV. 15 A.EEI-NEMA TYPE K,1,,2026-05-29
2642,29 พ.ค. 2569,13:51,14:00,9,กฟส.นาทม (XS),SEK03F-581,273,ฝนตก ฟ้าคะนอง,ภัยธรรมชาติ-พายุฤดูร้อน/พายุดีเปรสชั่น,ศจฟ,13:51,13:52,14:19,27,1. วราวุธ นาขมิ้น,รถ : นาทม 02,FUSE LINK 22 KV. 30 A.EEI-NEMA TYPE K,2,,2026-05-29
2643,29 พ.ค. 2569,13:52,14:21,29,กฟส.นาทม (XS),SEK03F-582,5,ฝนตก ฟ้าคะนอง,ภัยธรรมชาติ-พายุฤดูร้อน/พายุดีเปรสชั่น,ศจฟ,13:51,13:52,15:40,108,1. วราวุธ นาขมิ้น,รถ : นาทม 02,FUSE LINK 22 KV. 10 A.EEI-NEMA TYPE K,1,,2026-05-29
2644,29 พ.ค. 2569,13:58,14:07,9,กฟส.บ้านแพง (S),62-001991,221,ฝนตก,ภัยธรรมชาติ-พายุฤดูร้อน/พายุดีเปรสชั่น,ศจฟ,13:58,10:10,11:10,60,1. รชานนท์ โมธรรม,รถ : กระเช้าบ้านแพง,"DROPOUT,FUSE,22 KV.100 A.12 KA",1,,2026-05-29
2645,29 พ.ค. 2569,14:02,14:09,7,กฟส.นาหว้า (XS),64-002030,125,ฝนตก,ภัยธรรมชาติ-พายุฤดูร้อน/พายุดีเปรสชั่น,ศจฟ,14:02,14:03,14:13,10,1. อัมรินทร์ วะราวัง,รถ : นาหว้า 02,"CABLE,AL,750 V,50 SQ.MM. TIS.293",8,,2026-05-29
2646,29 พ.ค. 2569,14:03,13:30,0,กฟส.ศรีสงคราม (XS),SSK02VF-022,3,ฝนตก ลมแรง,วัสดุแปลกปลอม-เศษกิ่งไม้ใบไม้/ฟาง/ทางมะพร้าวปลิวมาแตะ,ศจฟ,14:03,13:00,13:30,30,1. ศิลารักษ์ วิภา,รถ : ศรีสงคราม 02,FUSE LINK 22 KV. 5-6 A.EEI-NEMA TYPE K,3,,2026-05-29
2647,29 พ.ค. 2569,14:04,13:00,0,กฟส.ศรีสงคราม (XS),SSK02VF-020,743,ฝนตก ลมแรง,วัสดุแปลกปลอม-เศษกิ่งไม้ใบไม้/ฟาง/ทางมะพร้าวปลิวมาแตะ,ศจฟ,14:04,12:00,13:00,60,1. ศิลารักษ์ วิภา,รถ : ศรีสงคราม 02,FUSE LINK 22 KV. 15 A.EEI-NEMA TYPE K,2,,2026-05-29
2648,29 พ.ค. 2569,14:15,14:43,27,กฟส.ศรีสงคราม (XS),67-023019,21,ฝนตก ลมแรง,ภัยธรรมชาติ-พายุฤดูร้อน/พายุดีเปรสชั่น,ศจฟ,14:15,14:00,14:46,46,1. ศิลารักษ์ วิภา,รถ : ศรีสงคราม 02,"CABLE,AL,750 V,50 SQ.MM. TIS.293",8,,2026-05-29
2649,29 พ.ค. 2569,14:17,14:18,1,กฟส.บ้านแพง (S),SSK08F-125,63,ฝนตก ลมแรง,ภัยธรรมชาติ-พายุฤดูร้อน/พายุดีเปรสชั่น,ศจฟ,14:17,10:15,11:19,64,1. รชานนท์ โมธรรม,รถ : กระเช้าบ้านแพง,FUSE HOLDER 22 KV. 100 A. 12 KA.,2,,2026-05-29
2650,29 พ.ค. 2569,14:19,15:28,69,กฟส.ธาตุพนม (S),THA06VF-041,87,ฝนตก ลมแรง,ภัยธรรมชาติ-พายุฤดูร้อน/พายุดีเปรสชั่น,ศจฟ,14:19,14:20,15:31,71,1. ณวุฒิ กลางประพันธ์  | 2. นรากร แสนโสม,รถ : กระเช้าธาตุพนม,FUSE LINK 22 KV. 15 A.EEI-NEMA TYPE K,2,,2026-05-29
2651,29 พ.ค. 2569,14:26,15:08,42,กฟส.ศรีสงคราม (XS),SSK08VF-057,1,ฝนตก ลมแรง,อุปกรณ์-ชำรุด,ศจฟ,14:26,14:10,15:10,60,1. ศิลารักษ์ วิภา,รถ : ศรีสงคราม 02,FUSE LINK 22 KV. 20 A.EEI-NEMA TYPE K,1,,2026-05-29
2652,29 พ.ค. 2569,14:38,15:37,58,กฟส.นาหว้า (XS),SSK04VF-115,140,ฝนตก ลมแรง,อุปกรณ์-ชำรุด,ศจฟ,14:38,15:00,15:39,39,1. อัมรินทร์ วะราวัง,รถ : นาหว้า 02,FUSE LINK 22 KV. 20 A.EEI-NEMA TYPE K,3,,2026-05-29
2653,29 พ.ค. 2569,14:56,19:44,288,กฟส.ท่าอุเทน (XS),59-016718,12,ฝนตก ฟ้าคะนอง,อุปกรณ์-ชำรุด,ศจฟ,14:56,14:58,20:48,350,1. อภิรักษ์ สาตะรักษ์,รถ : รถแก้ไฟท่าอุเทน,"CABLE LUG,NEMA 2-HOLE,AL 50 SQ.MM.",6,,2026-05-29
2654,29 พ.ค. 2569,15:00,15:18,18,กฟจ.นครพนม (L),NNA04F-04/02,81,ฝนตก ลมแรง,อุปกรณ์-ชำรุด,ศจฟ,15:00,15:03,15:20,17,1. คณิศร์ อริยชาติ  | 2. จันทะคาด บัวเคน  | 3. นลธวัช ศรีหาเศษ  | 4. สุรวุฒิ สุขแสงดาว  | 5. เกริกฤทธิ์ จันทรโพธิ์ศรี,รถ : 3ฒภ 2576 กทม (นพ 01),FUSE LINK 22 KV. 10 A.EEI-NEMA TYPE K,3,,2026-05-29
2655,29 พ.ค. 2569,15:03,15:10,7,กฟส.บ้านแพง (S),54-003808,242,ฝนตก ลมแรง,ภัยธรรมชาติ-พายุฤดูร้อน/พายุดีเปรสชั่น,ศจฟ,15:03,14:05,14:45,40,1. รชานนท์ โมธรรม,รถ : กระเช้าบ้านแพง,"DROPOUT,FUSE,22 KV.100 A.12 KA",1,,2026-05-29
2656,29 พ.ค. 2569,15:08,15:46,38,กฟส.ศรีสงคราม (XS),59-025053,19,ฝนตก ลมแรง,ภัยธรรมชาติ-พายุฤดูร้อน/พายุดีเปรสชั่น,ศจฟ,15:08,15:09,15:47,38,1. วุฒิชัย เหมเมือง,รถ : ศรีสงคราม 02,FUSE LINK 22 KV. 3 A.EEI-NEMA TYPE K,2,,2026-05-29
2657,29 พ.ค. 2569,15:23,15:35,12,กฟจ.นครพนม (L),NNB01VF-005,140,อากาศปกติ,อุปกรณ์-ชำรุด,ศจฟ,15:23,15:24,15:37,13,1. คณิศร์ อริยชาติ  | 2. สุรวุฒิ สุขแสงดาว,รถ : 81-1269 นพ (นพ 03),FUSE LINK 22 KV. 15 A.EEI-NEMA TYPE K,3,,2026-05-29
2658,29 พ.ค. 2569,17:12,17:30,18,กฟจ.นครพนม (L),SSK08VF-057,1,อากาศปกติ,สัตว์-งู,ศจฟ,17:12,16:00,19:30,210,1. ชัยยา มาตขาว  | 2. ธนัช บัวศรี  | 3. ธราดล โทพล  | 4. ธิษณ์ศรัณย์ ลองจำนงค์  | 5. ประจล ศรีสุราช  | 6. ปิยะวัฒน์ พรพนม  | 7. พงศ์อิสรา ภักดี  | 8. พงษ์สนิจ ศรีวิชัย  | 9. ภานุวัฒน์ สิงห์ทองไชย  | 10. วีระยุทธ อภิรมยานนท์  | 11. อนุสรณ์ พนมศักดิ์,รถ : รถกระเช้า (04),"HOTLINE BAIL-CLAMP,MAIN 35-70 SQ.MM.",3,,2026-05-29
2659,29 พ.ค. 2569,17:15,20:00,165,กฟจ.นครพนม (L),NNA07F-40,399,อากาศปกติ,สัตว์-งู,ศจฟ,17:15,17:17,20:00,163,1. ชัยยา มาตขาว  | 2. ธนัช บัวศรี  | 3. ธราดล โทพล  | 4. ธิษณ์ศรัณย์ ลองจำนงค์  | 5. ประจล ศรีสุราช  | 6. ปิยะวัฒน์ พรพนม  | 7. พงศ์อิสรา ภักดี  | 8. พงษ์สนิจ ศรีวิชัย  | 9. ภานุวัฒน์ สิงห์ทองไชย  | 10. วีระยุทธ อภิรมยานนท์  | 11. อนุสรณ์ พนมศักดิ์,รถ : 81-1269 นพ (นพ 03),FUSE LINK 22 KV. 25 A.EEI-NEMA TYPE K,2,,2026-05-29
2660,29 พ.ค. 2569,18:23,19:22,58,กฟจ.นครพนม (L),6300944454,1,อากาศปกติ,อุปกรณ์-ชำรุด,ศจฟ,18:23,18:24,19:28,64,1. ชัยยา มาตขาว  | 2. ธนัช บัวศรี  | 3. ธราดล โทพล  | 4. ธิษณ์ศรัณย์ ลองจำนงค์  | 5. ประจล ศรีสุราช  | 6. ปิยะวัฒน์ พรพนม  | 7. พงศ์อิสรา ภักดี  | 8. พงษ์สนิจ ศรีวิชัย  | 9. ภานุวัฒน์ สิงห์ทองไชย  | 10. วีระยุทธ อภิรมยานนท์  | 11. อนุสรณ์ พนมศักดิ์,รถ : 3ฒภ 2576 กทม (นพ 01),"CONN.,PG,DOUBLE BOLT,AL 16-70 SQ.MM.",2,,2026-05-29
2661,29 พ.ค. 2569,18:29,18:40,11,กฟจ.นครพนม (L),60-027564,18,อากาศปกติ,สัตว์-งู,ศจฟ,18:29,18:30,18:42,12,1. ชัยยา มาตขาว  | 2. ธนัช บัวศรี  | 3. ธราดล โทพล  | 4. ธิษณ์ศรัณย์ ลองจำนงค์  | 5. ประจล ศรีสุราช  | 6. ปิยะวัฒน์ พรพนม  | 7. พงศ์อิสรา ภักดี  | 8. พงษ์สนิจ ศรีวิชัย  | 9. ภานุวัฒน์ สิงห์ทองไชย  | 10. วีระยุทธ อภิรมยานนท์  | 11. อนุสรณ์ พนมศักดิ์,รถ : 3ฒภ 2576 กทม (นพ 01),FUSE LINK 22 KV. 3 A.EEI-NEMA TYPE K,1,,2026-05-29
2662,29 พ.ค. 2569,18:33,01:18,405,กฟจ.นครพนม (L),5600482427,1,อากาศปกติ,สัตว์-งู,ศจฟ,18:33,18:34,21:30,176,1. ชัยยา มาตขาว  | 2. ธนัช บัวศรี  | 3. ธราดล โทพล  | 4. ธิษณ์ศรัณย์ ลองจำนงค์  | 5. ประจล ศรีสุราช  | 6. ปิยะวัฒน์ พรพนม  | 7. พงศ์อิสรา ภักดี  | 8. พงษ์สนิจ ศรีวิชัย  | 9. ภานุวัฒน์ สิงห์ทองไชย  | 10. วีระยุทธ อภิรมยานนท์  | 11. อนุสรณ์ พนมศักดิ์,รถ : 81-1269 นพ (นพ 03),,,,2026-05-29
2663,29 พ.ค. 2569,18:38,18:58,20,กฟส.ศรีสงคราม (XS),34-003715,28,อากาศปกติ,อุปกรณ์-ชำรุด,ศจฟ,18:38,18:39,19:29,50,1. ปัญจพงษ์ เศรษฐาไชย,รถ : ศรีสงคราม 02,"DROPOUT,FUSE,22 KV.100 A.12 KA",2,,2026-05-29
2664,29 พ.ค. 2569,18:47,21:08,141,กฟส.ท่าอุเทน (XS),59-016718,12,อากาศชื้น / หมอก,อุปกรณ์-ชำรุด,ศจฟ,18:47,18:48,19:00,12,1. ปรินทร์ บุญเทียม,รถ : รถแก้ไฟท่าอุเทน,"CABLE,AL,750 V,50 SQ.MM. TIS.293",10,,2026-05-29
2665,29 พ.ค. 2569,19:21,21:11,110,กฟส.ท่าอุเทน (XS),NNA01VF-217,67,อากาศชื้น / หมอก,อุปกรณ์-ชำรุด,ศจฟ,19:21,19:22,19:40,18,1. ปรินทร์ บุญเทียม,รถ : รถแก้ไฟท่าอุเทน,FUSE LINK 22 KV. 15 A.EEI-NEMA TYPE K,2,,2026-05-29
2666,29 พ.ค. 2569,20:30,21:29,58,กฟส.ธาตุพนม (S),31-004083,273,อากาศปกติ,โหลดเกินพิกัด-โหลดเกินพิกัด,ศจฟ,20:30,20:31,21:30,59,1. ธิติ เรณู  | 2. อุทัย สุมินทร์,รถ : กระเช้าธาตุพนม,"H.R.C. FUSE, BLADE CONTACT, 200 A",1,,2026-05-29
2667,29 พ.ค. 2569,22:08,22:11,3,กฟส.โพนสวรรค์ (XS),NNA01F-46,263,อากาศชื้น / หมอก,ภัยธรรมชาติ-พายุฤดูร้อน/พายุดีเปรสชั่น,ศจฟ,22:08,18:00,19:30,90,1. วรัญญู สังรวมใจ,รถ : โพนสวรรค์-03,FUSE LINK 22 KV. 20 A.EEI-NEMA TYPE K,1,,2026-05-29
2668,29 พ.ค. 2569,22:32,22:49,17,กฟส.ปลาปาก (XS),54-011678,71,อากาศปกติ,ต้นไม้-ต้นไม้ล้มทับสาย,ศจฟ,22:32,22:48,23:58,70,1. นครินทร์ จำปาทิ,รถ : รถแก้ไฟปลาปาก 01,"CABLE,AL,750 V,50 SQ.MM. TIS.293",6,,2026-05-29
2669,30 พ.ค. 2569,05:30,05:47,17,กฟส.โพนสวรรค์ (XS),NNA01F-41,757,อากาศชื้น / หมอก,ภัยธรรมชาติ-พายุฤดูร้อน/พายุดีเปรสชั่น,ศจฟ,05:30,00:45,02:50,125,1. วรัญญู สังรวมใจ,รถ : โพนสวรรค์-03,FUSE LINK 22 KV. 30 A.EEI-NEMA TYPE K,1,,2026-05-30
2670,30 พ.ค. 2569,05:30,06:37,67,กฟส.ศรีสงคราม (XS),65-016398,17,ฝนตก ฟ้าคะนอง,อุปกรณ์-ชำรุด,ศจฟ,05:30,05:35,07:08,93,1. ปัญจพงษ์ เศรษฐาไชย,รถ : ศรีสงคราม 02,"CABLE,AL,750 V,50 SQ.MM. TIS.293",5,,2026-05-30
2671,30 พ.ค. 2569,05:41,06:19,38,กฟส.ท่าอุเทน (XS),NNA01VF-206,1,อากาศชื้น / หมอก,สภาพสิ่งแวดล้อม-ฟ้าผ่า,ศจฟ,05:41,01:00,02:30,90,1. ปรินทร์ บุญเทียม,รถ : รถแก้ไฟท่าอุเทน,FUSE LINK 22 KV. 10 A.EEI-NEMA TYPE K,3,,2026-05-30
2672,30 พ.ค. 2569,05:46,08:11,145,กฟส.ท่าอุเทน (XS),SSK02VF-232,36,อากาศชื้น / หมอก,สภาพสิ่งแวดล้อม-ความชื้น,ศจฟ,05:46,05:00,07:15,135,1. ปรินทร์ บุญเทียม,รถ : รถแก้ไฟท่าอุเทน,FUSE LINK 22 KV. 10 A.EEI-NEMA TYPE K,2,,2026-05-30
2673,30 พ.ค. 2569,05:53,08:09,136,กฟส.ท่าอุเทน (XS),NNA01VF-224,321,อากาศปกติ,สภาพสิ่งแวดล้อม-ฟ้าผ่า,ศจฟ,05:53,03:00,04:30,90,1. ปรินทร์ บุญเทียม,รถ : รถแก้ไฟท่าอุเทน,FUSE LINK 22 KV. 10 A.EEI-NEMA TYPE K,2,,2026-05-30
2674,30 พ.ค. 2569,06:00,08:12,132,กฟส.โพนสวรรค์ (XS),NNA01F-45,876,ฝนตก,ภัยธรรมชาติ-พายุฤดูร้อน/พายุดีเปรสชั่น,ศจฟ,06:00,04:00,06:05,125,1. วรัญญู สังรวมใจ,รถ : โพนสวรรค์-03,FUSE LINK 22 KV. 20 A.EEI-NEMA TYPE K,1,,2026-05-30
2675,30 พ.ค. 2569,07:51,08:33,42,กฟส.ปลาปาก (XS),NNA07F-56,1189,ฝนตก ฟ้าคะนอง,ภัยธรรมชาติ-พายุฤดูร้อน/พายุดีเปรสชั่น,ศจฟ,07:51,07:52,08:35,43,1. นครินทร์ จำปาทิ  | 2. บิณฑ์ นารินทร์รักษ์,รถ : รถแก้ไฟปลาปาก 01,FUSE LINK 22 KV. 30 A.EEI-NEMA TYPE K,2,,2026-05-30
2676,30 พ.ค. 2569,07:53,08:17,24,กฟส.โพนสวรรค์ (XS),NNA01F-38,1740,ฝนตก,ภัยธรรมชาติ-พายุฤดูร้อน/พายุดีเปรสชั่น,ศจฟ,07:53,06:10,08:19,129,1. วรัญญู สังรวมใจ,รถ : โพนสวรรค์-03,FUSE LINK 22 KV. 30 A.EEI-NEMA TYPE K,1,,2026-05-30
2677,30 พ.ค. 2569,07:54,08:24,29,กฟส.ศรีสงคราม (XS),22281087,1,ฝนตก ฟ้าคะนอง,อุปกรณ์-ชำรุด,ศจฟ,07:54,07:55,08:34,39,1. ปัญจพงษ์ เศรษฐาไชย,รถ : ศรีสงคราม 02,"CONN.,PG,DOUBLE BOLT,AL 16-70 SQ.MM.",2,,2026-05-30
2678,30 พ.ค. 2569,07:59,07:18,7159,กฟส.ท่าอุเทน (XS),34-003001,35,อากาศปกติ,อุปกรณ์-ชำรุด,ศจฟ,07:59,05:00,06:30,90,1. ปรินทร์ บุญเทียม,รถ : รถแก้ไฟท่าอุเทน,"CABLE,AL,750 V,50 SQ.MM. TIS.293",5,,2026-05-30
2679,30 พ.ค. 2569,10:11,18:07,476,กฟจ.นครพนม (L),NNA01VF-017,184,อากาศปกติ,อุปกรณ์-ชำรุด,ศจฟ,10:11,09:00,10:25,85,1. สันติ อินทิสาร  | 2. สุรวุฒิ สุขแสงดาว,รถ : 3ฒภ 2576 กทม (นพ 01),"CABLE LUG,NEMA 2-HOLE,AL 50 SQ.MM.",6,,2026-05-30
2680,30 พ.ค. 2569,10:35,10:00,0,กฟส.ท่าอุเทน (XS),SSK02VF-228,227,ฝนตก,อุปกรณ์-ชำรุด,ศจฟ,10:35,09:30,10:20,50,1. สุรธวัช วุฒิสาร,รถ : รถแก้ไฟท่าอุเทน,FUSE LINK 22 KV. 40 A.EEI-NEMA TYPE K,1,,2026-05-30
2681,30 พ.ค. 2569,11:05,11:50,45,กฟส.ท่าอุเทน (XS),BFA09VF-205,55,ฝนตก,อุปกรณ์-ชำรุด,ศจฟ,11:05,11:07,11:51,44,1. สุรธวัช วุฒิสาร,รถ : รถแก้ไฟท่าอุเทน,FUSE LINK 22 KV. 10 A.EEI-NEMA TYPE K,1,,2026-05-30
2682,30 พ.ค. 2569,11:41,11:46,5,กฟส.นาแก (S),THA04VF-210-2,1,อากาศปกติ,อุปกรณ์-ชำรุด,ศจฟ,11:41,09:30,10:30,60,1. วรพันธุ์ ตันสมรส,รถ : นก-03,FUSE LINK 22 KV. 10 A.EEI-NEMA TYPE K,2,,2026-05-30
2683,30 พ.ค. 2569,11:43,11:49,6,กฟส.นาแก (S),THA03VF-238-4,12,อากาศปกติ,ต้นไม้-กิ่งไม้หักพาดสาย,ศจฟ,11:43,10:30,11:20,50,1. วรพันธุ์ ตันสมรส,รถ : นก-03,FUSE LINK 22 KV. 5-6 A.EEI-NEMA TYPE K,2,,2026-05-30
2684,30 พ.ค. 2569,12:11,12:50,38,กฟส.ปลาปาก (XS),63-002353,105,อากาศปกติ,ต้นไม้-กิ่งไม้หักพาดสาย,ศจฟ,12:11,12:12,12:56,44,1. สุธรรม จันทะผา,รถ : รถแก้ไฟปลาปาก 01,"H.R.C. FUSE, BLADE CONTACT, 80 A",2,,2026-05-30
2685,30 พ.ค. 2569,13:04,13:49,45,กฟส.ปลาปาก (XS),67-035014,82,อากาศปกติ,ต้นไม้-กิ่งไม้หักพาดสาย,ศจฟ,13:04,13:06,14:03,57,1. สุธรรม จันทะผา,รถ : รถแก้ไฟปลาปาก 01,"H.R.C. FUSE, BLADE CONTACT, 100 A",2,,2026-05-30
2686,30 พ.ค. 2569,17:11,18:20,69,กฟจ.นครพนม (L),NNA08VF-208,2,ฝนตก ฟ้าคะนอง,ภัยธรรมชาติ-พายุฤดูร้อน/พายุดีเปรสชั่น,ศจฟ,17:11,17:00,19:00,120,1. จันทะคาด บัวเคน  | 2. ชัยยา มาตขาว  | 3. ธนัช บัวศรี  | 4. วิเชียร สุวอ  | 5. วีระยุทธ อภิรมยานนท์  | 6. สันติ อินทิสาร  | 7. อนุสรณ์ พนมศักดิ์,รถ : รถกระเช้า (04),"CONN.,PG,DOUBLE BOLT,AL 25-95 SQ.MM.",3,,2026-05-30
2687,30 พ.ค. 2569,17:15,18:13,58,กฟจ.นครพนม (L),NNA04F-04,1144,ฝนตก ฟ้าคะนอง,ภัยธรรมชาติ-พายุฤดูร้อน/พายุดีเปรสชั่น,ศจฟ,17:15,17:00,18:12,72,1. จันทะคาด บัวเคน  | 2. สันติ อินทิสาร,รถ : 81-1269 นพ (นพ 03),FUSE LINK 22 KV. 40 A.EEI-NEMA TYPE K,2,,2026-05-30
2688,30 พ.ค. 2569,17:17,19:00,103,กฟจ.นครพนม (L),NNA07F-31,965,ฝนตก ฟ้าคะนอง,ภัยธรรมชาติ-พายุฤดูร้อน/พายุดีเปรสชั่น,ศจฟ,17:17,17:18,20:00,162,1. จันทะคาด บัวเคน  | 2. ชัยยา มาตขาว  | 3. วิเชียร สุวอ  | 4. สันติ อินทิสาร,รถ : 3ฒภ 2576 กทม (นพ 01),FUSE LINK 22 KV. 40 A.EEI-NEMA TYPE K,1,,2026-05-30
2689,30 พ.ค. 2569,17:42,18:09,27,กฟส.ปลาปาก (XS),52-012113,106,อากาศปกติ,ภัยธรรมชาติ-พายุฤดูร้อน/พายุดีเปรสชั่น,ศจฟ,17:42,17:43,18:22,39,1. สุธรรม จันทะผา,รถ : รถแก้ไฟปลาปาก 01,"H.R.C. FUSE, BLADE CONTACT, 100 A",2,,2026-05-30
2690,30 พ.ค. 2569,18:29,22:09,220,กฟจ.นครพนม (L),NNB02VF-003,12,อากาศปกติ,ภัยธรรมชาติ-พายุฤดูร้อน/พายุดีเปรสชั่น,ศจฟ,18:29,18:30,19:45,75,1. จันทะคาด บัวเคน  | 2. ชัยยา มาตขาว  | 3. วิเชียร สุวอ  | 4. สันติ อินทิสาร,รถ : 81-1269 นพ (นพ 03),FUSE LINK 22 KV. 15 A.EEI-NEMA TYPE K,2,,2026-05-30
2691,30 พ.ค. 2569,18:34,18:48,14,กฟส.ปลาปาก (XS),NNA07F-36/6-01,1,ลมแรง,ต้นไม้-ต้นไม้ล้มทับสาย,ศจฟ,18:34,18:35,18:57,23,1. สุธรรม จันทะผา,รถ : รถแก้ไฟปลาปาก 01,FUSE LINK 22 KV. 15 A.EEI-NEMA TYPE K,3,,2026-05-30
2692,30 พ.ค. 2569,19:41,22:11,150,กฟจ.นครพนม (L),NNA01VF-048,257,ลมแรง,ต้นไม้-ต้นไม้ล้มทับสาย,ศจฟ,19:41,19:00,22:10,190,1. จันทะคาด บัวเคน  | 2. ชัยยา มาตขาว  | 3. วิเชียร สุวอ  | 4. สันติ อินทิสาร,รถ : 81-1269 นพ (นพ 03),FUSE LINK 22 KV. 30 A.EEI-NEMA TYPE K,2,,2026-05-30
2693,30 พ.ค. 2569,19:42,22:00,138,กฟส.ท่าอุเทน (XS),NNA01VF-069,438,ลมแรง,ต้นไม้-ต้นไม้ล้มทับสาย,ศจฟ,19:42,19:44,23:00,196,1. ชัยยา มาตขาว  | 2. สุรธวัช วุฒิสาร,รถ : 3ฒภ 2576 กทม (นพ 01),FUSE LINK 22 KV. 40 A.EEI-NEMA TYPE K,2,,2026-05-30
2694,30 พ.ค. 2569,20:24,20:27,3,กฟส.นาแก (S),28-017582,62,ฝนตก ลมแรง,ภัยธรรมชาติ-พายุโซนร้อน/ใต้ฝุ่น,ศจฟ,20:24,20:25,20:29,4,1. อนาวิน อาจหาญ,รถ : นก-03,"H.R.C. FUSE, BLADE CONTACT, 80 A",1,,2026-05-30
2695,30 พ.ค. 2569,21:10,22:00,49,กฟส.วังยาง (XS),54-012220,34,อากาศปกติ,สัตว์-งู,ศจฟ,21:10,21:12,22:05,53,1. อนุรักษ์ วงค์จันดี,รถ : วย.01,FUSE LINK 22 KV. 8 A.EEI-NEMA TYPE K,2,,2026-05-30
2696,30 พ.ค. 2569,21:11,20:30,0,กฟส.โพนสวรรค์ (XS),SSK09F-08,294,ฝนตก ลมแรง,สัตว์-งู,ศจฟ,21:11,19:40,21:10,90,1. วสุธา หล้าพรหม,รถ : โพนสวรรค์-03,FUSE LINK 22 KV. 20 A.EEI-NEMA TYPE K,3,,2026-05-30
2697,30 พ.ค. 2569,23:07,23:08,1,กฟจ.นครพนม (L),51-007559,92,ฝนตก ลมแรง,สัตว์-งู,ศจฟ,23:07,22:00,23:10,70,1. จันทะคาด บัวเคน  | 2. ชัยยา มาตขาว  | 3. วิเชียร สุวอ  | 4. สันติ อินทิสาร,รถ : 81-1269 นพ (นพ 03),"H.R.C. FUSE, BLADE CONTACT, 160 A",2,,2026-05-30
2698,31 พ.ค. 2569,02:20,02:58,38,กฟส.เรณูนคร (XS),61-014938,61,ฝนตก ลมแรง,สัตว์-งู,ศจฟ,02:20,01:45,03:03,78,1. พงศวัชร์ ธัญภัทร์อนันต์,รถ : 80-7964 นพ รณ.01,"H.R.C. FUSE, BLADE CONTACT, 80 A",1,,2026-05-31
2699,31 พ.ค. 2569,05:43,07:25,102,กฟส.เรณูนคร (XS),55-005881,1,ฝนตก ลมแรง,สัตว์-งู,ศจฟ,05:43,05:44,07:30,106,1. พงศวัชร์ ธัญภัทร์อนันต์,รถ : 80-7964 นพ รณ.01,FUSE LINK 22 KV. 10 A.EEI-NEMA TYPE K,1,,2026-05-31
2700,31 พ.ค. 2569,06:17,07:09,51,กฟส.ศรีสงคราม (XS),BFA09VF-211,13,อากาศชื้น / หมอก,สัตว์-งู,ศจฟ,06:17,06:18,07:37,79,1. ปัญจพงษ์ เศรษฐาไชย,รถ : ศรีสงคราม 02,FUSE LINK 22 KV. 10 A.EEI-NEMA TYPE K,2,,2026-05-31
2701,31 พ.ค. 2569,09:28,10:14,45,กฟส.นาหว้า (XS),63-036663,158,อากาศปกติ,อุปกรณ์-ชำรุด,ศจฟ,09:28,09:29,10:21,52,1. กิตติศักดิ์ คำชนะ,รถ : -,"H.R.C. FUSE, BLADE CONTACT, 160 A",1,,2026-05-31
2702,31 พ.ค. 2569,09:32,10:30,58,กฟส.วังยาง (XS),43-003171,215,อากาศปกติ,อุปกรณ์-ชำรุด,ศจฟ,09:32,09:40,10:32,52,1. อนุรักษ์ วงค์จันดี,รถ : วย.01,FUSE LINK 22 KV. 15 A.EEI-NEMA TYPE K,1,,2026-05-31
2703,31 พ.ค. 2569,09:37,12:00,143,กฟจ.นครพนม (L),58-940686,184,อากาศปกติ,อุปกรณ์-ชำรุด,ศจฟ,09:37,09:41,10:30,49,1. ปรีชา เพ็งคำ  | 2. ภานุวัฒน์ สิงห์ทองไชย  | 3. หฤษฎ์ ถูระวัน,รถ : 3ฒภ 2576 กทม (นพ 01),,,,2026-05-31
2704,31 พ.ค. 2569,13:23,13:44,20,กฟจ.นครพนม (L),NNA04F-03,283,อากาศปกติ,อุปกรณ์-ชำรุด,ศจฟ,13:23,13:25,13:40,15,1. ปรีชา เพ็งคำ  | 2. ภานุวัฒน์ สิงห์ทองไชย  | 3. หฤษฎ์ ถูระวัน,รถ : 3ฒภ 2576 กทม (นพ 01),FUSE LINK 22 KV. 8 A.EEI-NEMA TYPE K,2,,2026-05-31
2705,31 พ.ค. 2569,13:26,13:58,31,กฟจ.นครพนม (L),6300448726,1,อากาศปกติ,อุปกรณ์-ชำรุด,ศจฟ,13:26,13:27,13:40,13,1. ปรีชา เพ็งคำ  | 2. ภานุวัฒน์ สิงห์ทองไชย  | 3. หฤษฎ์ ถูระวัน,รถ : 3ฒภ 2576 กทม (นพ 01),"CONN.,PG,DOUBLE BOLT,AL 25-95 SQ.MM.",2,,2026-05-31
2706,31 พ.ค. 2569,13:43,13:48,5,กฟส.เรณูนคร (XS),66-007272,30,อากาศปกติ,สัตว์-งู,ศจฟ,13:43,13:03,13:56,53,1. ณวุฒิ กลางประพันธ์,รถ : 80-7964 นพ รณ.01,FUSE LINK 22 KV. 20 A.EEI-NEMA TYPE K,2,,2026-05-31
2707,31 พ.ค. 2569,17:26,18:11,45,กฟจ.นครพนม (L),58-940686,184,อากาศปกติ,สัตว์-งู,ศจฟ,17:26,17:28,18:14,46,1. ชัยยา มาตขาว  | 2. ธำรงรัตน์ สระแก้ว  | 3. พงษ์สนิจ ศรีวิชัย  | 4. ภานุวัฒน์ สิงห์ทองไชย,รถ : 81-1269 นพ (นพ 03),"CABLE LUG,NEMA 2-HOLE,AL 95 SQ.MM.",2,,2026-05-31
2708,31 พ.ค. 2569,18:16,19:40,84,กฟจ.นครพนม (L),NNA04F-16,360,อากาศปกติ,สัตว์-งู,ศจฟ,18:16,18:16,19:43,87,1. ชัยยา มาตขาว  | 2. ธำรงรัตน์ สระแก้ว  | 3. พงษ์สนิจ ศรีวิชัย  | 4. ภานุวัฒน์ สิงห์ทองไชย,รถ : 81-1269 นพ (นพ 03),"H.R.C. FUSE, BLADE CONTACT, 100 A",1,,2026-05-31
2709,31 พ.ค. 2569,18:28,19:12,44,กฟจ.นครพนม (L),NNA02VF-007,349,อากาศปกติ,สัตว์-งู,ศจฟ,18:28,18:29,19:14,45,1. ชัยยา มาตขาว  | 2. ธำรงรัตน์ สระแก้ว  | 3. พงษ์สนิจ ศรีวิชัย  | 4. ภานุวัฒน์ สิงห์ทองไชย,รถ : 81-1269 นพ (นพ 03),FUSE LINK 22 KV. 25 A.EEI-NEMA TYPE K,1,,2026-05-31
2710,31 พ.ค. 2569,19:10,19:14,4,กฟส.โพนสวรรค์ (XS),56-011181,12,ลมแรง,ภัยธรรมชาติ-พายุฤดูร้อน/พายุดีเปรสชั่น,ศจฟ,19:10,17:20,18:50,90,1. รวิชญ์ พรมน้อย,รถ : โพนสวรรค์-03,FUSE LINK 22 KV. 3 A.EEI-NEMA TYPE K,2,,2026-05-31
2711,31 พ.ค. 2569,20:00,20:49,49,กฟส.โพนสวรรค์ (XS),66-012805,1,ลมแรง,ภัยธรรมชาติ-พายุฤดูร้อน/พายุดีเปรสชั่น,ศจฟ,20:00,20:01,21:30,89,1. รวิชญ์ พรมน้อย,รถ : โพนสวรรค์-03,FUSE LINK 22 KV. 3 A.EEI-NEMA TYPE K,1,,2026-05-31
2712,31 พ.ค. 2569,20:01,20:50,49,กฟส.ธาตุพนม (S),THA02VF-025,755,ลมแรง,ภัยธรรมชาติ-พายุฤดูร้อน/พายุดีเปรสชั่น,ศจฟ,20:00,20:00,21:05,65,1. เกรียงศักดิ์ สุพรรณคุ้ม,รถ : ธพ 03,FUSE HOLDER 22 KV. 100 A. 12 KA.,1,,2026-05-31
2713,31 พ.ค. 2569,21:28,21:59,31,กฟจ.นครพนม (L),NNA01VF-048,257,ลมแรง,ภัยธรรมชาติ-พายุฤดูร้อน/พายุดีเปรสชั่น,ศจฟ,21:28,21:29,22:02,33,1. พงษ์สนิจ ศรีวิชัย  | 2. ภานุวัฒน์ สิงห์ทองไชย,รถ : 81-1269 นพ (นพ 03),FUSE LINK 22 KV. 8 A.EEI-NEMA TYPE K,1,,2026-05-31
2714,31 พ.ค. 2569,22:30,23:30,60,กฟส.ศรีสงคราม (XS),SSK02VF-032,115,ลมแรง,ภัยธรรมชาติ-พายุฤดูร้อน/พายุดีเปรสชั่น,ศจฟ,22:30,22:30,23:30,60,1. ศิลารักษ์ วิภา,รถ : ศรีสงคราม 01,FUSE LINK 22 KV. 3 A.EEI-NEMA TYPE K,1,,2026-05-31
2715,31 พ.ค. 2569,22:31,22:56,24,กฟส.ท่าอุเทน (XS),67-033928,5,ฝนตก,สัตว์-งู,ศจฟ,22:31,22:32,22:58,26,1. อนุสรณ์ ทองประสม,รถ : รถแก้ไฟท่าอุเทน,FUSE LINK 22 KV. 3 A.EEI-NEMA TYPE K,1,,2026-05-31
2716,31 พ.ค. 2569,22:32,22:59,27,กฟส.ท่าอุเทน (XS),NNA01VF-203,10,ฝนตก ลมแรง,สัตว์-งู,ศจฟ,22:31,22:32,23:01,29,1. อนุสรณ์ ทองประสม,รถ : รถแก้ไฟท่าอุเทน,FUSE LINK 22 KV. 8 A.EEI-NEMA TYPE K,1,,2026-05-31
2717,31 พ.ค. 2569,22:32,23:02,29,กฟส.ท่าอุเทน (XS),SSK02VF-208,562,อากาศชื้น / หมอก,สัตว์-นก/ค้างคาว,ศจฟ,22:32,22:33,23:09,36,1. อนุสรณ์ ทองประสม,รถ : รถแก้ไฟท่าอุเทน,FUSE LINK 22 KV. 40 A.EEI-NEMA TYPE K,1,,2026-05-31
2718,31 พ.ค. 2569,22:33,23:03,29,กฟส.ท่าอุเทน (XS),NNA01VF-230,467,ฝนตก ลมแรง,ต้นไม้-กิ่งไม้หักพาดสาย,ศจฟ,22:33,22:33,23:07,34,1. อนุสรณ์ ทองประสม,รถ : รถแก้ไฟท่าอุเทน,FUSE LINK 22 KV. 40 A.EEI-NEMA TYPE K,1,,2026-05-31
2719,31 พ.ค. 2569,22:36,23:36,60,กฟจ.นครพนม (L),NNB01VF-023,1240,ฝนตก ลมแรง,ต้นไม้-กิ่งไม้หักพาดสาย,ศจฟ,22:36,22:36,23:42,66,1. ชัยยา มาตขาว  | 2. ธำรงรัตน์ สระแก้ว  | 3. พงษ์สนิจ ศรีวิชัย  | 4. ภานุวัฒน์ สิงห์ทองไชย,รถ : 81-1269 นพ (นพ 03),FUSE LINK 22 KV. 25 A.EEI-NEMA TYPE K,1,,2026-05-31
2720,1 มิ.ย. 2569,06:30,07:45,75,กฟส.บ้านแพง (S),SSK08F-68,39,อากาศปกติ,สัตว์-งู,ศจฟ,06:30,06:32,07:00,28,1. ปิยะณัฐ พลเหี้ยมหาญ,รถ : กระเช้าบ้านแพง,FUSE LINK 22 KV. 20 A.EEI-NEMA TYPE K,1,,2026-06-01
2721,1 มิ.ย. 2569,06:53,07:00,7,กฟจ.นครพนม (L),56-003979,32,อากาศปกติ,สัตว์-งู,ศจฟ,06:53,06:55,07:40,45,1. ชัยยา มาตขาว  | 2. ถวิล เมษาคุณ  | 3. ทศวรรษ มังคละคีรี,รถ : 3ฒภ 2576 กทม (นพ 01),FUSE LINK 22 KV. 8 A.EEI-NEMA TYPE K,1,,2026-06-01
2722,1 มิ.ย. 2569,06:58,07:00,2,กฟส.ศรีสงคราม (XS),59-013968,62,อากาศปกติ,สัตว์-งู,ศจฟ,06:58,06:00,07:00,60,1. ศิลารักษ์ วิภา,รถ : ศรีสงคราม 02,"CABLE,AL,750 V,50 SQ.MM. TIS.293",2,,2026-06-01
2723,1 มิ.ย. 2569,07:01,07:06,5,กฟส.โพนสวรรค์ (XS),SSK09F-07,1883,ลมแรง,ภัยธรรมชาติ-พายุฤดูร้อน/พายุดีเปรสชั่น,ศจฟ,07:01,05:30,07:00,90,1. รวิชญ์ พรมน้อย,รถ : โพนสวรรค์-03,FUSE LINK 22 KV. 20 A.EEI-NEMA TYPE K,2,,2026-06-01
2724,1 มิ.ย. 2569,07:04,07:06,2,กฟส.ท่าอุเทน (XS),NNA01VF-211,11,อากาศชื้น / หมอก,ต้นไม้-ลมพัดต้นไม้มาแตะสาย,ศจฟ,07:04,07:05,07:11,6,1. อนุสรณ์ ทองประสม,รถ : รถแก้ไฟท่าอุเทน,FUSE LINK 22 KV. 5-6 A.EEI-NEMA TYPE K,1,,2026-06-01
2725,1 มิ.ย. 2569,07:50,13:50,360,กฟส.เรณูนคร (XS),THA02F-23,970,อากาศปกติ,สภาพสิ่งแวดล้อม-สภาพสิ่งแวดล้อมอื่นๆ,ศจฟ,07:50,04:53,06:16,83,1. ณวุฒิ กลางประพันธ์,รถ : 80-7964 นพ รณ.01,FUSE LINK 22 KV. 20 A.EEI-NEMA TYPE K,3,,2026-06-01
2726,1 มิ.ย. 2569,07:51,13:56,365,กฟส.เรณูนคร (XS),60-013661,99,อากาศปกติ,อุปกรณ์-ชำรุด,ศจฟ,07:51,06:33,07:56,83,1. ณวุฒิ กลางประพันธ์,รถ : 80-7964 นพ รณ.01,"H.R.C. FUSE, BLADE CONTACT, 100 A",3,,2026-06-01
2727,1 มิ.ย. 2569,07:55,08:25,29,กฟส.ท่าอุเทน (XS),49-010999,25,อากาศชื้น / หมอก,สัตว์-กระรอก/กระแต/หนู,ศจฟ,07:55,07:56,18:07,611,1. อนุสรณ์ ทองประสม,รถ : รถแก้ไฟท่าอุเทน,FUSE LINK 22 KV. 3 A.EEI-NEMA TYPE K,1,,2026-06-01
2728,1 มิ.ย. 2569,07:56,08:00,4,กฟส.โพนสวรรค์ (XS),SSK07F-01,383,ลมแรง,ภัยธรรมชาติ-พายุฤดูร้อน/พายุดีเปรสชั่น,ศจฟ,07:56,07:00,08:30,90,1. รวิชญ์ พรมน้อย,รถ : โพนสวรรค์-03,FUSE LINK 22 KV. 20 A.EEI-NEMA TYPE K,2,,2026-06-01
2729,1 มิ.ย. 2569,13:14,13:29,15,กฟส.ปลาปาก (XS),64-016110,2,อากาศปกติ,ต้นไม้-กิ่งไม้หักพาดสาย,ศจฟ,13:14,13:14,14:04,50,1. นครินทร์ จำปาทิ,รถ : รถแก้ไฟปลาปาก 01,FUSE LINK 22 KV. 25 A.EEI-NEMA TYPE K,2,,2026-06-01
2730,1 มิ.ย. 2569,14:46,14:00,0,กฟจ.นครพนม (L),DDE01F-01,26,อากาศปกติ,สัตว์-งู,ศจฟ,14:46,13:00,14:00,60,1. ปรีชา เพ็งคำ  | 2. พิพัฒน์ นะระทะ  | 3. พิพัฒน์ พิมพ์ศรี,รถ : 3ฒภ 2576 กทม (นพ 01),FUSE LINK 22 KV. 15 A.EEI-NEMA TYPE K,2,,2026-06-01
2731,1 มิ.ย. 2569,15:51,16:00,9,กฟจ.นครพนม (L),NNA01VF-057,12,อากาศปกติ,สัตว์-งู,ศจฟ,15:51,15:00,16:00,60,1. ปรีชา เพ็งคำ  | 2. พิพัฒน์ นะระทะ  | 3. พิพัฒน์ พิมพ์ศรี,รถ : 3ฒภ 2576 กทม (นพ 01),FUSE LINK 22 KV. 10 A.EEI-NEMA TYPE K,2,,2026-06-01
2732,1 มิ.ย. 2569,17:25,17:12,0,กฟส.ศรีสงคราม (XS),52-008086,18,อากาศปกติ,สัตว์-งู,ศจฟ,17:25,16:40,17:40,60,1. ศิลารักษ์ วิภา,รถ : ศรีสงคราม 02,FUSE LINK 22 KV. 3 A.EEI-NEMA TYPE K,2,,2026-06-01
2733,1 มิ.ย. 2569,18:30,19:12,42,กฟจ.นครพนม (L),54-010686,35,อากาศปกติ,อุปกรณ์-ชำรุด,ศจฟ,18:30,19:05,19:15,10,1. พงษ์สนิจ ศรีวิชัย  | 2. ภานุวัฒน์ สิงห์ทองไชย,รถ : 81-1269 นพ (นพ 03),"H.R.C. FUSE, BLADE CONTACT, 100 A",1,,2026-06-01
2734,1 มิ.ย. 2569,19:00,20:07,67,กฟจ.นครพนม (L),NNB01VF-012,1,อากาศปกติ,สัตว์-งู,ศจฟ,19:00,19:45,20:10,25,1. พงษ์สนิจ ศรีวิชัย  | 2. ภานุวัฒน์ สิงห์ทองไชย,รถ : 81-1269 นพ (นพ 03),FUSE LINK 22 KV. 8 A.EEI-NEMA TYPE K,1,,2026-06-01
2735,1 มิ.ย. 2569,22:00,00:09,129,กฟจ.นครพนม (L),36-015002,153,อากาศปกติ,อุปกรณ์-ชำรุด,ศจฟ,22:00,22:40,00:11,91,1. พงษ์สนิจ ศรีวิชัย  | 2. ภานุวัฒน์ สิงห์ทองไชย,รถ : 81-1269 นพ (นพ 03),"H.R.C. FUSE, BLADE CONTACT, 100 A",3,,2026-06-01
2736,1 มิ.ย. 2569,22:00,23:00,60,กฟส.ศรีสงคราม (XS),29-016898,449,อากาศปกติ,อุปกรณ์-ชำรุด,ศจฟ,22:00,22:30,23:30,60,1. ศิลารักษ์ วิภา,รถ : ศรีสงคราม 02,"H.R.C. FUSE, BLADE CONTACT, 100 A",1,,2026-06-01
2737,1 มิ.ย. 2569,22:15,22:52,36,กฟส.ปลาปาก (XS),35-008797,114,อากาศปกติ,อุปกรณ์-ชำรุด,ศจฟ,22:15,22:37,22:58,21,1. สุธรรม จันทะผา,รถ : รถแก้ไฟปลาปาก 01,"H.R.C. FUSE, BLADE CONTACT, 100 A",1,,2026-06-01
2738,1 มิ.ย. 2569,22:30,23:00,29,กฟส.ธาตุพนม (S),20198850,1,อากาศปกติ,อุปกรณ์-ชำรุด,ศจฟ,22:30,22:30,23:22,52,1. ธีรพิชญ์ มิ่งขวัญ,รถ : กระเช้าธาตุพนม,"CONN.,PG,DOUBLE BOLT,AL 16-70 SQ.MM.",2,,2026-06-01
2739,2 มิ.ย. 2569,,03:10,0,กฟจ.นครพนม (L),NNA04F-16,360,อากาศปกติ,อุปกรณ์-ชำรุด,ศจฟ,06:30,02:38,03:30,52,1. ถวิล เมษาคุณ  | 2. ทศวรรษ มังคละคีรี  | 3. ปรีชา เพ็งคำ,รถ : 3ฒภ 2576 กทม (นพ 01),FUSE LINK 22 KV. 25 A.EEI-NEMA TYPE K,1,,2026-06-02
2740,2 มิ.ย. 2569,00:00,00:17,17,กฟส.ปลาปาก (XS),THA02F-38/1,15766,อากาศปกติ,อุปกรณ์-ชำรุด,ศจฟ,00:00,00:01,00:34,33,1. สุธรรม จันทะผา,รถ : รถแก้ไฟปลาปาก 01,FUSE LINK 22 KV. 20 A.EEI-NEMA TYPE K,1,,2026-06-02
2741,2 มิ.ย. 2569,06:30,02:02,0,กฟส.บ้านแพง (S),SSK08F-125,63,อากาศปกติ,อุปกรณ์-ชำรุด,ศจฟ,06:30,01:20,03:00,100,1. ชินดนัย คงชะสิงห์,รถ : กระเช้าบ้านแพง,FUSE LINK 22 KV. 15 A.EEI-NEMA TYPE K,2,,2026-06-02
2742,2 มิ.ย. 2569,06:31,07:00,29,กฟส.ศรีสงคราม (XS),SSK01VF-020,508,อากาศปกติ,อุปกรณ์-ชำรุด,ศจฟ,06:30,06:30,07:30,60,1. ศิลารักษ์ วิภา,รถ : ศรีสงคราม 02,FUSE LINK 22 KV. 20 A.EEI-NEMA TYPE K,2,,2026-06-02
2743,2 มิ.ย. 2569,06:35,06:59,24,กฟส.ท่าอุเทน (XS),BFA09VF-224,18,อากาศปกติ,ต้นไม้-กิ่งไม้หักพาดสาย,ศจฟ,06:35,01:00,03:30,150,1. วีระพงษ์ วงตรี  | 2. อนุสรณ์ ทองประสม,รถ : -,"DROPOUT,FUSE,22 KV.100 A.12 KA",1,,2026-06-02
2744,2 มิ.ย. 2569,06:35,09:18,163,กฟส.โพนสวรรค์ (XS),NNA01F-22/1,907,อากาศชื้น / หมอก,ภัยธรรมชาติ-พายุฤดูร้อน/พายุดีเปรสชั่น,ศจฟ,06:35,06:05,08:25,140,1. วรัญญู สังรวมใจ,รถ : โพนสวรรค์-03,FUSE LINK 22 KV. 20 A.EEI-NEMA TYPE K,1,,2026-06-02
2745,2 มิ.ย. 2569,06:45,04:35,0,กฟจ.นครพนม (L),NNA07F-42,41,อากาศชื้น / หมอก,ภัยธรรมชาติ-พายุฤดูร้อน/พายุดีเปรสชั่น,ศจฟ,06:45,04:00,05:02,62,1. ถวิล เมษาคุณ  | 2. ทศวรรษ มังคละคีรี  | 3. ปรีชา เพ็งคำ,รถ : 3ฒภ 2576 กทม (นพ 01),FUSE LINK 22 KV. 40 A.EEI-NEMA TYPE K,2,,2026-06-02
2746,2 มิ.ย. 2569,06:50,08:16,85,กฟส.เรณูนคร (XS),63-024202,66,อากาศชื้น / หมอก,ภัยธรรมชาติ-พายุฤดูร้อน/พายุดีเปรสชั่น,ศจฟ,06:50,07:00,08:28,88,1. พงศวัชร์ ธัญภัทร์อนันต์,รถ : 80-7964 นพ รณ.01,"H.R.C. FUSE, BLADE CONTACT, 80 A",1,,2026-06-02
2747,2 มิ.ย. 2569,07:00,07:28,27,กฟส.ท่าอุเทน (XS),BFA09VF-205,55,อากาศปกติ,ต้นไม้-กิ่งไม้หักพาดสาย,ศจฟ,07:00,05:00,07:10,130,1. วีระพงษ์ วงตรี  | 2. อนุสรณ์ ทองประสม,รถ : -,"DROPOUT,FUSE,22 KV.100 A.12 KA",1,,2026-06-02
2748,2 มิ.ย. 2569,07:01,08:08,67,กฟจ.นครพนม (L),NNA01VF-070,1,อากาศปกติ,ต้นไม้-กิ่งไม้หักพาดสาย,ศจฟ,07:00,07:10,08:30,80,1. ถวิล เมษาคุณ  | 2. ทศวรรษ มังคละคีรี  | 3. ปรีชา เพ็งคำ,รถ : 3ฒภ 2576 กทม (นพ 01),FUSE LINK 22 KV. 8 A.EEI-NEMA TYPE K,3,,2026-06-02
2749,2 มิ.ย. 2569,10:07,10:00,0,กฟส.ศรีสงคราม (XS),SSK02VF-015,1638,อากาศปกติ,สัตว์-กระรอก/กระแต/หนู,ศจฟ,10:07,09:30,10:30,60,1. ศิลารักษ์ วิภา,รถ : ศรีสงคราม 02,FUSE LINK 22 KV. 15 A.EEI-NEMA TYPE K,1,,2026-06-02
2750,2 มิ.ย. 2569,10:35,10:40,5,กฟส.ท่าอุเทน (XS),NNA01VF-208,528,อากาศปกติ,ต้นไม้-ต้นไม้ล้มทับสาย,ศจฟ,10:35,09:00,10:10,70,1. วีระพงษ์ วงตรี,รถ : -,FUSE LINK 22 KV. 8 A.EEI-NEMA TYPE K,3,,2026-06-02
2751,2 มิ.ย. 2569,15:13,16:00,47,กฟจ.นครพนม (L),54-010686,35,อากาศปกติ,ต้นไม้-ต้นไม้ล้มทับสาย,ศจฟ,15:13,15:14,16:00,46,1. จันทะคาด บัวเคน  | 2. ชัยยา มาตขาว  | 3. นลธวัช ศรีหาเศษ,รถ : 3ฒภ 2576 กทม (นพ 01),"H.R.C. FUSE, BLADE CONTACT, 80 A",1,,2026-06-02
2752,2 มิ.ย. 2569,17:40,18:51,70,กฟจ.นครพนม (L),NNB02VF-001,576,อากาศปกติ,ต้นไม้-ต้นไม้ล้มทับสาย,ศจฟ,17:40,18:00,18:45,45,1. กิติศักดิ์ หาราช  | 2. พิพัฒน์ นะระทะ  | 3. พิพัฒน์ พิมพ์ศรี  | 4. สันติ อินทิสาร,รถ : 81-1269 นพ (นพ 03),FUSE LINK 22 KV. 40 A.EEI-NEMA TYPE K,2,,2026-06-02
2753,2 มิ.ย. 2569,17:50,18:48,58,กฟจ.นครพนม (L),NNB01VF-021,19,อากาศปกติ,ต้นไม้-ต้นไม้ล้มทับสาย,ศจฟ,17:50,17:00,18:00,60,1. กิติศักดิ์ หาราช  | 2. พิพัฒน์ นะระทะ  | 3. พิพัฒน์ พิมพ์ศรี  | 4. สันติ อินทิสาร,รถ : 81-1269 นพ (นพ 03),FUSE LINK 22 KV. 10 A.EEI-NEMA TYPE K,2,,2026-06-02
2754,2 มิ.ย. 2569,21:30,23:16,106,กฟจ.นครพนม (L),59-011156,86,อากาศปกติ,ต้นไม้-ต้นไม้ล้มทับสาย,ศจฟ,21:30,22:10,23:05,55,1. กิติศักดิ์ หาราช  | 2. พิพัฒน์ นะระทะ  | 3. พิพัฒน์ พิมพ์ศรี  | 4. สันติ อินทิสาร,รถ : 81-1269 นพ (นพ 03),"H.R.C. FUSE, BLADE CONTACT, 160 A",1,,2026-06-02
2755,2 มิ.ย. 2569,22:40,23:33,53,กฟจ.นครพนม (L),68-007615,26,อากาศปกติ,ต้นไม้-ต้นไม้ล้มทับสาย,ศจฟ,22:40,23:00,23:30,30,1. กิติศักดิ์ หาราช  | 2. พิพัฒน์ นะระทะ  | 3. พิพัฒน์ พิมพ์ศรี  | 4. สันติ อินทิสาร,รถ : 81-1269 นพ (นพ 03),"H.R.C. FUSE, BLADE CONTACT, 100 A",1,,2026-06-02
2756,2 มิ.ย. 2569,22:50,07:38,528,กฟส.เรณูนคร (XS),THA02F-34,15766,อากาศปกติ,สัตว์-งู,ศจฟ,22:50,23:00,23:59,59,1. ณวุฒิ กลางประพันธ์,รถ : 80-7964 นพ รณ.01,FUSE LINK 22 KV. 20 A.EEI-NEMA TYPE K,3,,2026-06-02
2757,2 มิ.ย. 2569,23:00,23:52,51,กฟจ.นครพนม (L),64-018522,115,อากาศปกติ,อุปกรณ์-ชำรุด,ศจฟ,23:00,22:00,23:54,114,1. กิติศักดิ์ หาราช  | 2. พิพัฒน์ นะระทะ  | 3. พิพัฒน์ พิมพ์ศรี  | 4. สันติ อินทิสาร,รถ : 3ฒภ 2576 กทม (นพ 01),"H.R.C. FUSE, BLADE CONTACT, 100 A",2,,2026-06-02
2758,2 มิ.ย. 2569,23:10,00:40,90,กฟส.ศรีสงคราม (XS),SSK08VF-045,14,ลมแรง,อุปกรณ์-ชำรุด,ศจฟ,23:10,23:23,00:50,87,1. วุฒิชัย เหมเมือง,รถ : ศรีสงคราม 01,"DROPOUT,FUSE,22 KV.100 A.12 KA",1,,2026-06-02
2759,2 มิ.ย. 2569,23:15,23:27,12,กฟส.ท่าอุเทน (XS),BFA09VF-223,106,ฝนตก ลมแรง,อุปกรณ์-ชำรุด,ศจฟ,23:15,21:25,23:29,124,1. อภิรักษ์ สาตะรักษ์,รถ : รถแก้ไฟท่าอุเทน,FUSE LINK 22 KV. 10 A.EEI-NEMA TYPE K,1,,2026-06-02
2760,3 มิ.ย. 2569,,00:40,0,กฟส.บ้านแพง (S),SSK08F-69,1118,ฝนตก ลมแรง,ภัยธรรมชาติ-พายุฤดูร้อน/พายุดีเปรสชั่น,ศจฟ,14:20,00:25,00:45,20,1. ณัฐดนัย ขันถม,รถ : กระเช้าบ้านแพง,FUSE LINK 22 KV. 40 A.EEI-NEMA TYPE K,1,,2026-06-03
2761,3 มิ.ย. 2569,,01:10,0,กฟส.บ้านแพง (S),BFA10VF-101,532,ฝนตก ลมแรง,ภัยธรรมชาติ-พายุฤดูร้อน/พายุดีเปรสชั่น,ศจฟ,14:20,00:45,01:20,35,1. ณัฐดนัย ขันถม,รถ : กระเช้าบ้านแพง,FUSE LINK 22 KV. 40 A.EEI-NEMA TYPE K,1,,2026-06-03
2762,3 มิ.ย. 2569,,01:30,0,กฟส.บ้านแพง (S),SSK08F-66,592,ฝนตก ลมแรง,ภัยธรรมชาติ-พายุฤดูร้อน/พายุดีเปรสชั่น,ศจฟ,14:20,01:10,01:40,30,1. ณัฐดนัย ขันถม,รถ : กระเช้าบ้านแพง,FUSE LINK 22 KV. 40 A.EEI-NEMA TYPE K,1,,2026-06-03
2763,3 มิ.ย. 2569,,11:03,0,กฟจ.นครพนม (L),61-010097,241,อากาศปกติ,ภัยธรรมชาติ-พายุฤดูร้อน/พายุดีเปรสชั่น,ศจฟ,15:00,10:15,11:16,61,1. ถวิล เมษาคุณ  | 2. ทศวรรษ มังคละคีรี,รถ : 3ฒภ 2576 กทม (นพ 01),"CABLE,AL,750 V,50 SQ.MM. TIS.293",5,,2026-06-03
2764,3 มิ.ย. 2569,00:48,01:41,53,กฟจ.นครพนม (L),NNA01VF-026,491,ฝนตก ลมแรง,อุปกรณ์-ชำรุด,ศจฟ,00:48,00:51,01:44,53,1. กิติศักดิ์ หาราช  | 2. ประจล ศรีสุราช  | 3. พงษ์สนิจ ศรีวิชัย  | 4. พิพัฒน์ นะระทะ  | 5. พิพัฒน์ พิมพ์ศรี  | 6. สันติ อินทิสาร,รถ : 81-1269 นพ (นพ 03),FUSE LINK 22 KV. 20 A.EEI-NEMA TYPE K,2,,2026-06-03
2765,3 มิ.ย. 2569,01:53,03:29,96,กฟส.ศรีสงคราม (XS),SSK02VF-009,226,ฝนตก ลมแรง,อุปกรณ์-ชำรุด,ศจฟ,01:53,01:55,03:30,95,1. วุฒิชัย เหมเมือง,รถ : ศรีสงคราม 01,FUSE LINK 22 KV. 40 A.EEI-NEMA TYPE K,2,,2026-06-03
2766,3 มิ.ย. 2569,02:12,03:17,64,กฟส.โพนสวรรค์ (XS),NNA01F-45,876,ฝนตก ลมแรง,อุปกรณ์-ชำรุด,ศจฟ,02:12,02:00,03:20,80,1. ทรงกลด มาศศรี,รถ : โพนสวรรค์-03,FUSE LINK 22 KV. 30 A.EEI-NEMA TYPE K,2,,2026-06-03
2767,3 มิ.ย. 2569,02:45,03:50,64,กฟจ.นครพนม (L),THA06VF-063,408,ฝนตก ลมแรง,อุปกรณ์-ชำรุด,ศจฟ,02:45,02:48,03:56,68,1. กิติศักดิ์ หาราช  | 2. ประจล ศรีสุราช  | 3. พงษ์สนิจ ศรีวิชัย  | 4. พิพัฒน์ นะระทะ  | 5. พิพัฒน์ พิมพ์ศรี  | 6. สันติ อินทิสาร,รถ : 81-1269 นพ (นพ 03),FUSE LINK 22 KV. 25 A.EEI-NEMA TYPE K,1,,2026-06-03
2768,3 มิ.ย. 2569,03:44,04:08,24,กฟส.โพนสวรรค์ (XS),NNA01F-2666,215,ฝนตก ลมแรง,อุปกรณ์-ชำรุด,ศจฟ,03:44,03:30,04:40,70,1. ทรงกลด มาศศรี,รถ : โพนสวรรค์-03,FUSE LINK 22 KV. 30 A.EEI-NEMA TYPE K,2,,2026-06-03
2769,3 มิ.ย. 2569,06:48,07:40,51,กฟส.ท่าอุเทน (XS),64-018303,1,ฝนตก ลมแรง,อุปกรณ์-ชำรุด,ศจฟ,06:48,06:49,07:42,53,1. วีระพงษ์ วงตรี  | 2. อภิรักษ์ สาตะรักษ์,รถ : รถแก้ไฟท่าอุเทน,,,,2026-06-03
2770,3 มิ.ย. 2569,06:49,07:01,12,กฟส.โพนสวรรค์ (XS),SSK07F-01,383,ฝนตก ลมแรง,ภัยธรรมชาติ-พายุฤดูร้อน/พายุดีเปรสชั่น,ศจฟ,06:49,06:10,07:51,101,1. ทรงกลด มาศศรี,รถ : โพนสวรรค์-03,FUSE HOLDER 22 KV. 100 A. 12 KA.,1,,2026-06-03
2771,3 มิ.ย. 2569,06:50,06:56,6,กฟส.โพนสวรรค์ (XS),61-012684,103,ฝนตก ลมแรง,ภัยธรรมชาติ-พายุฤดูร้อน/พายุดีเปรสชั่น,ศจฟ,06:50,04:50,06:00,70,1. ทรงกลด มาศศรี,รถ : โพนสวรรค์-03,"H.R.C. FUSE, BLADE CONTACT, 100 A",2,,2026-06-03
2772,3 มิ.ย. 2569,06:51,07:24,33,กฟส.ศรีสงคราม (XS),SSK07VF-004,1596,ฝนตก ลมแรง,ภัยธรรมชาติ-พายุฤดูร้อน/พายุดีเปรสชั่น,ศจฟ,06:51,06:52,07:29,37,1. วุฒิชัย เหมเมือง,รถ : ศรีสงคราม 01,FUSE LINK 22 KV. 40 A.EEI-NEMA TYPE K,2,,2026-06-03
2773,3 มิ.ย. 2569,07:23,07:41,18,กฟส.ปลาปาก (XS),NNA07F-36/1,1006,อากาศชื้น / หมอก,อุปกรณ์-ชำรุด,ศจฟ,07:23,07:23,08:02,39,1. นครินทร์ จำปาทิ,รถ : รถแก้ไฟปลาปาก 01,FUSE LINK 22 KV. 20 A.EEI-NEMA TYPE K,2,,2026-06-03
2774,3 มิ.ย. 2569,07:32,05:55,0,กฟส.ท่าอุเทน (XS),SSK02VF-201,627,ฝนตก ฟ้าคะนอง,อุปกรณ์-ชำรุด,ศจฟ,07:32,04:33,06:00,87,1. วีระพงษ์ วงตรี  | 2. อภิรักษ์ สาตะรักษ์,รถ : รถแก้ไฟท่าอุเทน,FUSE LINK 22 KV. 10 A.EEI-NEMA TYPE K,3,,2026-06-03
2775,3 มิ.ย. 2569,07:34,09:19,105,กฟส.ศรีสงคราม (XS),SSK07VF-005,17,ฝนตก ฟ้าคะนอง,อุปกรณ์-ชำรุด,ศจฟ,07:34,07:35,08:45,70,1. วุฒิชัย เหมเมือง,รถ : ศรีสงคราม 01,FUSE LINK 22 KV. 5-6 A.EEI-NEMA TYPE K,2,,2026-06-03
2776,3 มิ.ย. 2569,07:35,04:35,0,กฟส.ท่าอุเทน (XS),SSK02VF-252,2482,ฝนตก ฟ้าคะนอง,อุปกรณ์-ชำรุด,ศจฟ,07:35,03:03,04:30,87,1. วีระพงษ์ วงตรี  | 2. อภิรักษ์ สาตะรักษ์,รถ : รถแก้ไฟท่าอุเทน,FUSE LINK 22 KV. 10 A.EEI-NEMA TYPE K,2,,2026-06-03
2777,3 มิ.ย. 2569,07:36,07:29,0,กฟส.ท่าอุเทน (XS),BFA09VF-226,24,ฝนตก ฟ้าคะนอง,อุปกรณ์-ชำรุด,ศจฟ,07:36,06:02,07:30,88,1. วีระพงษ์ วงตรี  | 2. อภิรักษ์ สาตะรักษ์,รถ : รถแก้ไฟท่าอุเทน,FUSE LINK 22 KV. 8 A.EEI-NEMA TYPE K,2,,2026-06-03
2778,3 มิ.ย. 2569,07:37,02:35,0,กฟส.ท่าอุเทน (XS),BFA09VF-224,18,ฝนตก ฟ้าคะนอง,อุปกรณ์-ชำรุด,ศจฟ,07:37,00:25,02:35,130,1. วีระพงษ์ วงตรี  | 2. อภิรักษ์ สาตะรักษ์,รถ : รถแก้ไฟท่าอุเทน,FUSE LINK 22 KV. 8 A.EEI-NEMA TYPE K,2,,2026-06-03
2779,3 มิ.ย. 2569,07:39,08:32,53,กฟส.ท่าอุเทน (XS),NNA01VF-209,322,ฝนตก ฟ้าคะนอง,อุปกรณ์-ชำรุด,ศจฟ,07:39,07:40,08:33,53,1. วีระพงษ์ วงตรี  | 2. อภิรักษ์ สาตะรักษ์,รถ : รถแก้ไฟท่าอุเทน,FUSE LINK 22 KV. 8 A.EEI-NEMA TYPE K,2,,2026-06-03
2780,3 มิ.ย. 2569,07:47,08:05,18,กฟส.นาแก (S),54-002244,53,ฝนตก ฟ้าคะนอง,อุปกรณ์-ชำรุด,ศจฟ,07:47,07:48,08:07,19,1. ธีระวัฒน์ สิงนวน,รถ : นก-03,FUSE LINK 22 KV. 3 A.EEI-NEMA TYPE K,2,,2026-06-03
2781,3 มิ.ย. 2569,08:09,08:15,6,กฟส.เรณูนคร (XS),THA02F-65,517,ฝนตก ฟ้าคะนอง,สภาพสิ่งแวดล้อม-สภาพสิ่งแวดล้อมอื่นๆ,ศจฟ,08:09,04:10,05:15,65,1. ณวุฒิ กลางประพันธ์,รถ : 80-7964 นพ รณ.01,FUSE LINK 22 KV. 20 A.EEI-NEMA TYPE K,3,,2026-06-03
2782,3 มิ.ย. 2569,08:10,09:48,97,กฟส.เรณูนคร (XS),THA02F-68,1521,ฝนตก ฟ้าคะนอง,ภัยธรรมชาติ-พายุฤดูร้อน/พายุดีเปรสชั่น,ศจฟ,08:10,05:26,07:00,94,1. ณวุฒิ กลางประพันธ์,รถ : 80-7964 นพ รณ.01,FUSE LINK 22 KV. 15 A.EEI-NEMA TYPE K,3,,2026-06-03
2783,3 มิ.ย. 2569,08:11,13:53,342,กฟส.เรณูนคร (XS),46-000216,60,ฝนตก ฟ้าคะนอง,ภัยธรรมชาติ-พายุฤดูร้อน/พายุดีเปรสชั่น,ศจฟ,08:11,07:04,08:25,81,1. ณวุฒิ กลางประพันธ์,รถ : 80-7964 นพ รณ.01,"H.R.C. FUSE, BLADE CONTACT, 100 A",2,,2026-06-03
2784,3 มิ.ย. 2569,09:00,09:30,29,กฟส.ธาตุพนม (S),31-002509,54,อากาศปกติ,โหลดเกินพิกัด-โหลดเกินพิกัด,ศจฟ,09:00,09:13,09:31,18,1. ธิติ เรณู  | 2. นรากร แสนโสม,รถ : กระเช้าธาตุพนม,"H.R.C. FUSE, BLADE CONTACT, 80 A",2,,2026-06-03
2785,3 มิ.ย. 2569,09:20,10:11,51,กฟส.ศรีสงคราม (XS),67-023019,21,ฝนตก ลมแรง,อุปกรณ์-ชำรุด,ศจฟ,09:20,09:29,11:00,91,1. วุฒิชัย เหมเมือง,รถ : ศรีสงคราม 02,"CABLE,AL,750 V,50 SQ.MM. TIS.293",8,,2026-06-03
2786,3 มิ.ย. 2569,10:00,10:05,5,กฟส.ปลาปาก (XS),NNA07F-48/4,177,อากาศปกติ,อุปกรณ์-ชำรุด,ศจฟ,10:00,10:03,10:29,26,1. ศักดิพัฒน์ บุราณเดช,รถ : รถแก้ไฟปลาปาก 01,FUSE LINK 22 KV. 20 A.EEI-NEMA TYPE K,3,,2026-06-03
2787,3 มิ.ย. 2569,10:20,10:30,10,กฟส.โพนสวรรค์ (XS),SSK07F-02,930,อากาศชื้น / หมอก,ภัยธรรมชาติ-พายุฤดูร้อน/พายุดีเปรสชั่น,ศจฟ,10:20,09:40,10:55,75,1. วสุธา หล้าพรหม,รถ : โพนสวรรค์-03,FUSE LINK 22 KV. 30 A.EEI-NEMA TYPE K,1,,2026-06-03
2788,3 มิ.ย. 2569,10:20,11:05,45,กฟส.โพนสวรรค์ (XS),SSK09F-08,294,อากาศชื้น / หมอก,ภัยธรรมชาติ-พายุฤดูร้อน/พายุดีเปรสชั่น,ศจฟ,10:20,10:55,11:28,33,1. วสุธา หล้าพรหม,รถ : โพนสวรรค์-03,FUSE LINK 22 KV. 15 A.EEI-NEMA TYPE K,1,,2026-06-03
2789,3 มิ.ย. 2569,10:30,11:52,82,กฟส.ธาตุพนม (S),THA01VF-032,1,ฝนตก,ต้นไม้-กิ่งไม้หักพาดสาย,ศจฟ,10:30,10:57,11:53,56,1. ธิติ เรณู  | 2. นรากร แสนโสม,รถ : กระเช้าธาตุพนม,FUSE LINK 22 KV. 3 A.EEI-NEMA TYPE K,1,,2026-06-03
2790,3 มิ.ย. 2569,11:20,13:00,100,กฟส.ศรีสงคราม (XS),65-028135,5,ฝนตก,อุปกรณ์-ชำรุด,ศจฟ,11:20,12:00,13:00,60,1. ศิลารักษ์ วิภา  | 2. เชาวลิต หัสรินทร์,รถ : ศรีสงคราม 01,"H.R.C. FUSE, BLADE CONTACT, 100 A",1,,2026-06-03
2791,3 มิ.ย. 2569,13:25,14:03,38,กฟส.ปลาปาก (XS),THA02F-39,427,อากาศปกติ,อุปกรณ์-ชำรุด,ศจฟ,13:25,13:45,15:00,75,1. ศักดิพัฒน์ บุราณเดช,รถ : รถแก้ไฟปลาปาก 01,FUSE LINK 22 KV. 25 A.EEI-NEMA TYPE K,3,,2026-06-03
2792,3 มิ.ย. 2569,13:50,14:20,29,กฟส.ศรีสงคราม (XS),SSK02VF-018,50,ลมแรง,ภัยธรรมชาติ-พายุฤดูร้อน/พายุดีเปรสชั่น,ศจฟ,13:50,13:54,14:29,35,1. เชาวลิต หัสรินทร์,รถ : ศรีสงคราม 01,FUSE LINK 22 KV. 10 A.EEI-NEMA TYPE K,1,,2026-06-03
2793,3 มิ.ย. 2569,14:20,00:15,0,กฟส.บ้านแพง (S),SSK08F-65-1,520,ฝนตก ลมแรง,ภัยธรรมชาติ-พายุฤดูร้อน/พายุดีเปรสชั่น,ศจฟ,14:20,00:00,00:25,25,1. ณัฐดนัย ขันถม,รถ : กระเช้าบ้านแพง,FUSE LINK 22 KV. 10 A.EEI-NEMA TYPE K,2,,2026-06-03
2794,3 มิ.ย. 2569,14:40,16:54,134,กฟส.ธาตุพนม (S),45-029094,66,อากาศปกติ,ภัยธรรมชาติ-พายุฤดูร้อน/พายุดีเปรสชั่น,ศจฟ,14:40,14:52,16:28,96,1. ธิติ เรณู  | 2. นรากร แสนโสม,รถ : กระเช้าธาตุพนม,"H.R.C. FUSE, BLADE CONTACT, 80 A",1,,2026-06-03
2795,3 มิ.ย. 2569,15:00,10:10,0,กฟจ.นครพนม (L),NNA02VF-008,317,อากาศปกติ,ภัยธรรมชาติ-พายุฤดูร้อน/พายุดีเปรสชั่น,ศจฟ,15:00,08:57,09:46,49,1. ถวิล เมษาคุณ  | 2. ทศวรรษ มังคละคีรี,รถ : 80-8285 (นพ 02),FUSE LINK 22 KV. 20 A.EEI-NEMA TYPE K,3,,2026-06-03
2796,3 มิ.ย. 2569,15:00,15:31,31,กฟจ.นครพนม (L),NNA01VF-059,103,อากาศปกติ,ภัยธรรมชาติ-พายุฤดูร้อน/พายุดีเปรสชั่น,ศจฟ,15:00,14:21,16:09,108,1. ถวิล เมษาคุณ  | 2. ทศวรรษ มังคละคีรี,รถ : 3ฒภ 2576 กทม (นพ 01),FUSE LINK 22 KV. 10 A.EEI-NEMA TYPE K,2,,2026-06-03
2797,3 มิ.ย. 2569,15:25,16:00,35,กฟส.ศรีสงคราม (XS),SSK02VF-032,115,ลมแรง,ภัยธรรมชาติ-พายุฤดูร้อน/พายุดีเปรสชั่น,ศจฟ,15:25,15:34,16:20,46,1. เชาวลิต หัสรินทร์,รถ : ศรีสงคราม 01,FUSE LINK 22 KV. 10 A.EEI-NEMA TYPE K,1,,2026-06-03
2798,3 มิ.ย. 2569,16:10,16:46,36,กฟส.นาทม (XS),SSK08F-81,1,อากาศปกติ,ต้นไม้-ลมพัดต้นไม้มาแตะสาย,ศจฟ,16:10,16:14,16:48,34,1. อิทธิพันธ์ กาวรรณธง,รถ : นาทม 02,FUSE LINK 22 KV. 8 A.EEI-NEMA TYPE K,1,,2026-06-03
2799,3 มิ.ย. 2569,17:28,17:50,22,กฟจ.นครพนม (L),NNA01VF-075,19,อากาศปกติ,ต้นไม้-ลมพัดต้นไม้มาแตะสาย,ศจฟ,17:28,17:32,17:56,24,1. จันทะคาด บัวเคน  | 2. ชัยยา มาตขาว  | 3. นลธวัช ศรีหาเศษ  | 4. ศักดิ์อนันต์ แสนเมือง,รถ : 3ฒภ 2576 กทม (นพ 01),FUSE LINK 22 KV. 10 A.EEI-NEMA TYPE K,2,,2026-06-03
2800,3 มิ.ย. 2569,17:48,18:27,38,กฟส.นาทม (XS),SEK03F-97/1,3213,อากาศปกติ,ต้นไม้-กิ่งไม้หักพาดสาย,ศจฟ,17:48,17:53,18:29,36,1. อิทธิพันธ์ กาวรรณธง,รถ : นาทม 02,FUSE LINK 22 KV. 8 A.EEI-NEMA TYPE K,1,,2026-06-03
2801,3 มิ.ย. 2569,17:53,19:05,72,กฟส.นาทม (XS),SEK03F-87,3213,อากาศปกติ,ต้นไม้-กิ่งไม้หักพาดสาย,ศจฟ,17:53,18:09,19:07,58,1. อิทธิพันธ์ กาวรรณธง,รถ : นาทม 02,FUSE LINK 22 KV. 30 A.EEI-NEMA TYPE K,1,,2026-06-03
2802,3 มิ.ย. 2569,17:57,18:43,45,กฟส.ศรีสงคราม (XS),SSK08VF-049,47,ลมแรง,ต้นไม้-กิ่งไม้หักพาดสาย,ศจฟ,17:57,18:00,19:10,70,1. ปัญจพงษ์ เศรษฐาไชย,รถ : ศรีสงคราม 02,FUSE LINK 22 KV. 40 A.EEI-NEMA TYPE K,1,,2026-06-03
2803,3 มิ.ย. 2569,19:55,20:28,33,กฟส.นาหว้า (XS),SSK04VF-130,2,ลมแรง,ต้นไม้-กิ่งไม้หักพาดสาย,ศจฟ,19:55,20:02,20:31,29,1. อัมรินทร์ วะราวัง,รถ : นาหว้า 02,"CABLE,AL,750 V,50 SQ.MM. TIS.293",8,,2026-06-03
2804,3 มิ.ย. 2569,20:42,21:30,47,กฟจ.นครพนม (L),NNA02VF-005,1,ลมแรง,ต้นไม้-กิ่งไม้หักพาดสาย,ศจฟ,20:42,20:52,22:00,68,1. จันทะคาด บัวเคน  | 2. ชัยยา มาตขาว  | 3. นลธวัช ศรีหาเศษ  | 4. ศักดิ์อนันต์ แสนเมือง,รถ : 3ฒภ 2576 กทม (นพ 01),FUSE LINK 22 KV. 25 A.EEI-NEMA TYPE K,3,,2026-06-03
2805,3 มิ.ย. 2569,22:05,22:30,24,กฟจ.นครพนม (L),NNB01VF-014,2,อากาศปกติ,ต้นไม้-ลมพัดต้นไม้มาแตะสาย,ศจฟ,22:05,21:40,23:00,80,1. จันทะคาด บัวเคน  | 2. ชัยยา มาตขาว  | 3. นลธวัช ศรีหาเศษ  | 4. ศักดิ์อนันต์ แสนเมือง,รถ : 81-1269 นพ (นพ 03),FUSE LINK 22 KV. 20 A.EEI-NEMA TYPE K,4,,2026-06-03
2806,4 มิ.ย. 2569,00:22,02:20,118,กฟจ.นครพนม (L),NNA07F-50,232,อากาศปกติ,ต้นไม้-ลมพัดต้นไม้มาแตะสาย,ศจฟ,00:22,00:23,04:00,217,1. จันทะคาด บัวเคน  | 2. ชัยยา มาตขาว  | 3. นลธวัช ศรีหาเศษ  | 4. ศักดิ์อนันต์ แสนเมือง,รถ : 3ฒภ 2576 กทม (นพ 01),"COND.,ACSR 50/8 SQ.MM.TIS.86",4,,2026-06-04
2807,4 มิ.ย. 2569,07:00,07:15,15,กฟส.ท่าอุเทน (XS),SSK02VF-240,739,อากาศปกติ,ต้นไม้-ลมพัดต้นไม้มาแตะสาย,ศจฟ,07:00,02:00,04:00,120,1. ปรินทร์ บุญเทียม,รถ : รถแก้ไฟท่าอุเทน,FUSE LINK 22 KV. 40 A.EEI-NEMA TYPE K,1,,2026-06-04
2808,4 มิ.ย. 2569,07:34,07:38,4,กฟส.โพนสวรรค์ (XS),55-008384,61,อากาศปกติ,อุปกรณ์-ชำรุด,ศจฟ,07:34,01:06,04:12,186,1. เพชราวุธ โพชราช,รถ : โพนสวรรค์-02,"H.R.C. FUSE, BLADE CONTACT, 100 A",2,,2026-06-04
2809,4 มิ.ย. 2569,08:05,08:50,45,กฟส.บ้านแพง (S),SSK08F-66,592,ฝนตก,ต้นไม้-ลมพัดต้นไม้มาแตะสาย,ศจฟ,08:05,08:06,08:58,52,1. จตุรภุช สะท้านอิทธิฤทธิ์,รถ : กระเช้าบ้านแพง,FUSE LINK 22 KV. 40 A.EEI-NEMA TYPE K,2,,2026-06-04
2810,4 มิ.ย. 2569,08:10,08:59,49,กฟส.บ้านแพง (S),58-011889,109,ฝนตก,สภาพสิ่งแวดล้อม-ฟ้าผ่า,ศจฟ,08:10,08:25,09:09,44,1. จตุรภุช สะท้านอิทธิฤทธิ์,รถ : กระเช้าบ้านแพง,FUSE LINK 22 KV. 5-6 A.EEI-NEMA TYPE K,1,,2026-06-04
2811,4 มิ.ย. 2569,09:00,09:59,58,กฟจ.นครพนม (L),NNB02VF-033,120,อากาศปกติ,สัตว์-นก/ค้างคาว,ศจฟ,09:00,09:37,10:02,25,1. กิติศักดิ์ หาราช  | 2. ประจล ศรีสุราช  | 3. พงษ์สนิจ ศรีวิชัย,รถ : 81-1269 นพ (นพ 03),FUSE LINK 22 KV. 15 A.EEI-NEMA TYPE K,1,,2026-06-04
2812,4 มิ.ย. 2569,09:25,10:50,85,กฟส.ปลาปาก (XS),THA06F-87,283,อากาศปกติ,สัตว์-งู,ศจฟ,09:25,09:27,11:00,93,1. สุธรรม จันทะผา,รถ : รถแก้ไฟปลาปาก 01,FUSE LINK 22 KV. 30 A.EEI-NEMA TYPE K,1,,2026-06-04
2813,4 มิ.ย. 2569,09:30,09:35,5,กฟส.บ้านแพง (S),68-010349,17,ฝนตก ลมแรง,ภัยธรรมชาติ-พายุฤดูร้อน/พายุดีเปรสชั่น,ศจฟ,09:30,07:40,08:50,70,1. รชานนท์ โมธรรม,รถ : กระเช้าบ้านแพง,FUSE LINK 22 KV. 3 A.EEI-NEMA TYPE K,2,,2026-06-04
2814,4 มิ.ย. 2569,09:40,10:01,20,กฟส.บ้านแพง (S),SSK08F-54-1,25,ฝนตก ลมแรง,ภัยธรรมชาติ-พายุฤดูร้อน/พายุดีเปรสชั่น,ศจฟ,09:40,09:15,09:50,35,1. รชานนท์ โมธรรม,รถ : กระเช้าบ้านแพง,FUSE LINK 22 KV. 10 A.EEI-NEMA TYPE K,2,,2026-06-04
2815,4 มิ.ย. 2569,10:10,11:11,61,กฟส.นาทม (XS),SEK03F-582,3213,อากาศปกติ,ต้นไม้-ต้นไม้ล้มทับสาย,ศจฟ,10:10,10:25,11:12,47,1. อิทธิพันธ์ กาวรรณธง,รถ : นาทม 02,FUSE LINK 22 KV. 8 A.EEI-NEMA TYPE K,2,,2026-06-04
2816,4 มิ.ย. 2569,10:20,10:37,17,กฟส.นาหว้า (XS),SSK04VF-101,904,อากาศปกติ,ต้นไม้-ต้นไม้ล้มทับสาย,ศจฟ,10:20,10:26,10:39,13,1. อัมรินทร์ วะราวัง,รถ : นาหว้า 02,"COND.,ACSR 50/8 SQ.MM.TIS.86",9,,2026-06-04
2817,4 มิ.ย. 2569,10:30,11:11,40,กฟส.ธาตุพนม (S),THA06VF-035,49,อากาศปกติ,ต้นไม้-ต้นไม้ล้มทับสาย,ศจฟ,10:30,10:59,11:22,23,1. นรากร แสนโสม,รถ : กระเช้าธาตุพนม,FUSE LINK 22 KV. 30 A.EEI-NEMA TYPE K,2,,2026-06-04
2818,4 มิ.ย. 2569,10:30,12:38,128,กฟจ.นครพนม (L),NNB01VF-039,78,อากาศปกติ,สัตว์-งู,ศจฟ,10:30,11:14,12:41,87,1. กิติศักดิ์ หาราช  | 2. ประจล ศรีสุราช  | 3. พงษ์สนิจ ศรีวิชัย  | 4. วิเชียร สุวอ  | 5. ศักดิ์อนันต์ แสนเมือง,รถ : 81-1269 นพ (นพ 03),FUSE LINK 22 KV. 10 A.EEI-NEMA TYPE K,1,,2026-06-04
2819,4 มิ.ย. 2569,10:50,11:02,12,กฟส.บ้านแพง (S),SSK08F-68,39,ฝนตก ลมแรง,ภัยธรรมชาติ-พายุฤดูร้อน/พายุดีเปรสชั่น,ศจฟ,10:50,09:15,10:40,85,1. รชานนท์ โมธรรม,รถ : กระเช้าบ้านแพง,FUSE LINK 22 KV. 25 A.EEI-NEMA TYPE K,2,,2026-06-04
2820,4 มิ.ย. 2569,10:51,11:42,51,กฟส.นาหว้า (XS),SSK06F-20/1,6654,ฝนตก ลมแรง,ภัยธรรมชาติ-พายุฤดูร้อน/พายุดีเปรสชั่น,ศจฟ,10:50,11:00,11:44,44,1. อัมรินทร์ วะราวัง,รถ : นาหว้า 02,FUSE LINK 22 KV. 20 A.EEI-NEMA TYPE K,2,,2026-06-04
2821,4 มิ.ย. 2569,11:00,11:00,0,กฟจ.นครพนม (L),NNA02VF-013,954,อากาศปกติ,ต้นไม้-ต้นไม้เลื้อย/โตมาแตะสาย,ศจฟ,11:00,10:30,11:40,70,1. กิติศักดิ์ หาราช  | 2. ประจล ศรีสุราช  | 3. พงษ์สนิจ ศรีวิชัย  | 4. วิเชียร สุวอ  | 5. ศักดิ์อนันต์ แสนเมือง,รถ : 3ฒภ 2576 กทม (นพ 01),FUSE LINK 22 KV. 30 A.EEI-NEMA TYPE K,1,,2026-06-04
2822,4 มิ.ย. 2569,11:00,12:50,110,กฟจ.นครพนม (L),NNB01VF-028,47,อากาศปกติ,สัตว์-งู,ศจฟ,11:00,11:40,12:56,76,1. กิติศักดิ์ หาราช  | 2. ประจล ศรีสุราช  | 3. พงษ์สนิจ ศรีวิชัย  | 4. วิเชียร สุวอ  | 5. ศักดิ์อนันต์ แสนเมือง,รถ : 81-1269 นพ (นพ 03),FUSE LINK 22 KV. 10 A.EEI-NEMA TYPE K,1,,2026-06-04
2823,4 มิ.ย. 2569,11:10,11:40,29,กฟส.ธาตุพนม (S),THA02VF-025,755,อากาศปกติ,สัตว์-งู,ศจฟ,11:10,11:25,11:50,25,1. นรากร แสนโสม,รถ : กระเช้าธาตุพนม,FUSE LINK 22 KV. 30 A.EEI-NEMA TYPE K,2,,2026-06-04
2824,4 มิ.ย. 2569,11:11,11:58,47,กฟส.บ้านแพง (S),63-036662,42,อากาศปกติ,อุปกรณ์-ชำรุด,ศจฟ,11:10,10:15,11:59,104,1. รชานนท์ โมธรรม,รถ : กระเช้าบ้านแพง,"DROPOUT,FUSE,22 KV.100 A.12 KA",1,,2026-06-04
2825,4 มิ.ย. 2569,12:00,12:35,35,กฟส.นาหว้า (XS),67-031885,292,อากาศปกติ,อุปกรณ์-ชำรุด,ศจฟ,12:00,12:08,12:37,29,1. อัมรินทร์ วะราวัง,รถ : นาหว้า 02,"COND.,ACSR 50/8 SQ.MM.TIS.86",8,,2026-06-04
2826,4 มิ.ย. 2569,13:10,14:48,97,กฟส.ธาตุพนม (S),THA07VF-016,1,อากาศปกติ,อุปกรณ์-ชำรุด,ศจฟ,13:10,13:21,14:25,64,1. นรากร แสนโสม,รถ : กระเช้าธาตุพนม,FUSE LINK 22 KV. 8 A.EEI-NEMA TYPE K,2,,2026-06-04
2827,4 มิ.ย. 2569,13:15,13:25,10,กฟส.บ้านแพง (S),55-012837,75,ฝนตก,อุปกรณ์-ชำรุด,ศจฟ,13:15,12:35,13:15,40,1. รชานนท์ โมธรรม,รถ : กระเช้าบ้านแพง,"CABLE,AL,750 V,50 SQ.MM. TIS.293",5,,2026-06-04
2828,4 มิ.ย. 2569,15:00,15:28,27,กฟส.บ้านแพง (S),62-001991,221,อากาศปกติ,อุปกรณ์-ชำรุด,ศจฟ,15:00,13:15,14:10,55,1. รชานนท์ โมธรรม,รถ : กระเช้าบ้านแพง,"CABLE,AL,750 V,50 SQ.MM. TIS.293",5,,2026-06-04
2829,4 มิ.ย. 2569,15:00,16:40,100,กฟส.ธาตุพนม (S),THA07VF-019,1,ลมแรง,อุปกรณ์-ชำรุด,ศจฟ,15:00,15:29,16:41,72,1. นรากร แสนโสม,รถ : กระเช้าธาตุพนม,FUSE LINK 22 KV. 8 A.EEI-NEMA TYPE K,3,,2026-06-04
2830,4 มิ.ย. 2569,15:10,15:59,49,กฟส.ศรีสงคราม (XS),65-016708,19,อากาศปกติ,อุปกรณ์-ชำรุด,ศจฟ,15:10,15:15,16:26,71,1. ปัญจพงษ์ เศรษฐาไชย,รถ : ศรีสงคราม 03,"CABLE,AL,750 V,50 SQ.MM. TIS.293",6,,2026-06-04
2831,4 มิ.ย. 2569,16:19,16:57,38,กฟจ.นครพนม (L),NNA01VF-069,437,ฝนตก ฟ้าคะนอง,ต้นไม้-กิ่งไม้หักพาดสาย,ศจฟ,16:19,16:27,16:59,32,1. กิติศักดิ์ หาราช  | 2. ประจล ศรีสุราช  | 3. พงษ์สนิจ ศรีวิชัย  | 4. วิเชียร สุวอ  | 5. ศักดิ์อนันต์ แสนเมือง,รถ : 81-1269 นพ (นพ 03),FUSE LINK 22 KV. 40 A.EEI-NEMA TYPE K,3,,2026-06-04
2832,4 มิ.ย. 2569,17:50,17:41,0,กฟจ.นครพนม (L),37-018818,168,ฝนตก ฟ้าคะนอง,ต้นไม้-กิ่งไม้หักพาดสาย,ศจฟ,17:50,16:30,17:35,65,1. ถวิล เมษาคุณ  | 2. ทศวรรษ มังคละคีรี,รถ : 81-1269 นพ (นพ 03),"CABLE,AL,750 V,50 SQ.MM. TIS.293",6,,2026-06-04
2833,4 มิ.ย. 2569,18:45,19:00,15,กฟส.ท่าอุเทน (XS),NNA01VF-230,941,อากาศชื้น / หมอก,ต้นไม้-กิ่งไม้หักพาดสาย,ศจฟ,18:45,18:45,19:02,17,1. อนุสรณ์ ทองประสม,รถ : รถแก้ไฟท่าอุเทน,FUSE LINK 22 KV. 40 A.EEI-NEMA TYPE K,1,,2026-06-04
2834,4 มิ.ย. 2569,20:10,20:32,22,กฟส.ปลาปาก (XS),NNA07F-36/1,1006,อากาศปกติ,ต้นไม้-กิ่งไม้หักพาดสาย,ศจฟ,20:10,20:15,20:40,25,1. นครินทร์ จำปาทิ,รถ : รถแก้ไฟปลาปาก 01,FUSE LINK 22 KV. 25 A.EEI-NEMA TYPE K,2,,2026-06-04
2835,4 มิ.ย. 2569,20:23,20:29,6,กฟส.นาหว้า (XS),SSK06F-18,703,อากาศปกติ,ต้นไม้-กิ่งไม้หักพาดสาย,ศจฟ,20:23,20:28,20:31,3,1. อัมรินทร์ วะราวัง,รถ : นาหว้า 02,"COND.,ACSR 50/8 SQ.MM.TIS.86",4,,2026-06-04
2836,4 มิ.ย. 2569,21:10,20:50,0,กฟจ.นครพนม (L),5800326584,1,อากาศปกติ,ต้นไม้-กิ่งไม้หักพาดสาย,ศจฟ,21:10,20:50,21:30,40,1. ถวิล เมษาคุณ  | 2. ทศวรรษ มังคละคีรี,รถ : 81-1269 นพ (นพ 03),"CONN.,PG,DOUBLE BOLT,AL 25-95 SQ.MM.",4,,2026-06-04
2837,4 มิ.ย. 2569,21:24,21:33,9,กฟส.ท่าอุเทน (XS),NNA01VF-204,1140,ฝนตก,ต้นไม้-กิ่งไม้หักพาดสาย,ศจฟ,21:24,21:25,21:42,17,1. อนุสรณ์ ทองประสม,รถ : รถแก้ไฟท่าอุเทน,FUSE LINK 22 KV. 40 A.EEI-NEMA TYPE K,1,,2026-06-04
2838,4 มิ.ย. 2569,21:26,21:33,7,กฟส.บ้านแพง (S),SSK08F-66,592,ฝนตก ลมแรง,ภัยธรรมชาติ-พายุโซนร้อน/ใต้ฝุ่น,ศจฟ,21:26,20:26,21:20,54,1. เอกพล เวกสูงเนิน,รถ : กระเช้าบ้านแพง,FUSE LINK 22 KV. 25 A.EEI-NEMA TYPE K,1,,2026-06-04
2839,5 มิ.ย. 2569,01:00,01:42,42,กฟส.ธาตุพนม (S),THA02VF-012,206,ฝนตก ลมแรง,ต้นไม้-ต้นไม้ล้มทับสาย,ศจฟ,01:00,01:13,01:44,31,1. นรากร แสนโสม,รถ : กระเช้าธาตุพนม,FUSE LINK 22 KV. 10 A.EEI-NEMA TYPE K,3,,2026-06-05
2840,5 มิ.ย. 2569,01:01,01:57,56,กฟส.ท่าอุเทน (XS),SSK02VF-201,627,ฝนตก ฟ้าคะนอง,ต้นไม้-ต้นไม้ล้มทับสาย,ศจฟ,01:00,01:11,01:59,48,1. อนุสรณ์ ทองประสม,รถ : รถแก้ไฟท่าอุเทน,FUSE LINK 22 KV. 40 A.EEI-NEMA TYPE K,3,,2026-06-05
2841,5 มิ.ย. 2569,01:30,02:02,31,กฟส.โพนสวรรค์ (XS),SSK09F-07,1880,ฝนตก ลมแรง,ภัยธรรมชาติ-พายุฤดูร้อน/พายุดีเปรสชั่น,ศจฟ,01:30,00:30,02:30,120,1. รวิชญ์ พรมน้อย,รถ : โพนสวรรค์-03,FUSE LINK 22 KV. 20 A.EEI-NEMA TYPE K,1,,2026-06-05
2842,5 มิ.ย. 2569,01:35,02:10,35,กฟส.ธาตุพนม (S),THA07VF-014,28,ฝนตก ลมแรง,ภัยธรรมชาติ-พายุฤดูร้อน/พายุดีเปรสชั่น,ศจฟ,01:35,01:41,02:21,40,1. นรากร แสนโสม,รถ : กระเช้าธาตุพนม,FUSE LINK 22 KV. 25 A.EEI-NEMA TYPE K,1,,2026-06-05
2843,5 มิ.ย. 2569,07:00,08:00,60,กฟส.ธาตุพนม (S),65-028136,27,ฝนตก,ต้นไม้-กิ่งไม้หักพาดสาย,ศจฟ,07:00,07:34,08:10,36,1. นรากร แสนโสม,รถ : กระเช้าธาตุพนม,"CABLE,AL,750 V,50 SQ.MM. TIS.293",8,,2026-06-05
2844,5 มิ.ย. 2569,07:00,08:48,108,กฟส.ท่าอุเทน (XS),SSK02VF-236,2,ฝนตก ฟ้าคะนอง,ต้นไม้-ลมพัดต้นไม้มาแตะสาย,ศจฟ,07:00,07:31,08:50,79,1. อนุสรณ์ ทองประสม,รถ : รถแก้ไฟท่าอุเทน,FUSE LINK 22 KV. 40 A.EEI-NEMA TYPE K,3,,2026-06-05
2845,5 มิ.ย. 2569,07:00,08:52,112,กฟจ.นครพนม (L),NNA02VF-020,63,ฝนตก ฟ้าคะนอง,ต้นไม้-ลมพัดต้นไม้มาแตะสาย,ศจฟ,07:00,07:38,08:54,76,1. ถวิล เมษาคุณ  | 2. ทศวรรษ มังคละคีรี  | 3. วสันต์ชัย ดวงสูงเนิน  | 4. วิเชียร สุวอ  | 5. หิรัญ พลไกรสร,รถ : 3ฒภ 2576 กทม (นพ 01),FUSE LINK 22 KV. 10 A.EEI-NEMA TYPE K,1,,2026-06-05
2846,5 มิ.ย. 2569,07:20,07:37,17,กฟส.โพนสวรรค์ (XS),SSK09F-08,294,ฝนตก,ภัยธรรมชาติ-พายุฤดูร้อน/พายุดีเปรสชั่น,ศจฟ,07:20,06:00,08:10,130,1. รวิชญ์ พรมน้อย,รถ : โพนสวรรค์-03,FUSE HOLDER 22 KV. 100 A. 12 KA.,1,,2026-06-05
2847,5 มิ.ย. 2569,09:36,09:44,8,กฟส.ท่าอุเทน (XS),NNA01VF-211,11,ฝนตก ฟ้าคะนอง,ภัยธรรมชาติ-พายุฤดูร้อน/พายุดีเปรสชั่น,ศจฟ,09:36,09:37,09:46,9,1. อนุสรณ์ ทองประสม,รถ : รถแก้ไฟท่าอุเทน,FUSE LINK 22 KV. 8 A.EEI-NEMA TYPE K,1,,2026-06-05
2848,5 มิ.ย. 2569,09:48,09:53,5,กฟส.นาแก (S),THA03VF-203,417,อากาศชื้น / หมอก,สัตว์-งู,ศจฟ,09:48,09:49,10:00,11,1. อนาวิน อาจหาญ,รถ : นก-03,FUSE LINK 22 KV. 10 A.EEI-NEMA TYPE K,1,,2026-06-05
2849,5 มิ.ย. 2569,09:54,10:59,64,กฟส.นาทม (XS),SSK08F-136,17,อากาศชื้น / หมอก,สัตว์-งู,ศจฟ,09:54,09:55,12:20,145,1. อิทธิพันธ์ กาวรรณธง,รถ : นาทม 02,FUSE LINK 22 KV. 8 A.EEI-NEMA TYPE K,2,,2026-06-05
2850,5 มิ.ย. 2569,11:09,12:25,76,กฟส.ท่าอุเทน (XS),69-003469,49,ฝนตก,สัตว์-งู,ศจฟ,11:09,11:10,12:28,78,1. อนุสรณ์ ทองประสม,รถ : รถแก้ไฟท่าอุเทน,"CABLE,AL,750 V,50 SQ.MM. TIS.293",3,,2026-06-05
2851,5 มิ.ย. 2569,12:34,12:55,20,กฟส.นาหว้า (XS),SSK06F-19,1373,ฝนตก,สัตว์-งู,ศจฟ,12:34,12:45,12:57,12,1. อัมรินทร์ วะราวัง,รถ : นาหว้า 02,"CABLE,AL,750 V,50 SQ.MM. TIS.293",10,,2026-06-05
2852,5 มิ.ย. 2569,13:13,13:16,3,กฟส.บ้านแพง (S),52-004431,305,ฝนตก ลมแรง,ภัยธรรมชาติ-พายุฤดูร้อน/พายุดีเปรสชั่น,ศจฟ,13:13,09:10,10:10,60,1. รชานนท์ โมธรรม,รถ : กระเช้าบ้านแพง,"CABLE,AL,750 V,50 SQ.MM. TIS.293",10,,2026-06-05
2853,5 มิ.ย. 2569,13:50,14:07,17,กฟส.บ้านแพง (S),SSK08F-66,592,ฝนตก,อุปกรณ์-ชำรุด,ศจฟ,13:50,11:04,12:15,71,1. รชานนท์ โมธรรม,รถ : กระเช้าบ้านแพง,"HOTLINE BAIL-CLAMP,MAIN 70-185 SQ.MM.",2,,2026-06-05
2854,5 มิ.ย. 2569,14:27,15:19,51,กฟส.นาทม (XS),SSK08F-89,382,ฝนตก,อุปกรณ์-ชำรุด,ศจฟ,14:27,14:28,15:20,52,1. อิทธิพันธ์ กาวรรณธง,รถ : นาทม 02,FUSE LINK 22 KV. 8 A.EEI-NEMA TYPE K,1,,2026-06-05
2855,5 มิ.ย. 2569,14:49,15:04,15,กฟส.บ้านแพง (S),54-009315,135,ฝนตก,ภัยธรรมชาติ-พายุฤดูร้อน/พายุดีเปรสชั่น,ศจฟ,14:49,13:20,14:15,55,1. รชานนท์ โมธรรม,รถ : กระเช้าบ้านแพง,"CABLE LUG,NEMA 2-HOLE,AL 95 SQ.MM.",2,,2026-06-05
2856,5 มิ.ย. 2569,15:00,16:25,85,กฟจ.นครพนม (L),NNA05F-01/1,224,ฝนตก,ภัยธรรมชาติ-พายุฤดูร้อน/พายุดีเปรสชั่น,ศจฟ,15:00,15:10,16:27,77,1. กิติศักดิ์ หาราช  | 2. ประจล ศรีสุราช  | 3. เกรียงไกร ลาหมัน,รถ : 3ฒภ 2576 กทม (นพ 01),FUSE LINK 22 KV. 15 A.EEI-NEMA TYPE K,1,,2026-06-05
2857,5 มิ.ย. 2569,15:10,16:22,72,กฟจ.นครพนม (L),NNA01VF-059,103,ฝนตก,ภัยธรรมชาติ-พายุฤดูร้อน/พายุดีเปรสชั่น,ศจฟ,15:10,15:11,16:24,73,1. กิติศักดิ์ หาราช  | 2. ประจล ศรีสุราช  | 3. เกรียงไกร ลาหมัน,รถ : 3ฒภ 2576 กทม (นพ 01),FUSE LINK 22 KV. 15 A.EEI-NEMA TYPE K,1,,2026-06-05
2858,5 มิ.ย. 2569,15:52,15:55,3,กฟส.นาหว้า (XS),SSK06F-16,1740,ฝนตก,ภัยธรรมชาติ-พายุฤดูร้อน/พายุดีเปรสชั่น,ศจฟ,15:52,15:54,15:56,2,1. อัมรินทร์ วะราวัง,รถ : นาหว้า 02,FUSE LINK 22 KV. 10 A.EEI-NEMA TYPE K,3,,2026-06-05
2859,5 มิ.ย. 2569,16:05,16:19,14,กฟจ.นครพนม (L),NNB02VF-023,670,ฝนตก,ภัยธรรมชาติ-พายุฤดูร้อน/พายุดีเปรสชั่น,ศจฟ,16:05,16:07,16:21,14,1. กิติศักดิ์ หาราช  | 2. ประจล ศรีสุราช  | 3. เกรียงไกร ลาหมัน,รถ : 3ฒภ 2576 กทม (นพ 01),FUSE LINK 22 KV. 25 A.EEI-NEMA TYPE K,2,,2026-06-05
2860,5 มิ.ย. 2569,17:39,18:34,54,กฟจ.นครพนม (L),NNA04F-26/1,138,ฝนตก ฟ้าคะนอง,ต้นไม้-กิ่งไม้หักพาดสาย,ศจฟ,17:39,17:40,18:36,56,1. กิติศักดิ์ หาราช  | 2. ประจล ศรีสุราช  | 3. พงษ์สนิจ ศรีวิชัย  | 4. หฤษฎ์ ถูระวัน,รถ : 81-1269 นพ (นพ 03),FUSE LINK 22 KV. 10 A.EEI-NEMA TYPE K,1,,2026-06-05
2861,5 มิ.ย. 2569,17:41,19:13,91,กฟจ.นครพนม (L),53-007590,51,ฝนตก ฟ้าคะนอง,ต้นไม้-กิ่งไม้หักพาดสาย,ศจฟ,17:41,17:42,18:10,28,1. ประจล ศรีสุราช  | 2. หฤษฎ์ ถูระวัน,รถ : 3ฒภ 2576 กทม (นพ 01),"CABLE,AL,750 V,50 SQ.MM. TIS.293",5,,2026-06-05
2862,5 มิ.ย. 2569,18:21,19:18,56,กฟจ.นครพนม (L),NNA01VF-061,22,ฝนตก ฟ้าคะนอง,ต้นไม้-กิ่งไม้หักพาดสาย,ศจฟ,18:21,18:22,18:50,28,1. ประจล ศรีสุราช  | 2. หฤษฎ์ ถูระวัน,รถ : 3ฒภ 2576 กทม (นพ 01),"H.R.C. FUSE, BLADE CONTACT, 80 A",1,,2026-06-05
2863,5 มิ.ย. 2569,18:23,20:23,120,กฟจ.นครพนม (L),51-012388,49,ฝนตก ลมแรง,อุปกรณ์-ชำรุด,ศจฟ,18:23,18:24,20:28,124,1. กิติศักดิ์ หาราช  | 2. ประจล ศรีสุราช  | 3. พงษ์สนิจ ศรีวิชัย  | 4. หฤษฎ์ ถูระวัน,รถ : 81-1269 นพ (นพ 03),"H.R.C. FUSE, BLADE CONTACT, 100 A",1,,2026-06-05
2864,5 มิ.ย. 2569,18:57,19:30,33,กฟส.ศรีสงคราม (XS),SSK02VF-015,1638,ฝนตก ฟ้าคะนอง,ภัยธรรมชาติ-พายุฤดูร้อน/พายุดีเปรสชั่น,ศจฟ,18:57,18:58,19:40,42,1. เชาวลิต หัสรินทร์,รถ : ศรีสงคราม 02,FUSE LINK 22 KV. 40 A.EEI-NEMA TYPE K,2,,2026-06-05
2865,5 มิ.ย. 2569,19:34,19:58,24,กฟจ.นครพนม (L),NNA10VF-001-2,89,ฝนตก ฟ้าคะนอง,ต้นไม้-กิ่งไม้หักพาดสาย,ศจฟ,19:34,19:35,20:00,25,1. กิติศักดิ์ หาราช  | 2. ประจล ศรีสุราช  | 3. พงษ์สนิจ ศรีวิชัย  | 4. หฤษฎ์ ถูระวัน,รถ : 81-1269 นพ (นพ 03),FUSE LINK 22 KV. 15 A.EEI-NEMA TYPE K,1,,2026-06-05
2866,5 มิ.ย. 2569,19:38,01:53,375,กฟจ.นครพนม (L),NNA01VF-017,184,ฝนตก ฟ้าคะนอง,ต้นไม้-กิ่งไม้หักพาดสาย,ศจฟ,19:38,19:39,20:00,21,1. ประจล ศรีสุราช  | 2. หฤษฎ์ ถูระวัน,รถ : 3ฒภ 2576 กทม (นพ 01),FUSE LINK 22 KV. 25 A.EEI-NEMA TYPE K,3,,2026-06-05
2867,5 มิ.ย. 2569,19:40,01:56,376,กฟจ.นครพนม (L),NNA04F-10,805,ฝนตก ฟ้าคะนอง,ต้นไม้-กิ่งไม้หักพาดสาย,ศจฟ,19:40,19:41,20:10,29,1. ประจล ศรีสุราช  | 2. หฤษฎ์ ถูระวัน,รถ : 3ฒภ 2576 กทม (นพ 01),FUSE LINK 22 KV. 25 A.EEI-NEMA TYPE K,3,,2026-06-05
2868,5 มิ.ย. 2569,20:50,02:02,312,กฟจ.นครพนม (L),67-009028,133,ฝนตก ฟ้าคะนอง,ต้นไม้-กิ่งไม้หักพาดสาย,ศจฟ,20:50,20:51,21:20,29,1. ประจล ศรีสุราช  | 2. หฤษฎ์ ถูระวัน,รถ : 3ฒภ 2576 กทม (นพ 01),"H.R.C. FUSE, BLADE CONTACT, 100 A",1,,2026-06-05
2869,5 มิ.ย. 2569,20:53,21:18,24,กฟจ.นครพนม (L),37-018912,30,ฝนตก ฟ้าคะนอง,อุปกรณ์-ชำรุด,ศจฟ,20:53,20:54,21:21,27,1. กิติศักดิ์ หาราช  | 2. ประจล ศรีสุราช  | 3. พงษ์สนิจ ศรีวิชัย  | 4. หฤษฎ์ ถูระวัน,รถ : 81-1269 นพ (นพ 03),"H.R.C. FUSE, BLADE CONTACT, 160 A",3,,2026-06-05
2870,5 มิ.ย. 2569,21:54,06:11,497,กฟส.ท่าอุเทน (XS),NNA01VF-230,941,ฝนตก ลมแรง,ต้นไม้-กิ่งไม้หักพาดสาย,ศจฟ,21:54,21:56,23:50,114,1. สุรธวัช วุฒิสาร,รถ : รถแก้ไฟท่าอุเทน,FUSE LINK 22 KV. 40 A.EEI-NEMA TYPE K,3,,2026-06-05
2871,6 มิ.ย. 2569,02:00,02:39,38,กฟจ.นครพนม (L),NNB01VF-023,1240,ฝนตก ลมแรง,ต้นไม้-กิ่งไม้หักพาดสาย,ศจฟ,02:00,02:01,02:30,29,1. จันทะคาด บัวเคน  | 2. นลธวัช ศรีหาเศษ  | 3. หฤษฎ์ ถูระวัน,รถ : 3ฒภ 2576 กทม (นพ 01),FUSE LINK 22 KV. 25 A.EEI-NEMA TYPE K,2,,2026-06-06
2872,6 มิ.ย. 2569,06:11,06:42,31,กฟส.ท่าอุเทน (XS),NNA08VF-213,646,ฝนตก ลมแรง,ต้นไม้-กิ่งไม้หักพาดสาย,ศจฟ,06:11,00:05,00:44,39,1. สุรธวัช วุฒิสาร,รถ : รถแก้ไฟท่าอุเทน,FUSE LINK 22 KV. 40 A.EEI-NEMA TYPE K,3,,2026-06-06
2873,6 มิ.ย. 2569,06:54,02:15,0,กฟส.โพนสวรรค์ (XS),SSK09F-10,45,ฝนตก,ภัยธรรมชาติ-พายุฤดูร้อน/พายุดีเปรสชั่น,ศจฟ,06:54,01:00,03:00,120,1. สุทธิเกียรติ บุญรังษี,รถ : โพนสวรรค์-03,FUSE LINK 22 KV. 20 A.EEI-NEMA TYPE K,3,,2026-06-06
2874,6 มิ.ย. 2569,06:57,04:00,0,กฟส.โพนสวรรค์ (XS),NNA01F-39,12097,ฝนตก,ภัยธรรมชาติ-พายุฤดูร้อน/พายุดีเปรสชั่น,ศจฟ,06:57,03:00,04:50,110,1. สุทธิเกียรติ บุญรังษี,รถ : โพนสวรรค์-03,FUSE LINK 22 KV. 15 A.EEI-NEMA TYPE K,3,,2026-06-06
2875,6 มิ.ย. 2569,07:00,06:00,0,กฟส.โพนสวรรค์ (XS),35-011440,211,ฝนตก,ภัยธรรมชาติ-พายุฤดูร้อน/พายุดีเปรสชั่น,ศจฟ,07:00,04:50,07:00,130,1. สุทธิเกียรติ บุญรังษี,รถ : โพนสวรรค์-03,FUSE LINK 22 KV. 5-6 A.EEI-NEMA TYPE K,3,,2026-06-06
2876,6 มิ.ย. 2569,07:01,06:50,0,กฟส.ท่าอุเทน (XS),59-029363,77,ฝนตก ลมแรง,อุปกรณ์-ชำรุด,ศจฟ,07:01,06:30,07:20,50,1. สุรธวัช วุฒิสาร,รถ : รถแก้ไฟท่าอุเทน,"H.R.C. FUSE, BLADE CONTACT, 100 A",1,,2026-06-06
2877,6 มิ.ย. 2569,07:27,07:48,20,กฟจ.นครพนม (L),28-018562,5,ฝนตก ลมแรง,อุปกรณ์-ชำรุด,ศจฟ,07:27,07:28,07:50,22,1. จันทะคาด บัวเคน  | 2. นลธวัช ศรีหาเศษ  | 3. หฤษฎ์ ถูระวัน,รถ : 3ฒภ 2576 กทม (นพ 01),FUSE LINK 22 KV. 3 A.EEI-NEMA TYPE K,3,,2026-06-06
2878,6 มิ.ย. 2569,07:30,07:51,20,กฟส.ท่าอุเทน (XS),NNA01VF-207,12097,ฝนตก ลมแรง,ต้นไม้-กิ่งไม้หักพาดสาย,ศจฟ,07:30,07:00,07:50,50,1. สุรธวัช วุฒิสาร,รถ : รถแก้ไฟท่าอุเทน,FUSE LINK 22 KV. 10 A.EEI-NEMA TYPE K,3,,2026-06-06
2879,6 มิ.ย. 2569,07:56,08:16,20,กฟส.ปลาปาก (XS),NNA07F-56,1189,อากาศปกติ,ต้นไม้-กิ่งไม้หักพาดสาย,ศจฟ,07:56,07:57,08:20,23,1. สุธรรม จันทะผา,รถ : รถแก้ไฟปลาปาก 01,FUSE LINK 22 KV. 30 A.EEI-NEMA TYPE K,1,,2026-06-06
2880,6 มิ.ย. 2569,08:07,08:20,13,กฟส.ธาตุพนม (S),60-033215,88,อากาศชื้น / หมอก,อุปกรณ์-ชำรุด,ศจฟ,08:07,07:00,08:00,60,1. ธีรพิชญ์ มิ่งขวัญ,รถ : กระเช้าธาตุพนม,"H.R.C. FUSE, BLADE CONTACT, 80 A",1,,2026-06-06
2881,6 มิ.ย. 2569,08:53,11:07,134,กฟส.โพนสวรรค์ (XS),63-020639,334,อากาศชื้น / หมอก,ภัยธรรมชาติ-พายุฤดูร้อน/พายุดีเปรสชั่น,ศจฟ,08:53,08:55,10:30,95,1. วรัญญู สังรวมใจ,รถ : โพนสวรรค์-03,"H.R.C. FUSE, BLADE CONTACT, 160 A",1,,2026-06-06
2882,6 มิ.ย. 2569,08:54,08:58,4,กฟส.นาแก (S),THA04VF-212,75,อากาศชื้น / หมอก,ภัยธรรมชาติ-พายุฤดูร้อน/พายุดีเปรสชั่น,ศจฟ,08:54,08:55,09:00,5,1. อนาวิน อาจหาญ,รถ : นก-03,FUSE LINK 22 KV. 15 A.EEI-NEMA TYPE K,2,,2026-06-06
2883,6 มิ.ย. 2569,09:07,09:58,51,กฟส.บ้านแพง (S),SSK08F-65-1,520,ฝนตก,อุปกรณ์-ชำรุด,ศจฟ,09:07,13:10,14:20,70,1. จตุรภุช สะท้านอิทธิฤทธิ์  | 2. รชานนท์ โมธรรม,รถ : บ้านแพง01,COVERED TIE WIRE.AL.4.0 MM.,25,,2026-06-06
2884,6 มิ.ย. 2569,09:52,10:41,49,กฟส.ปลาปาก (XS),NNA07F-56,1189,ฝนตก,อุปกรณ์-ชำรุด,ศจฟ,09:52,09:55,10:55,60,1. ราชันย์ กุลสุทธิ์,รถ : รถแก้ไฟปลาปาก 01,FUSE LINK 22 KV. 30 A.EEI-NEMA TYPE K,2,,2026-06-06
2885,6 มิ.ย. 2569,10:35,11:00,24,กฟส.บ้านแพง (S),SSK08F-59-1,750,ลมแรง,ต้นไม้-กิ่งไม้หักพาดสาย,ศจฟ,10:35,10:35,11:26,51,1. จตุรภุช สะท้านอิทธิฤทธิ์  | 2. รชานนท์ โมธรรม,รถ : กระเช้าบ้านแพง,FUSE LINK 22 KV. 15 A.EEI-NEMA TYPE K,1,,2026-06-06
2886,6 มิ.ย. 2569,11:13,12:09,56,กฟส.โพนสวรรค์ (XS),25-001402,251,อากาศปกติ,ภัยธรรมชาติ-พายุฤดูร้อน/พายุดีเปรสชั่น,ศจฟ,11:13,10:35,12:11,96,1. วรัญญู สังรวมใจ,รถ : โพนสวรรค์-03,"H.R.C. FUSE, BLADE CONTACT, 100 A",1,,2026-06-06
2887,6 มิ.ย. 2569,11:44,12:04,20,กฟส.นาแก (S),THA04VF-221-2,40,อากาศชื้น / หมอก,สัตว์-ตุ๊กแก/ตะกวด/กิ้งก่า/ตัวเงินตัวทอง,ศจฟ,11:44,11:45,12:06,21,1. อนาวิน อาจหาญ,รถ : นก-03,FUSE LINK 22 KV. 15 A.EEI-NEMA TYPE K,1,,2026-06-06
2888,6 มิ.ย. 2569,13:39,14:00,20,กฟส.ศรีสงคราม (XS),SSK01VF-028,231,ฝนตก ลมแรง,ภัยธรรมชาติ-พายุฤดูร้อน/พายุดีเปรสชั่น,ศจฟ,13:39,13:39,14:18,39,1. เชาวลิต หัสรินทร์,รถ : ศรีสงคราม 02,FUSE LINK 22 KV. 40 A.EEI-NEMA TYPE K,1,,2026-06-06
2889,6 มิ.ย. 2569,15:00,15:44,44,กฟส.นาแก (S),THA04VF-231-1,125,อากาศปกติ,ภัยธรรมชาติ-พายุฤดูร้อน/พายุดีเปรสชั่น,ศจฟ,15:00,15:09,15:48,40,1. อนาวิน อาจหาญ,รถ : นก-03,FUSE LINK 22 KV. 15 A.EEI-NEMA TYPE K,2,,2026-06-06
2890,6 มิ.ย. 2569,15:18,15:39,20,กฟส.ปลาปาก (XS),NNA07F-87,367,อากาศปกติ,สัตว์-งู,ศจฟ,15:18,15:19,15:44,25,1. ราชันย์ กุลสุทธิ์,รถ : รถแก้ไฟปลาปาก 01,FUSE LINK 22 KV. 25 A.EEI-NEMA TYPE K,1,,2026-06-06
2891,6 มิ.ย. 2569,16:09,16:30,20,กฟส.ศรีสงคราม (XS),SSK08VF-060,63,ลมแรง,ภัยธรรมชาติ-พายุฤดูร้อน/พายุดีเปรสชั่น,ศจฟ,16:09,16:10,16:35,25,1. เชาวลิต หัสรินทร์,รถ : ศรีสงคราม 02,FUSE LINK 22 KV. 8 A.EEI-NEMA TYPE K,1,,2026-06-06
2892,6 มิ.ย. 2569,17:25,22:26,301,กฟจ.นครพนม (L),NNB01VF-025,11,ลมแรง,ภัยธรรมชาติ-พายุฤดูร้อน/พายุดีเปรสชั่น,ศจฟ,17:25,17:26,18:50,84,1. พิพัฒน์ นะระทะ  | 2. หิรัญ พลไกรสร  | 3. เกริกฤทธิ์ จันทรโพธิ์ศรี  | 4. เกรียงไกร ลาหมัน,รถ : 81-1269 นพ (นพ 03),FUSE LINK 22 KV. 15 A.EEI-NEMA TYPE K,1,,2026-06-06
2893,6 มิ.ย. 2569,17:28,22:28,300,กฟจ.นครพนม (L),51-012388,49,ลมแรง,ภัยธรรมชาติ-พายุฤดูร้อน/พายุดีเปรสชั่น,ศจฟ,17:28,17:29,22:30,301,1. พิพัฒน์ นะระทะ  | 2. หิรัญ พลไกรสร  | 3. เกริกฤทธิ์ จันทรโพธิ์ศรี  | 4. เกรียงไกร ลาหมัน,รถ : 81-1269 นพ (นพ 03),"CABLE,AL,750 V,50 SQ.MM. TIS.293",10,,2026-06-06
2894,6 มิ.ย. 2569,18:00,18:32,31,กฟส.นาทม (XS),SEK03F-89,3213,อากาศปกติ,ต้นไม้-กิ่งไม้หักพาดสาย,ศจฟ,18:00,18:01,18:33,32,1. อิทธิพันธ์ กาวรรณธง,รถ : นาทม 02,FUSE LINK 22 KV. 8 A.EEI-NEMA TYPE K,2,,2026-06-06
2895,6 มิ.ย. 2569,18:01,19:12,70,กฟส.นาทม (XS),SEK03F-90,3213,อากาศปกติ,สัตว์-งู,ศจฟ,18:01,18:02,19:14,72,1. อิทธิพันธ์ กาวรรณธง,รถ : นาทม 02,FUSE LINK 22 KV. 8 A.EEI-NEMA TYPE K,1,,2026-06-06
2896,6 มิ.ย. 2569,19:16,19:35,18,กฟส.นาหว้า (XS),56-010582,52,อากาศปกติ,สัตว์-งู,ศจฟ,19:16,19:17,19:36,19,1. อัมรินทร์ วะราวัง,รถ : นาหว้า 02,FUSE LINK 22 KV. 25 A.EEI-NEMA TYPE K,3,,2026-06-06
2897,6 มิ.ย. 2569,19:33,20:04,31,กฟส.ปลาปาก (XS),NNA07F-0994,13,ฝนตก ลมแรง,สัตว์-งู,ศจฟ,19:33,19:34,20:47,73,1. ศักดิพัฒน์ บุราณเดช,รถ : รถแก้ไฟปลาปาก 01,FUSE LINK 22 KV. 15 A.EEI-NEMA TYPE K,2,,2026-06-06
2898,6 มิ.ย. 2569,20:14,22:07,113,กฟส.ท่าอุเทน (XS),24-012676,41,อากาศปกติ,ต้นไม้-ต้นไม้ล้มทับสาย,ศจฟ,20:14,21:00,22:11,71,1. วีระพงษ์ วงตรี,รถ : -,"CABLE,AL,750 V,50 SQ.MM. TIS.293",10,,2026-06-06
2899,6 มิ.ย. 2569,21:17,21:55,38,กฟส.ธาตุพนม (S),59-029366,27,ฝนตก,ต้นไม้-ต้นไม้ล้มทับสาย,ศจฟ,21:17,21:18,22:00,42,1. อุทัย สุมินทร์,รถ : ธพ 03,"CABLE,AL,750 V,50 SQ.MM. TIS.293",20,,2026-06-06
2900,6 มิ.ย. 2569,22:15,22:26,11,กฟส.นาหว้า (XS),SSK06F-35-3,41,ฝนตก,ต้นไม้-ต้นไม้ล้มทับสาย,ศจฟ,22:15,22:24,22:27,3,1. อัมรินทร์ วะราวัง,รถ : นาหว้า 02,FUSE LINK 22 KV. 25 A.EEI-NEMA TYPE K,3,,2026-06-06
2901,7 มิ.ย. 2569,02:10,02:30,20,กฟส.ศรีสงคราม (XS),SSK01VF-021,1,ลมแรง,ภัยธรรมชาติ-พายุฤดูร้อน/พายุดีเปรสชั่น,ศจฟ,02:10,02:10,03:35,85,1. เชาวลิต หัสรินทร์,รถ : ศรีสงคราม 02,FUSE LINK 22 KV. 40 A.EEI-NEMA TYPE K,1,,2026-06-07
2902,7 มิ.ย. 2569,07:30,08:06,36,กฟส.โพนสวรรค์ (XS),NNA01F-39,526,ฝนตก,ภัยธรรมชาติ-พายุฤดูร้อน/พายุดีเปรสชั่น,ศจฟ,07:30,04:30,05:50,80,1. ทรงกลด มาศศรี,รถ : โพนสวรรค์-03,FUSE LINK 22 KV. 20 A.EEI-NEMA TYPE K,2,,2026-06-07
2903,7 มิ.ย. 2569,08:06,08:13,7,กฟส.โพนสวรรค์ (XS),SSK09F-09,311,ฝนตก,ภัยธรรมชาติ-พายุฤดูร้อน/พายุดีเปรสชั่น,ศจฟ,08:06,06:10,07:45,95,1. ทรงกลด มาศศรี,รถ : โพนสวรรค์-03,FUSE LINK 22 KV. 15 A.EEI-NEMA TYPE K,2,,2026-06-07
2904,7 มิ.ย. 2569,08:17,10:25,128,กฟส.ท่าอุเทน (XS),SSK02VF-209,294,ฝนตก ลมแรง,ภัยธรรมชาติ-พายุฤดูร้อน/พายุดีเปรสชั่น,ศจฟ,08:17,08:18,10:26,128,1. วีระพงษ์ วงตรี  | 2. สุรธวัช วุฒิสาร  | 3. อภิรักษ์ สาตะรักษ์,รถ : รถแก้ไฟท่าอุเทน,FUSE LINK 22 KV. 40 A.EEI-NEMA TYPE K,2,,2026-06-07
2905,7 มิ.ย. 2569,08:18,09:22,64,กฟส.ท่าอุเทน (XS),NNA01VF-230,467,ฝนตก ลมแรง,ภัยธรรมชาติ-พายุฤดูร้อน/พายุดีเปรสชั่น,ศจฟ,08:18,08:19,08:24,1445,1. วีระพงษ์ วงตรี  | 2. สุรธวัช วุฒิสาร  | 3. อภิรักษ์ สาตะรักษ์,รถ : รถแก้ไฟท่าอุเทน,FUSE LINK 22 KV. 40 A.EEI-NEMA TYPE K,1,,2026-06-07
2906,8 มิ.ย. 2569,,03:47,0,กฟส.ท่าอุเทน (XS),60-008909,8,อากาศชื้น / หมอก,ภัยธรรมชาติ-พายุฤดูร้อน/พายุดีเปรสชั่น,ศจฟ,12:00,01:24,03:59,155,1. อภิรักษ์ สาตะรักษ์,รถ : รถแก้ไฟท่าอุเทน,"CABLE,AL,750 V,50 SQ.MM. TIS.293",30,,2026-06-08
2907,8 มิ.ย. 2569,,08:49,0,กฟส.ท่าอุเทน (XS),SSK02VF-265,2474,อากาศชื้น / หมอก,ภัยธรรมชาติ-พายุฤดูร้อน/พายุดีเปรสชั่น,ศจฟ,12:00,06:33,08:50,137,1. อภิรักษ์ สาตะรักษ์,รถ : รถแก้ไฟท่าอุเทน,FUSE LINK 22 KV. 10 A.EEI-NEMA TYPE K,2,,2026-06-08
2908,8 มิ.ย. 2569,,10:54,0,กฟส.ท่าอุเทน (XS),SSK02VF-241,225,ลมแรง,ภัยธรรมชาติ-พายุฤดูร้อน/พายุดีเปรสชั่น,ศจฟ,12:00,08:51,11:25,154,1. อภิรักษ์ สาตะรักษ์,รถ : รถแก้ไฟท่าอุเทน,FUSE LINK 22 KV. 10 A.EEI-NEMA TYPE K,1,,2026-06-08
2909,8 มิ.ย. 2569,12:00,01:34,0,กฟส.ท่าอุเทน (XS),67-031935,94,อากาศชื้น / หมอก,ภัยธรรมชาติ-พายุฤดูร้อน/พายุดีเปรสชั่น,ศจฟ,12:00,00:04,01:45,101,1. อภิรักษ์ สาตะรักษ์,รถ : รถแก้ไฟท่าอุเทน,"H.R.C. FUSE, BLADE CONTACT, 80 A",2,,2026-06-08
2910,8 มิ.ย. 2569,12:00,14:28,148,กฟส.ท่าอุเทน (XS),NNA01VF-204,1140,ลมแรง,ภัยธรรมชาติ-พายุฤดูร้อน/พายุดีเปรสชั่น,ศจฟ,12:00,12:51,14:29,98,1. อภิรักษ์ สาตะรักษ์,รถ : รถแก้ไฟท่าอุเทน,FUSE LINK 22 KV. 40 A.EEI-NEMA TYPE K,2,,2026-06-08
2911,8 มิ.ย. 2569,12:00,14:31,151,กฟส.ท่าอุเทน (XS),NNA08VF-211,25,ลมแรง,ภัยธรรมชาติ-พายุฤดูร้อน/พายุดีเปรสชั่น,ศจฟ,12:00,12:51,14:32,101,1. อภิรักษ์ สาตะรักษ์,รถ : รถแก้ไฟท่าอุเทน,FUSE LINK 22 KV. 10 A.EEI-NEMA TYPE K,3,,2026-06-08
2912,8 มิ.ย. 2569,12:01,12:48,47,กฟส.โพนสวรรค์ (XS),SSK07F-07,3447,อากาศปกติ,ภัยธรรมชาติ-พายุฤดูร้อน/พายุดีเปรสชั่น,ศจฟ,12:00,05:13,06:42,89,1. เพชราวุธ โพชราช,รถ : โพนสวรรค์-02,FUSE HOLDER 22 KV. 100 A. 12 KA.,1,,2026-06-08
2913,8 มิ.ย. 2569,14:30,14:40,10,กฟส.นาหว้า (XS),SSK06F-10/2,229,ลมแรง,ภัยธรรมชาติ-พายุฤดูร้อน/พายุดีเปรสชั่น,ศจฟ,14:30,14:39,14:42,3,1. อัมรินทร์ วะราวัง,รถ : นาหว้า 02,"CABLE,AL,750 V,50 SQ.MM. TIS.293",8,,2026-06-08
2914,8 มิ.ย. 2569,14:35,14:41,0,กฟส.บ้านแพง (S),SSK08F-65,792,อากาศปกติ,อุปกรณ์-ชำรุด,ศจฟ,14:35,10:15,11:25,70,1. รชานนท์ โมธรรม,รถ : กระเช้าบ้านแพง,FUSE LINK 22 KV. 15 A.EEI-NEMA TYPE K,3,,2026-06-08
2915,8 มิ.ย. 2569,14:40,14:55,15,กฟส.ธาตุพนม (S),THA04VF-006,342,อากาศปกติ,อุปกรณ์-ชำรุด,ศจฟ,14:40,14:45,14:59,14,1. ณวุฒิ กลางประพันธ์  | 2. นรากร แสนโสม,รถ : กระเช้าธาตุพนม,FUSE LINK 22 KV. 20 A.EEI-NEMA TYPE K,2,,2026-06-08
2916,8 มิ.ย. 2569,14:45,15:05,20,กฟส.บ้านแพง (S),54-002598,17,ฝนตก,สัตว์-งู,ศจฟ,14:45,14:05,14:30,25,1. รชานนท์ โมธรรม,รถ : กระเช้าบ้านแพง,FUSE LINK 22 KV. 3 A.EEI-NEMA TYPE K,3,,2026-06-08
2917,8 มิ.ย. 2569,15:00,15:11,11,กฟส.ปลาปาก (XS),66-022415,124,อากาศปกติ,สัตว์-งู,ศจฟ,15:00,15:04,15:17,13,1. สุธรรม จันทะผา,รถ : รถแก้ไฟปลาปาก 01,"H.R.C. FUSE, BLADE CONTACT, 80 A",1,,2026-06-08
2918,8 มิ.ย. 2569,15:10,15:22,12,กฟส.บ้านแพง (S),52-003576,337,ฝนตก,ภัยธรรมชาติ-พายุฤดูร้อน/พายุดีเปรสชั่น,ศจฟ,15:10,14:20,14:55,35,1. รชานนท์ โมธรรม,รถ : กระเช้าบ้านแพง,"CABLE,AL,750 V,50 SQ.MM. TIS.293",2,,2026-06-08
2919,8 มิ.ย. 2569,15:10,15:25,15,กฟส.นาแก (S),SOA07VF-505,225,ลมแรง,ภัยธรรมชาติ-พายุฤดูร้อน/พายุดีเปรสชั่น,ศจฟ,15:10,15:23,15:26,3,1. อนาวิน อาจหาญ,รถ : นก-07,FUSE LINK 22 KV. 15 A.EEI-NEMA TYPE K,2,,2026-06-08
2920,8 มิ.ย. 2569,15:20,16:00,40,กฟส.ศรีสงคราม (XS),SSK02VF-024,73,อากาศปกติ,ภัยธรรมชาติ-พายุฤดูร้อน/พายุดีเปรสชั่น,ศจฟ,15:20,15:28,16:25,57,1. ปัญจพงษ์ เศรษฐาไชย,รถ : ศรีสงคราม 03,FUSE LINK 22 KV. 5-6 A.EEI-NEMA TYPE K,1,,2026-06-08
2921,8 มิ.ย. 2569,15:30,15:37,7,กฟส.บ้านแพง (S),SSK08F-59-1,750,อากาศปกติ,สัตว์-งู,ศจฟ,15:30,15:05,15:30,25,1. รชานนท์ โมธรรม,รถ : กระเช้าบ้านแพง,FUSE LINK 22 KV. 15 A.EEI-NEMA TYPE K,2,,2026-06-08
2922,8 มิ.ย. 2569,15:50,16:00,10,กฟส.บ้านแพง (S),51-013011,19,ฝนตก ลมแรง,ภัยธรรมชาติ-พายุฤดูร้อน/พายุดีเปรสชั่น,ศจฟ,15:50,14:15,15:40,85,1. รชานนท์ โมธรรม,รถ : กระเช้าบ้านแพง,"CABLE,AL,750 V,50 SQ.MM. TIS.293",15,,2026-06-08
2923,8 มิ.ย. 2569,16:30,17:00,29,กฟส.ศรีสงคราม (XS),SSK06VB-01,11304,ฝนตก ฟ้าคะนอง,ภัยธรรมชาติ-พายุฤดูร้อน/พายุดีเปรสชั่น,ศจฟ,16:30,16:35,17:10,35,1. เชาวลิต หัสรินทร์,รถ : ศรีสงคราม 02,,,,2026-06-08
2924,8 มิ.ย. 2569,17:14,18:03,49,กฟจ.นครพนม (L),NNB01VF-032,46,ฝนตก ลมแรง,ต้นไม้-กิ่งไม้หักพาดสาย,ศจฟ,17:14,17:15,18:09,54,1. ภานุวัฒน์ สิงห์ทองไชย  | 2. หฤษฎ์ ถูระวัน,รถ : 3ฒภ 2576 กทม (นพ 01),FUSE LINK 22 KV. 25 A.EEI-NEMA TYPE K,3,,2026-06-08
2925,8 มิ.ย. 2569,18:10,05:58,708,กฟส.ท่าอุเทน (XS),SSK02VF-249,2474,อากาศชื้น / หมอก,อุปกรณ์-ชำรุด,ศจฟ,18:10,18:11,18:50,39,1. ปรินทร์ บุญเทียม,รถ : รถแก้ไฟท่าอุเทน,"CABLE,AL,750 V,50 SQ.MM. TIS.293",5,,2026-06-08
2926,8 มิ.ย. 2569,18:12,18:31,18,กฟจ.นครพนม (L),NNB01VF-039,78,ฝนตก ลมแรง,ต้นไม้-กิ่งไม้หักพาดสาย,ศจฟ,18:12,18:13,18:34,21,1. ภานุวัฒน์ สิงห์ทองไชย  | 2. หฤษฎ์ ถูระวัน,รถ : 3ฒภ 2576 กทม (นพ 01),FUSE LINK 22 KV. 25 A.EEI-NEMA TYPE K,2,,2026-06-08
2927,8 มิ.ย. 2569,18:28,18:45,17,กฟจ.นครพนม (L),NNB02VF-018,17,ฝนตก ลมแรง,ต้นไม้-กิ่งไม้หักพาดสาย,ศจฟ,18:28,18:29,18:48,19,1. ภานุวัฒน์ สิงห์ทองไชย  | 2. หฤษฎ์ ถูระวัน,รถ : 3ฒภ 2576 กทม (นพ 01),FUSE LINK 22 KV. 20 A.EEI-NEMA TYPE K,3,,2026-06-08
2928,8 มิ.ย. 2569,18:48,19:24,36,กฟจ.นครพนม (L),NNA02F-10,155,ฝนตก,อุปกรณ์-ชำรุด,ศจฟ,18:48,18:49,19:35,46,1. ภานุวัฒน์ สิงห์ทองไชย  | 2. หฤษฎ์ ถูระวัน,รถ : 3ฒภ 2576 กทม (นพ 01),FUSE LINK 22 KV. 30 A.EEI-NEMA TYPE K,2,,2026-06-08
2929,8 มิ.ย. 2569,19:22,06:00,638,กฟส.ท่าอุเทน (XS),NNA01VF-224,321,อากาศชื้น / หมอก,สภาพสิ่งแวดล้อม-ความชื้น,ศจฟ,19:22,19:23,19:45,22,1. ปรินทร์ บุญเทียม,รถ : รถแก้ไฟท่าอุเทน,"CABLE LUG,NEMA 2-HOLE,AL 50 SQ.MM.",4,,2026-06-08
2930,8 มิ.ย. 2569,19:42,20:13,31,กฟจ.นครพนม (L),NNA02F-09,2,อากาศชื้น / หมอก,สภาพสิ่งแวดล้อม-ความชื้น,ศจฟ,19:42,19:46,20:15,29,1. ภานุวัฒน์ สิงห์ทองไชย  | 2. หฤษฎ์ ถูระวัน,รถ : 3ฒภ 2576 กทม (นพ 01),FUSE LINK 22 KV. 20 A.EEI-NEMA TYPE K,3,,2026-06-08
2931,8 มิ.ย. 2569,19:54,20:00,6,กฟส.ธาตุพนม (S),25561387,1,อากาศชื้น / หมอก,สภาพสิ่งแวดล้อม-ความชื้น,ศจฟ,19:54,19:00,20:10,70,1. ธิติ เรณู  | 2. ธีรพิชญ์ มิ่งขวัญ,รถ : กระเช้าธาตุพนม,"CONN.,PG,DOUBLE BOLT,AL 16-70 SQ.MM.",2,,2026-06-08
2932,8 มิ.ย. 2569,19:56,20:31,35,กฟจ.นครพนม (L),67-000190,0,อากาศชื้น / หมอก,สภาพสิ่งแวดล้อม-ความชื้น,ศจฟ,19:56,19:57,20:35,38,1. ปรีชา เพ็งคำ  | 2. พงษ์สนิจ ศรีวิชัย  | 3. ภานุวัฒน์ สิงห์ทองไชย  | 4. หฤษฎ์ ถูระวัน,รถ : 81-1269 นพ (นพ 03),FUSE LINK 22 KV. 20 A.EEI-NEMA TYPE K,3,,2026-06-08
2933,8 มิ.ย. 2569,20:00,20:42,42,กฟจ.นครพนม (L),NNA01VF-026,491,ฝนตก ลมแรง,ต้นไม้-ต้นไม้ล้มทับสาย,ศจฟ,20:00,20:00,20:46,46,1. ปรีชา เพ็งคำ  | 2. พงษ์สนิจ ศรีวิชัย  | 3. ภานุวัฒน์ สิงห์ทองไชย  | 4. หฤษฎ์ ถูระวัน,รถ : 3ฒภ 2576 กทม (นพ 01),FUSE LINK 22 KV. 25 A.EEI-NEMA TYPE K,3,,2026-06-08
2934,8 มิ.ย. 2569,20:36,20:59,22,กฟจ.นครพนม (L),NNA04F-13,109,ฝนตก ลมแรง,ต้นไม้-ต้นไม้ล้มทับสาย,ศจฟ,20:36,20:37,21:01,24,1. ปรีชา เพ็งคำ  | 2. พงษ์สนิจ ศรีวิชัย  | 3. ภานุวัฒน์ สิงห์ทองไชย  | 4. หฤษฎ์ ถูระวัน,รถ : 81-1269 นพ (นพ 03),FUSE LINK 22 KV. 20 A.EEI-NEMA TYPE K,1,,2026-06-08
2935,8 มิ.ย. 2569,20:47,21:14,27,กฟจ.นครพนม (L),NNA05F-01/1,224,ฝนตก ลมแรง,ต้นไม้-ลมพัดต้นไม้มาแตะสาย,ศจฟ,20:47,20:48,21:29,41,1. ปรีชา เพ็งคำ  | 2. พงษ์สนิจ ศรีวิชัย  | 3. ภานุวัฒน์ สิงห์ทองไชย  | 4. หฤษฎ์ ถูระวัน,รถ : 3ฒภ 2576 กทม (นพ 01),FUSE LINK 22 KV. 20 A.EEI-NEMA TYPE K,2,,2026-06-08
2936,8 มิ.ย. 2569,21:00,21:31,31,กฟจ.นครพนม (L),NNA04F-04/9,1,ฝนตก ลมแรง,ต้นไม้-ลมพัดต้นไม้มาแตะสาย,ศจฟ,21:00,21:01,21:41,40,1. ปรีชา เพ็งคำ  | 2. พงษ์สนิจ ศรีวิชัย  | 3. ภานุวัฒน์ สิงห์ทองไชย  | 4. หฤษฎ์ ถูระวัน,รถ : 81-1269 นพ (นพ 03),FUSE LINK 22 KV. 8 A.EEI-NEMA TYPE K,3,,2026-06-08
2937,8 มิ.ย. 2569,21:49,22:36,47,กฟจ.นครพนม (L),NNA07F-31,965,ฝนตก ลมแรง,ต้นไม้-กิ่งไม้หักพาดสาย,ศจฟ,21:49,21:50,22:39,49,1. ปรีชา เพ็งคำ  | 2. พงษ์สนิจ ศรีวิชัย  | 3. ภานุวัฒน์ สิงห์ทองไชย  | 4. หฤษฎ์ ถูระวัน,รถ : 3ฒภ 2576 กทม (นพ 01),FUSE LINK 22 KV. 20 A.EEI-NEMA TYPE K,3,,2026-06-08
2938,8 มิ.ย. 2569,22:43,23:17,33,กฟจ.นครพนม (L),57-000758,16,ฝนตก ลมแรง,ต้นไม้-กิ่งไม้หักพาดสาย,ศจฟ,22:43,22:44,23:24,40,1. ปรีชา เพ็งคำ  | 2. พงษ์สนิจ ศรีวิชัย  | 3. ภานุวัฒน์ สิงห์ทองไชย  | 4. หฤษฎ์ ถูระวัน,รถ : 81-1269 นพ (นพ 03),FUSE LINK 22 KV. 8 A.EEI-NEMA TYPE K,2,,2026-06-08
2939,8 มิ.ย. 2569,22:45,23:46,61,กฟจ.นครพนม (L),NNA04F-77-3,710,ฝนตก,อุปกรณ์-ชำรุด,ศจฟ,22:45,22:48,23:48,60,1. ปรีชา เพ็งคำ  | 2. พงษ์สนิจ ศรีวิชัย  | 3. ภานุวัฒน์ สิงห์ทองไชย  | 4. หฤษฎ์ ถูระวัน,รถ : 3ฒภ 2576 กทม (นพ 01),FUSE LINK 22 KV. 40 A.EEI-NEMA TYPE K,3,,2026-06-08
2940,9 มิ.ย. 2569,07:00,08:17,76,กฟส.ปลาปาก (XS),NNA07F-55,609,อากาศปกติ,สัตว์-งู,ศจฟ,07:00,07:40,08:23,43,1. สุธรรม จันทะผา,รถ : รถแก้ไฟปลาปาก 01,FUSE LINK 22 KV. 20 A.EEI-NEMA TYPE K,2,,2026-06-09
2941,9 มิ.ย. 2569,07:10,07:53,42,กฟส.ท่าอุเทน (XS),SSK02VF-259,2474,อากาศปกติ,อุปกรณ์-ชำรุด,ศจฟ,07:10,07:00,08:30,90,1. ปรินทร์ บุญเทียม,รถ : รถแก้ไฟท่าอุเทน,FUSE LINK 22 KV. 10 A.EEI-NEMA TYPE K,1,,2026-06-09
2942,9 มิ.ย. 2569,07:15,07:44,29,กฟส.โพนสวรรค์ (XS),NNA01F-2666,214,อากาศชื้น / หมอก,ภัยธรรมชาติ-พายุฤดูร้อน/พายุดีเปรสชั่น,ศจฟ,07:15,06:00,07:30,90,1. รวิชญ์ พรมน้อย,รถ : โพนสวรรค์-03,FUSE LINK 22 KV. 20 A.EEI-NEMA TYPE K,1,,2026-06-09
2943,9 มิ.ย. 2569,09:06,10:33,87,กฟจ.นครพนม (L),NNA01VF-028,1851,ฝนตก,อุปกรณ์-ชำรุด,ศจฟ,09:06,09:07,11:05,118,1. จันทะคาด บัวเคน  | 2. พิพัฒน์ นะระทะ  | 3. หฤษฎ์ ถูระวัน,รถ : 3ฒภ 2576 กทม (นพ 01),FUSE LINK 22 KV. 25 A.EEI-NEMA TYPE K,3,,2026-06-09
2944,9 มิ.ย. 2569,10:44,11:41,56,กฟส.ปลาปาก (XS),NNA07F-48/22,65,อากาศปกติ,อุปกรณ์-ชำรุด,ศจฟ,10:44,10:56,11:46,50,1. สุธรรม จันทะผา,รถ : รถแก้ไฟปลาปาก 01,FUSE LINK 22 KV. 8 A.EEI-NEMA TYPE K,1,,2026-06-09
2945,9 มิ.ย. 2569,10:57,11:06,9,กฟส.บ้านแพง (S),56-009409,1,อากาศปกติ,อุปกรณ์-ชำรุด,ศจฟ,10:57,10:04,10:40,36,1. ชินดนัย คงชะสิงห์,รถ : กระเช้าบ้านแพง,FUSE LINK 22 KV. 5-6 A.EEI-NEMA TYPE K,3,,2026-06-09
2946,9 มิ.ย. 2569,11:16,11:51,35,กฟจ.นครพนม (L),NNA08VF-031,41,ฝนตก,ต้นไม้-กิ่งไม้หักพาดสาย,ศจฟ,11:16,11:18,11:55,37,1. จันทะคาด บัวเคน  | 2. พิพัฒน์ นะระทะ  | 3. หฤษฎ์ ถูระวัน,รถ : 3ฒภ 2576 กทม (นพ 01),FUSE LINK 22 KV. 20 A.EEI-NEMA TYPE K,3,,2026-06-09
2947,9 มิ.ย. 2569,11:47,11:51,4,กฟส.บ้านแพง (S),BFA10VF-108,17,ลมแรง,ภัยธรรมชาติ-พายุฤดูร้อน/พายุดีเปรสชั่น,ศจฟ,11:47,11:05,11:45,40,1. ชินดนัย คงชะสิงห์,รถ : กระเช้าบ้านแพง,FUSE HOLDER 22 KV. 100 A. 12 KA.,2,,2026-06-09
2948,9 มิ.ย. 2569,12:21,12:32,11,กฟจ.นครพนม (L),NNA03VF-001,113,ลมแรง,ภัยธรรมชาติ-พายุฤดูร้อน/พายุดีเปรสชั่น,ศจฟ,12:21,11:00,12:10,70,1. จันทะคาด บัวเคน  | 2. ธำรงรัตน์ สระแก้ว  | 3. พิพัฒน์ นะระทะ  | 4. สันติ อินทิสาร  | 5. สุรวุฒิ สุขแสงดาว  | 6. หฤษฎ์ ถูระวัน,รถ : 81-1269 นพ (นพ 03),FUSE LINK 22 KV. 25 A.EEI-NEMA TYPE K,2,,2026-06-09
2949,9 มิ.ย. 2569,12:32,13:06,33,กฟจ.นครพนม (L),NNA04F-05,499,ฝนตก,อุปกรณ์-ชำรุด,ศจฟ,12:32,12:32,13:14,42,1. จันทะคาด บัวเคน  | 2. ธำรงรัตน์ สระแก้ว  | 3. พิพัฒน์ นะระทะ  | 4. สันติ อินทิสาร  | 5. สุรวุฒิ สุขแสงดาว  | 6. หฤษฎ์ ถูระวัน,รถ : 3ฒภ 2576 กทม (นพ 01),FUSE LINK 22 KV. 20 A.EEI-NEMA TYPE K,2,,2026-06-09
2950,9 มิ.ย. 2569,13:26,14:12,45,กฟจ.นครพนม (L),NNA04F-16-2,59,ฝนตก,ต้นไม้-กิ่งไม้หักพาดสาย,ศจฟ,13:26,13:29,14:14,45,1. จันทะคาด บัวเคน  | 2. ธำรงรัตน์ สระแก้ว  | 3. พิพัฒน์ นะระทะ  | 4. สันติ อินทิสาร  | 5. สุรวุฒิ สุขแสงดาว  | 6. หฤษฎ์ ถูระวัน,รถ : 3ฒภ 2576 กทม (นพ 01),FUSE LINK 22 KV. 15 A.EEI-NEMA TYPE K,3,,2026-06-09
2951,9 มิ.ย. 2569,14:14,14:48,33,กฟจ.นครพนม (L),NNA02F-12.1,262,ฝนตก,สภาพสิ่งแวดล้อม-ฟ้าผ่า,ศจฟ,14:14,14:15,14:52,37,1. จันทะคาด บัวเคน  | 2. ธำรงรัตน์ สระแก้ว  | 3. พิพัฒน์ นะระทะ  | 4. สันติ อินทิสาร  | 5. สุรวุฒิ สุขแสงดาว  | 6. หฤษฎ์ ถูระวัน,รถ : 3ฒภ 2576 กทม (นพ 01),FUSE LINK 22 KV. 25 A.EEI-NEMA TYPE K,3,,2026-06-09
2952,9 มิ.ย. 2569,14:15,14:22,7,กฟส.บ้านแพง (S),53-006421,23,ฝนตก ลมแรง,ภัยธรรมชาติ-พายุฤดูร้อน/พายุดีเปรสชั่น,ศจฟ,14:15,13:15,14:20,65,1. ชินดนัย คงชะสิงห์,รถ : กระเช้าบ้านแพง,"BOLT,MACHINE M.16X250 MM.",4,,2026-06-09
2953,9 มิ.ย. 2569,14:35,14:58,22,กฟส.ธาตุพนม (S),THA02VF-010,827,อากาศปกติ,ภัยธรรมชาติ-พายุฤดูร้อน/พายุดีเปรสชั่น,ศจฟ,14:35,14:36,15:05,29,1. ณวุฒิ กลางประพันธ์  | 2. นรากร แสนโสม,รถ : กระเช้าธาตุพนม,FUSE LINK 22 KV. 40 A.EEI-NEMA TYPE K,2,,2026-06-09
2954,9 มิ.ย. 2569,14:56,15:55,58,กฟจ.นครพนม (L),54-010686,35,อากาศชื้น / หมอก,ยานพาหนะ-รถบรรทุก,ศจฟ,14:56,14:57,15:58,61,1. จันทะคาด บัวเคน  | 2. ธำรงรัตน์ สระแก้ว  | 3. พิพัฒน์ นะระทะ  | 4. สันติ อินทิสาร  | 5. สุรวุฒิ สุขแสงดาว  | 6. หฤษฎ์ ถูระวัน,รถ : 3ฒภ 2576 กทม (นพ 01),"CABLE,AL,750 V,50 SQ.MM. TIS.293",25,,2026-06-09
2955,9 มิ.ย. 2569,17:00,19:19,139,กฟส.ธาตุพนม (S),THA02VF-013,341,ลมแรง,ต้นไม้-กิ่งไม้หักพาดสาย,ศจฟ,17:00,17:09,19:21,132,1. นรากร แสนโสม  | 2. สันติ จันทโคตร,รถ : กระเช้าธาตุพนม,FUSE LINK 22 KV. 15 A.EEI-NEMA TYPE K,2,,2026-06-09
2956,9 มิ.ย. 2569,17:30,19:30,2999,กฟจ.นครพนม (L),NNA04F-16-1,5720,อากาศปกติ,ต้นไม้-ต้นไม้เลื้อย/โตมาแตะสาย,ศจฟ,17:30,18:40,20:00,2960,1. ประจล ศรีสุราช  | 2. ภานุวัฒน์ สิงห์ทองไชย  | 3. วสันต์ชัย ดวงสูงเนิน  | 4. ศักดิ์อนันต์ แสนเมือง,รถ : 3ฒภ 2576 กทม (นพ 01),FUSE LINK 22 KV. 20 A.EEI-NEMA TYPE K,1,,2026-06-09
2957,9 มิ.ย. 2569,18:40,19:07,27,กฟส.ปลาปาก (XS),NNA07F-36-2,319,อากาศปกติ,ต้นไม้-ลมพัดต้นไม้มาแตะสาย,ศจฟ,18:40,18:10,19:08,58,1. ราชันย์ กุลสุทธิ์,รถ : รถแก้ไฟปลาปาก 01,FUSE LINK 22 KV. 15 A.EEI-NEMA TYPE K,1,,2026-06-09
2958,9 มิ.ย. 2569,22:00,11:00,780,กฟส.โพนสวรรค์ (XS),SSK07F-05,334,ฝนตก,ภัยธรรมชาติ-พายุฤดูร้อน/พายุดีเปรสชั่น,ศจฟ,22:00,09:00,10:30,90,1. สุทธิเกียรติ บุญรังษี,รถ : โพนสวรรค์-02,FUSE LINK 22 KV. 15 A.EEI-NEMA TYPE K,2,,2026-06-09
2959,9 มิ.ย. 2569,23:00,00:15,75,กฟส.ศรีสงคราม (XS),BFA01VF-205,629,ฝนตก ฟ้าคะนอง,ต้นไม้-ต้นไม้ล้มทับสาย,ศจฟ,23:00,23:20,01:10,110,1. วุฒิชัย เหมเมือง,รถ : ศรีสงคราม 02,FUSE LINK 22 KV. 40 A.EEI-NEMA TYPE K,3,,2026-06-09
2960,10 มิ.ย. 2569,10:06,12:10,124,กฟส.นาทม (XS),SEK03F-582,5,ฝนตก ฟ้าคะนอง,ต้นไม้-ต้นไม้ล้มทับสาย,ศจฟ,10:06,10:56,12:12,76,1. นราธร อินทรายุทธ,รถ : นาทม 02,FUSE LINK 22 KV. 5-6 A.EEI-NEMA TYPE K,3,,2026-06-10
2961,10 มิ.ย. 2569,10:57,11:03,6,กฟส.นาแก (S),THA03VF-206-3,31,อากาศปกติ,ต้นไม้-ต้นไม้ล้มทับสาย,ศจฟ,10:57,10:58,11:04,6,1. อนาวิน อาจหาญ,รถ : นก-03,FUSE LINK 22 KV. 20 A.EEI-NEMA TYPE K,2,,2026-06-10
2962,10 มิ.ย. 2569,10:58,12:32,94,กฟส.ศรีสงคราม (XS),SSK02VF-020,743,ฝนตก ลมแรง,ภัยธรรมชาติ-พายุฤดูร้อน/พายุดีเปรสชั่น,ศจฟ,10:58,11:01,12:00,59,1. วุฒิชัย เหมเมือง,รถ : ศรีสงคราม 01,FUSE LINK 22 KV. 40 A.EEI-NEMA TYPE K,2,,2026-06-10
2963,10 มิ.ย. 2569,11:01,16:05,304,กฟส.ศรีสงคราม (XS),SSK02VF-004,879,ฝนตก ฟ้าคะนอง,ภัยธรรมชาติ-พายุฤดูร้อน/พายุดีเปรสชั่น,ศจฟ,11:01,11:02,13:30,148,1. วุฒิชัย เหมเมือง,รถ : ศรีสงคราม 02,FUSE LINK 22 KV. 40 A.EEI-NEMA TYPE K,2,,2026-06-10
2964,10 มิ.ย. 2569,11:17,15:43,266,กฟจ.นครพนม (L),58-017563,41,ฝนตก ฟ้าคะนอง,ภัยธรรมชาติ-พายุฤดูร้อน/พายุดีเปรสชั่น,ศจฟ,11:17,13:00,14:00,60,1. จันทะคาด บัวเคน  | 2. ถวิล เมษาคุณ  | 3. พิพัฒน์ พิมพ์ศรี,รถ : 3ฒภ 2576 กทม (นพ 01),FUSE LINK 22 KV. 15 A.EEI-NEMA TYPE K,2,,2026-06-10
2965,10 มิ.ย. 2569,11:18,10:00,0,กฟจ.นครพนม (L),NNA08VF-043,1,ฝนตก,สัตว์-งู,ศจฟ,11:18,10:02,11:59,117,1. จันทะคาด บัวเคน  | 2. ถวิล เมษาคุณ  | 3. พิพัฒน์ พิมพ์ศรี,รถ : 3ฒภ 2576 กทม (นพ 01),FUSE LINK 22 KV. 10 A.EEI-NEMA TYPE K,2,,2026-06-10
2966,10 มิ.ย. 2569,11:31,15:00,209,กฟจ.นครพนม (L),NNA02VF-020,63,อากาศปกติ,สัตว์-กระรอก/กระแต/หนู,ศจฟ,11:31,14:00,15:00,60,1. จันทะคาด บัวเคน  | 2. ถวิล เมษาคุณ  | 3. พิพัฒน์ พิมพ์ศรี,รถ : 3ฒภ 2576 กทม (นพ 01),FUSE LINK 22 KV. 15 A.EEI-NEMA TYPE K,2,,2026-06-10
2967,10 มิ.ย. 2569,11:58,15:48,230,กฟจ.นครพนม (L),NNA02F-12.1,262,อากาศปกติ,สัตว์-งู,ศจฟ,11:58,10:00,11:00,60,1. จันทะคาด บัวเคน  | 2. ถวิล เมษาคุณ  | 3. พิพัฒน์ พิมพ์ศรี,รถ : 3ฒภ 2576 กทม (นพ 01),FUSE LINK 22 KV. 8 A.EEI-NEMA TYPE K,2,,2026-06-10
2968,10 มิ.ย. 2569,12:05,12:23,18,กฟส.นาหว้า (XS),SSK04VF-107,863,อากาศปกติ,สัตว์-งู,ศจฟ,12:05,12:07,12:25,18,1. อัมรินทร์ วะราวัง,รถ : นาหว้า 02,FUSE LINK 22 KV. 10 A.EEI-NEMA TYPE K,3,,2026-06-10
2969,10 มิ.ย. 2569,12:49,12:58,9,กฟส.นาหว้า (XS),40-003905,457,อากาศปกติ,สัตว์-งู,ศจฟ,12:49,12:51,13:00,9,1. อัมรินทร์ วะราวัง,รถ : นาหว้า 02,"CABLE LUG,NEMA 2-HOLE,AL 50 SQ.MM.",4,,2026-06-10
2970,10 มิ.ย. 2569,14:57,16:23,85,กฟส.นาหว้า (XS),46-008004,666,อากาศปกติ,สัตว์-งู,ศจฟ,14:57,14:58,16:25,87,1. อัมรินทร์ วะราวัง,รถ : นาหว้า 02,"CONN.,PG,DOUBLE BOLT,AL 25-95 SQ.MM.",4,,2026-06-10
2971,10 มิ.ย. 2569,15:11,15:37,26,กฟจ.นครพนม (L),NNA08VF-036,4,อากาศปกติ,สัตว์-นก/ค้างคาว,ศจฟ,15:11,09:00,10:00,60,1. จันทะคาด บัวเคน  | 2. ถวิล เมษาคุณ  | 3. พิพัฒน์ พิมพ์ศรี,รถ : 3ฒภ 2576 กทม (นพ 01),,,,2026-06-10
2972,10 มิ.ย. 2569,16:13,18:10,117,กฟส.ท่าอุเทน (XS),SSK02VF-201,627,ฝนตก ฟ้าคะนอง,สัตว์-นก/ค้างคาว,ศจฟ,16:13,16:17,17:18,61,1. อภิรักษ์ สาตะรักษ์,รถ : รถแก้ไฟท่าอุเทน,FUSE LINK 22 KV. 30 A.EEI-NEMA TYPE K,4,,2026-06-10
2973,10 มิ.ย. 2569,16:17,14:24,0,กฟส.ท่าอุเทน (XS),NNA01VF-204,1139,ฝนตก ฟ้าคะนอง,สัตว์-นก/ค้างคาว,ศจฟ,16:17,14:01,15:26,85,1. อภิรักษ์ สาตะรักษ์,รถ : รถแก้ไฟท่าอุเทน,FUSE HOLDER 22 KV. 100 A. 12 KA.,1,,2026-06-10
2974,10 มิ.ย. 2569,16:21,09:20,0,กฟส.ท่าอุเทน (XS),NNA08VF-211,25,ฝนตก ฟ้าคะนอง,สัตว์-นก/ค้างคาว,ศจฟ,16:21,08:23,10:21,118,1. อภิรักษ์ สาตะรักษ์,รถ : รถแก้ไฟท่าอุเทน,FUSE HOLDER 22 KV. 100 A. 12 KA.,1,,2026-06-10
2975,10 มิ.ย. 2569,16:22,10:22,0,กฟส.ท่าอุเทน (XS),BFA09VF-205,55,ฝนตก ฟ้าคะนอง,สัตว์-นก/ค้างคาว,ศจฟ,16:22,10:23,13:23,180,1. อภิรักษ์ สาตะรักษ์,รถ : รถแก้ไฟท่าอุเทน,FUSE HOLDER 22 KV. 100 A. 12 KA.,1,,2026-06-10
2976,10 มิ.ย. 2569,16:36,18:28,112,กฟส.ศรีสงคราม (XS),BFA09VF-212,1875,ฝนตก ฟ้าคะนอง,สัตว์-นก/ค้างคาว,ศจฟ,16:36,16:37,18:31,114,1. วุฒิชัย เหมเมือง  | 2. อภิรักษ์ สาตะรักษ์,รถ : รถแก้ไฟท่าอุเทน,FUSE LINK 22 KV. 40 A.EEI-NEMA TYPE K,2,,2026-06-10
2977,10 มิ.ย. 2569,16:38,18:58,140,กฟส.ท่าอุเทน (XS),SSK02VF-231,2473,ฝนตก ฟ้าคะนอง,สัตว์-นก/ค้างคาว,ศจฟ,16:38,17:01,18:29,88,1. อภิรักษ์ สาตะรักษ์,รถ : -,FUSE HOLDER 22 KV. 100 A. 12 KA.,1,,2026-06-10
2978,10 มิ.ย. 2569,16:40,19:00,140,กฟส.ท่าอุเทน (XS),SSK02VF-228,225,ฝนตก ฟ้าคะนอง,สัตว์-นก/ค้างคาว,ศจฟ,16:40,17:01,19:00,119,1. อภิรักษ์ สาตะรักษ์,รถ : -,FUSE HOLDER 22 KV. 100 A. 12 KA.,1,,2026-06-10
2979,10 มิ.ย. 2569,16:45,19:03,138,กฟส.ท่าอุเทน (XS),NNA01VF-224,13027,ฝนตก ฟ้าคะนอง,สัตว์-นก/ค้างคาว,ศจฟ,16:45,17:01,19:03,122,1. อภิรักษ์ สาตะรักษ์,รถ : -,FUSE LINK 22 KV. 20 A.EEI-NEMA TYPE K,3,,2026-06-10
2980,10 มิ.ย. 2569,16:50,19:04,134,กฟส.ท่าอุเทน (XS),NNA01VF-230,13027,ฝนตก ฟ้าคะนอง,สัตว์-นก/ค้างคาว,ศจฟ,16:50,17:01,19:05,124,1. อภิรักษ์ สาตะรักษ์,รถ : -,FUSE LINK 22 KV. 30 A.EEI-NEMA TYPE K,5,,2026-06-10
2981,10 มิ.ย. 2569,18:10,18:20,10,กฟส.ธาตุพนม (S),THA07VF-010,416,ฝนตก,สัตว์-นก/ค้างคาว,ศจฟ,18:10,17:40,18:40,60,1. ปริเยศ หาญพงศ์ศรี,รถ : กระเช้าธาตุพนม,FUSE LINK 22 KV. 25 A.EEI-NEMA TYPE K,1,,2026-06-10
2982,10 มิ.ย. 2569,19:00,19:50,49,กฟส.ธาตุพนม (S),42-009298,63,ฝนตก,สัตว์-นก/ค้างคาว,ศจฟ,19:00,19:02,20:22,80,1. ปริเยศ หาญพงศ์ศรี,รถ : กระเช้าธาตุพนม,FUSE LINK 22 KV. 3 A.EEI-NEMA TYPE K,2,,2026-06-10
2983,10 มิ.ย. 2569,20:20,20:32,12,กฟส.โพนสวรรค์ (XS),65-016403,3,ฝนตก,ภัยธรรมชาติ-พายุฤดูร้อน/พายุดีเปรสชั่น,ศจฟ,20:20,17:30,19:00,90,1. วรัญญู สังรวมใจ,รถ : โพนสวรรค์-03,FUSE LINK 22 KV. 3 A.EEI-NEMA TYPE K,2,,2026-06-10
2984,10 มิ.ย. 2569,21:40,22:37,56,กฟจ.นครพนม (L),NNB02VF-015,15,ฝนตก ฟ้าคะนอง,ภัยธรรมชาติ-พายุฤดูร้อน/พายุดีเปรสชั่น,ศจฟ,21:40,19:00,20:05,65,1. สันติ อินทิสาร  | 2. สุรวุฒิ สุขแสงดาว,รถ : 3ฒภ 2576 กทม (นพ 01),FUSE LINK 22 KV. 20 A.EEI-NEMA TYPE K,2,,2026-06-10
2985,10 มิ.ย. 2569,21:45,22:40,54,กฟจ.นครพนม (L),NNB02VF-030,864,ฝนตก ฟ้าคะนอง,ภัยธรรมชาติ-พายุฤดูร้อน/พายุดีเปรสชั่น,ศจฟ,21:45,20:15,21:20,65,1. สันติ อินทิสาร  | 2. สุรวุฒิ สุขแสงดาว,รถ : 3ฒภ 2576 กทม (นพ 01),FUSE LINK 22 KV. 10 A.EEI-NEMA TYPE K,1,,2026-06-10
2986,10 มิ.ย. 2569,22:00,22:21,20,กฟส.นาแก (S),SOA08VF-503-1,15128,ฝนตก,ต้นไม้-กิ่งไม้หักพาดสาย,ศจฟ,22:00,21:00,22:05,65,1. วรพันธุ์ ตันสมรส,รถ : นก-03,FUSE LINK 22 KV. 10 A.EEI-NEMA TYPE K,2,,2026-06-10
2987,11 มิ.ย. 2569,,11:00,0,กฟส.บ้านแพง (S),52-003576,337,ฝนตก ลมแรง,ภัยธรรมชาติ-พายุฤดูร้อน/พายุดีเปรสชั่น,ศจฟ,09:30,10:05,10:45,40,1. รชานนท์ โมธรรม,รถ : กระเช้าบ้านแพง,"CABLE,AL,750 V,50 SQ.MM. TIS.293",5,,2026-06-11
2988,11 มิ.ย. 2569,,12:00,0,กฟส.บ้านแพง (S),SSK08F-58,189,ฝนตก ลมแรง,ภัยธรรมชาติ-พายุฤดูร้อน/พายุดีเปรสชั่น,ศจฟ,09:30,11:10,11:55,45,1. รชานนท์ โมธรรม,รถ : กระเช้าบ้านแพง,FUSE LINK 22 KV. 25 A.EEI-NEMA TYPE K,2,,2026-06-11
2989,11 มิ.ย. 2569,,12:30,0,กฟส.บ้านแพง (S),52-007548,55,ฝนตก,ภัยธรรมชาติ-พายุฤดูร้อน/พายุดีเปรสชั่น,ศจฟ,09:30,11:30,12:10,40,1. รชานนท์ โมธรรม,รถ : กระเช้าบ้านแพง,"DROPOUT,FUSE,22 KV.100 A.12 KA",1,,2026-06-11
2990,11 มิ.ย. 2569,06:25,07:49,84,กฟส.โพนสวรรค์ (XS),67-031884,341,ฝนตก,ภัยธรรมชาติ-พายุฤดูร้อน/พายุดีเปรสชั่น,ศจฟ,06:25,05:36,08:22,166,1. วรัญญู สังรวมใจ,รถ : โพนสวรรค์-03,"H.R.C. FUSE, BLADE CONTACT, 100 A",2,,2026-06-11
2991,11 มิ.ย. 2569,06:37,07:00,22,กฟจ.นครพนม (L),NNA01VF-059,103,ฝนตก,ภัยธรรมชาติ-พายุฤดูร้อน/พายุดีเปรสชั่น,ศจฟ,06:37,06:41,07:10,29,1. จันทะคาด บัวเคน  | 2. ชัยยา มาตขาว  | 3. นลธวัช ศรีหาเศษ,รถ : 3ฒภ 2576 กทม (นพ 01),FUSE LINK 22 KV. 25 A.EEI-NEMA TYPE K,2,,2026-06-11
2992,11 มิ.ย. 2569,06:45,08:00,75,กฟจ.นครพนม (L),NNA02F-12.1,262,ฝนตก,ภัยธรรมชาติ-พายุฤดูร้อน/พายุดีเปรสชั่น,ศจฟ,06:45,07:20,08:30,70,1. จันทะคาด บัวเคน  | 2. ชัยยา มาตขาว  | 3. นลธวัช ศรีหาเศษ,รถ : 3ฒภ 2576 กทม (นพ 01),FUSE LINK 22 KV. 20 A.EEI-NEMA TYPE K,3,,2026-06-11
2993,11 มิ.ย. 2569,07:18,09:00,102,กฟจ.นครพนม (L),53-002437,105,ฝนตก,ภัยธรรมชาติ-พายุฤดูร้อน/พายุดีเปรสชั่น,ศจฟ,07:18,08:00,09:30,90,1. จันทะคาด บัวเคน  | 2. ชัยยา มาตขาว  | 3. นลธวัช ศรีหาเศษ,รถ : 3ฒภ 2576 กทม (นพ 01),FUSE LINK 22 KV. 25 A.EEI-NEMA TYPE K,2,,2026-06-11
2994,11 มิ.ย. 2569,07:20,07:45,24,กฟส.นาแก (S),THA04VF-225-1,167,ฝนตก,สภาพสิ่งแวดล้อม-ความชื้น,ศจฟ,07:20,07:24,07:47,23,1. อนาวิน อาจหาญ,รถ : นก-03,,,,2026-06-11
2995,11 มิ.ย. 2569,07:23,08:00,36,กฟส.ศรีสงคราม (XS),64-013527,29,ฝนตก,สัตว์-งู,ศจฟ,07:23,07:23,08:30,67,1. วุฒิชัย เหมเมือง,รถ : ศรีสงคราม 02,FUSE LINK 22 KV. 3 A.EEI-NEMA TYPE K,2,,2026-06-11
2996,11 มิ.ย. 2569,09:00,09:54,54,กฟจ.นครพนม (L),NNA06F-06,1643,ฝนตก,สัตว์-งู,ศจฟ,09:00,09:49,09:56,7,1. เกริกฤทธิ์ จันทรโพธิ์ศรี,รถ : 81-1269 นพ (นพ 03),FUSE LINK 22 KV. 40 A.EEI-NEMA TYPE K,1,,2026-06-11
2997,11 มิ.ย. 2569,09:20,10:10,49,กฟส.นาหว้า (XS),SSK04VF-157,84,ฝนตก,สัตว์-งู,ศจฟ,09:20,09:52,10:12,20,1. อัมรินทร์ วะราวัง,รถ : นาหว้า 02,"EPR, HIGH-VOLTAGE INSULATING TAPE",2,,2026-06-11
2998,11 มิ.ย. 2569,09:30,10:30,0,กฟส.บ้านแพง (S),55-005240,31,ฝนตก,ภัยธรรมชาติ-พายุฤดูร้อน/พายุดีเปรสชั่น,ศจฟ,09:30,09:10,09:45,35,1. รชานนท์ โมธรรม,รถ : กระเช้าบ้านแพง,"DROPOUT,FUSE,22 KV.100 A.12 KA",1,,2026-06-11
2999,11 มิ.ย. 2569,09:35,10:27,51,กฟส.ปลาปาก (XS),NNA07F-48/2,167,อากาศปกติ,ต้นไม้-ต้นไม้ล้มทับสาย,ศจฟ,09:35,10:00,10:37,37,1. สุธรรม จันทะผา,รถ : รถแก้ไฟปลาปาก 01,FUSE LINK 22 KV. 15 A.EEI-NEMA TYPE K,2,,2026-06-11
3000,11 มิ.ย. 2569,09:35,11:17,102,กฟส.บ้านแพง (S),BFA01VF-111,24,ฝนตก ลมแรง,ภัยธรรมชาติ-พายุฤดูร้อน/พายุดีเปรสชั่น,ศจฟ,09:35,08:30,09:55,85,1. รชานนท์ โมธรรม,รถ : กระเช้าบ้านแพง,"DROPOUT,FUSE,22 KV.100 A.12 KA",1,,2026-06-11
3001,11 มิ.ย. 2569,09:50,11:06,76,กฟส.นาทม (XS),SEK03F-89,3211,ฝนตก,ภัยธรรมชาติ-พายุฤดูร้อน/พายุดีเปรสชั่น,ศจฟ,09:50,10:01,11:08,67,1. นราธร อินทรายุทธ,รถ : นาทม 02,FUSE LINK 22 KV. 25 A.EEI-NEMA TYPE K,1,,2026-06-11
3002,11 มิ.ย. 2569,11:24,16:11,287,กฟส.ศรีสงคราม (XS),59-018605,292,อากาศปกติ,อุปกรณ์-ชำรุด,ศจฟ,11:24,11:32,14:00,148,1. วุฒิชัย เหมเมือง  | 2. ศิลารักษ์ วิภา,รถ : ศรีสงคราม 01,"H.R.C. FUSE, BLADE CONTACT, 160 A",2,,2026-06-11
3003,11 มิ.ย. 2569,11:33,12:00,27,กฟส.ปลาปาก (XS),61-009811,167,ฝนตก,อุปกรณ์-ชำรุด,ศจฟ,11:33,11:35,12:02,27,1. นครินทร์ จำปาทิ  | 2. สุธรรม จันทะผา,รถ : รถแก้ไฟปลาปาก 01,FUSE LINK 22 KV. 8 A.EEI-NEMA TYPE K,3,,2026-06-11
3004,11 มิ.ย. 2569,11:34,12:38,64,กฟส.นาหว้า (XS),45-009793,28,ฝนตก,อุปกรณ์-ชำรุด,ศจฟ,11:33,11:33,12:40,67,1. อัมรินทร์ วะราวัง,รถ : นาหว้า 02,"CABLE LUG,NEMA 2-HOLE,AL 50 SQ.MM.",2,,2026-06-11
3005,11 มิ.ย. 2569,11:35,11:56,20,กฟส.ปลาปาก (XS),63-002353,105,ฝนตก,อุปกรณ์-ชำรุด,ศจฟ,11:35,11:36,11:59,23,1. นครินทร์ จำปาทิ  | 2. สุธรรม จันทะผา,รถ : รถแก้ไฟปลาปาก 01,"H.R.C. FUSE, BLADE CONTACT, 100 A",1,,2026-06-11
3006,11 มิ.ย. 2569,11:39,11:43,4,กฟส.บ้านแพง (S),56-015093,57,ฝนตก,อุปกรณ์-ชำรุด,ศจฟ,11:39,11:15,11:44,29,1. รชานนท์ โมธรรม,รถ : กระเช้าบ้านแพง,"CONN.,PG,DOUBLE BOLT,AL 25-95 SQ.MM.",2,,2026-06-11
3007,11 มิ.ย. 2569,12:00,14:40,160,กฟจ.นครพนม (L),NNB02VF-015,15,อากาศปกติ,สัตว์-งู,ศจฟ,12:00,13:40,15:20,100,1. ชายชาญ อรรคศรีวร  | 2. ปรีชา เพ็งคำ  | 3. ภานุวัฒน์ สิงห์ทองไชย  | 4. ศักดิ์อนันต์ แสนเมือง,รถ : 3ฒภ 2576 กทม (นพ 01),FUSE LINK 22 KV. 15 A.EEI-NEMA TYPE K,3,,2026-06-11
3008,11 มิ.ย. 2569,12:40,13:07,27,กฟส.นาหว้า (XS),SSK06F-18,701,อากาศปกติ,สัตว์-งู,ศจฟ,12:40,12:57,13:10,13,1. อัมรินทร์ วะราวัง,รถ : นาหว้า 02,"COND.,ACSR 50/8 SQ.MM.TIS.86",4,,2026-06-11
3009,11 มิ.ย. 2569,13:00,13:08,8,กฟส.ปลาปาก (XS),29-011052,262,ฝนตก,อุปกรณ์-ชำรุด,ศจฟ,13:00,13:05,13:12,7,1. นครินทร์ จำปาทิ  | 2. สุธรรม จันทะผา,รถ : รถแก้ไฟปลาปาก 01,"H.R.C. FUSE, BLADE CONTACT, 160 A",1,,2026-06-11
3010,11 มิ.ย. 2569,13:05,13:11,6,กฟส.บ้านแพง (S),52-009972,59,ฝนตก,อุปกรณ์-ชำรุด,ศจฟ,13:05,12:10,12:55,45,1. รชานนท์ โมธรรม,รถ : กระเช้าบ้านแพง,H.R.C. FUSE 200 A. DIN ORBS,2,,2026-06-11
3011,11 มิ.ย. 2569,13:10,15:57,167,กฟส.ท่าอุเทน (XS),63-005652,297,ฝนตก ลมแรง,ต้นไม้-ต้นไม้เลื้อย/โตมาแตะสาย,ศจฟ,13:10,13:11,16:00,169,1. ปรินทร์ บุญเทียม  | 2. อนุสรณ์ ทองประสม,รถ : รถแก้ไฟท่าอุเทน,"CABLE,AL,750 V,50 SQ.MM. TIS.293",3,,2026-06-11
3012,11 มิ.ย. 2569,14:00,15:44,104,กฟส.ธาตุพนม (S),29-000097,0,อากาศปกติ,ต้นไม้-ต้นไม้เลื้อย/โตมาแตะสาย,ศจฟ,14:00,15:12,15:54,42,1. นรากร แสนโสม,รถ : กระเช้าธาตุพนม,FUSE LINK 22 KV. 3 A.EEI-NEMA TYPE K,1,,2026-06-11
3013,11 มิ.ย. 2569,15:13,15:58,45,กฟส.นาหว้า (XS),SSK04VF-128,46,อากาศปกติ,ต้นไม้-ต้นไม้เลื้อย/โตมาแตะสาย,ศจฟ,15:13,15:14,16:00,46,1. อัมรินทร์ วะราวัง,รถ : นาหว้า 02,"CABLE,AL,750 V,50 SQ.MM. TIS.293",5,,2026-06-11
3014,11 มิ.ย. 2569,15:14,14:00,0,กฟส.ศรีสงคราม (XS),29-016898,448,อากาศปกติ,ต้นไม้-ต้นไม้เลื้อย/โตมาแตะสาย,ศจฟ,15:14,13:00,14:00,60,1. วุฒิชัย เหมเมือง  | 2. ศิลารักษ์ วิภา,รถ : ศรีสงคราม 01,"H.R.C. FUSE, BLADE CONTACT, 100 A",1,,2026-06-11
3015,11 มิ.ย. 2569,15:50,15:54,4,กฟส.บ้านแพง (S),58-011886,157,ฝนตก,ภัยธรรมชาติ-พายุฤดูร้อน/พายุดีเปรสชั่น,ศจฟ,15:50,15:05,15:55,50,1. รชานนท์ โมธรรม,รถ : กระเช้าบ้านแพง,"CABLE,AL,750 V,50 SQ.MM. TIS.293",10,,2026-06-11
3016,11 มิ.ย. 2569,15:57,17:11,73,กฟส.ท่าอุเทน (XS),SSK02VF-236,2,ฝนตก ลมแรง,ภัยธรรมชาติ-พายุฤดูร้อน/พายุดีเปรสชั่น,ศจฟ,15:57,15:59,17:14,75,1. ปรินทร์ บุญเทียม  | 2. อนุสรณ์ ทองประสม,รถ : รถแก้ไฟท่าอุเทน,FUSE LINK 22 KV. 20 A.EEI-NEMA TYPE K,1,,2026-06-11
3017,11 มิ.ย. 2569,16:00,17:09,69,กฟส.ท่าอุเทน (XS),SSK02VF-240,737,ฝนตก ลมแรง,ภัยธรรมชาติ-พายุฤดูร้อน/พายุดีเปรสชั่น,ศจฟ,16:00,16:01,17:11,70,1. ปรินทร์ บุญเทียม  | 2. อนุสรณ์ ทองประสม,รถ : รถแก้ไฟท่าอุเทน,FUSE LINK 22 KV. 25 A.EEI-NEMA TYPE K,1,,2026-06-11
3018,11 มิ.ย. 2569,16:01,17:06,64,กฟส.ท่าอุเทน (XS),BFA09VF-206,146,ฝนตก ลมแรง,ต้นไม้-ต้นไม้เลื้อย/โตมาแตะสาย,ศจฟ,16:01,16:02,17:08,66,1. อนุสรณ์ ทองประสม,รถ : รถแก้ไฟท่าอุเทน,FUSE LINK 22 KV. 25 A.EEI-NEMA TYPE K,1,,2026-06-11
3019,11 มิ.ย. 2569,17:01,17:29,27,กฟส.ศรีสงคราม (XS),SSK02VF-012,23,ฝนตก,ต้นไม้-ต้นไม้เลื้อย/โตมาแตะสาย,ศจฟ,17:01,17:05,17:55,50,1. ปัญจพงษ์ เศรษฐาไชย,รถ : ศรีสงคราม 02,FUSE LINK 22 KV. 8 A.EEI-NEMA TYPE K,2,,2026-06-11
3020,11 มิ.ย. 2569,17:13,20:14,181,กฟส.ท่าอุเทน (XS),SSK02VF-217,1,ฝนตก ลมแรง,ต้นไม้-ต้นไม้เลื้อย/โตมาแตะสาย,ศจฟ,17:13,17:15,20:14,179,1. ปรินทร์ บุญเทียม  | 2. อภิรักษ์ สาตะรักษ์,รถ : รถแก้ไฟท่าอุเทน,FUSE LINK 22 KV. 20 A.EEI-NEMA TYPE K,3,,2026-06-11
3021,11 มิ.ย. 2569,17:45,18:40,54,กฟส.นาทม (XS),SSK08F-89,382,ฝนตก ลมแรง,ต้นไม้-ต้นไม้เลื้อย/โตมาแตะสาย,ศจฟ,17:45,17:46,18:55,69,1. วราวุธ นาขมิ้น,รถ : นาทม 02,FUSE LINK 22 KV. 25 A.EEI-NEMA TYPE K,3,,2026-06-11
3022,11 มิ.ย. 2569,18:52,19:40,47,กฟส.นาแก (S),THA03VF-203-2,76,อากาศปกติ,ต้นไม้-ต้นไม้เลื้อย/โตมาแตะสาย,ศจฟ,18:52,18:54,19:43,49,1. วรพันธุ์ ตันสมรส,รถ : นก-03,FUSE LINK 22 KV. 8 A.EEI-NEMA TYPE K,2,,2026-06-11
3023,11 มิ.ย. 2569,18:55,19:50,54,กฟส.นาแก (S),THA03VF-204-1,26,อากาศปกติ,ต้นไม้-ต้นไม้เลื้อย/โตมาแตะสาย,ศจฟ,18:55,18:56,19:52,56,1. วรพันธุ์ ตันสมรส,รถ : นก-03,FUSE LINK 22 KV. 10 A.EEI-NEMA TYPE K,2,,2026-06-11
3024,11 มิ.ย. 2569,18:56,19:53,56,กฟส.นาแก (S),THA04VF-204-4,259,อากาศปกติ,ต้นไม้-ต้นไม้เลื้อย/โตมาแตะสาย,ศจฟ,18:56,18:59,19:56,57,1. วรพันธุ์ ตันสมรส,รถ : นก-03,"DROPOUT,FUSE,22 KV.100 A.12 KA",1,,2026-06-11
3025,11 มิ.ย. 2569,19:14,19:58,44,กฟส.ศรีสงคราม (XS),SSK08VF-056,51,ฝนตก,ต้นไม้-ต้นไม้ล้มทับสาย,ศจฟ,19:14,19:14,20:22,68,1. ปัญจพงษ์ เศรษฐาไชย,รถ : ศรีสงคราม 02,FUSE LINK 22 KV. 10 A.EEI-NEMA TYPE K,2,,2026-06-11
3026,11 มิ.ย. 2569,20:04,20:25,20,กฟส.ท่าอุเทน (XS),SSK02VF-252,55,อากาศชื้น / หมอก,อุปกรณ์-ชำรุด,ศจฟ,20:04,18:00,18:25,25,1. ปรินทร์ บุญเทียม,รถ : -,"CONN.,PG,DOUBLE BOLT,AL 16-70 SQ.MM.",3,,2026-06-11
3027,11 มิ.ย. 2569,20:05,09:25,800,กฟส.ท่าอุเทน (XS),SSK02VF-241,225,อากาศปกติ,อุปกรณ์-ชำรุด,ศจฟ,20:05,01:00,02:50,110,1. ปรินทร์ บุญเทียม,รถ : -,FUSE HOLDER 22 KV. 100 A. 12 KA.,3,,2026-06-11
3028,11 มิ.ย. 2569,20:05,09:33,808,กฟส.ท่าอุเทน (XS),BFA09VF-228,41,อากาศปกติ,อุปกรณ์-ชำรุด,ศจฟ,20:05,08:30,08:45,15,1. ปรินทร์ บุญเทียม,รถ : -,"CABLE,AL,750 V,50 SQ.MM. TIS.293",10,,2026-06-11
3029,11 มิ.ย. 2569,20:06,09:30,804,กฟส.ท่าอุเทน (XS),SSK02VF-208,560,อากาศปกติ,อุปกรณ์-ชำรุด,ศจฟ,20:06,03:30,05:00,90,1. ปรินทร์ บุญเทียม,รถ : -,FUSE LINK 22 KV. 15 A.EEI-NEMA TYPE K,2,,2026-06-11
3030,11 มิ.ย. 2569,20:07,20:29,22,กฟส.ท่าอุเทน (XS),BFA09VF-205,55,อากาศชื้น / หมอก,อุปกรณ์-ชำรุด,ศจฟ,20:06,19:00,19:15,15,1. ปรินทร์ บุญเทียม,รถ : -,FUSE LINK 22 KV. 10 A.EEI-NEMA TYPE K,2,,2026-06-11
3031,11 มิ.ย. 2569,20:07,09:26,799,กฟส.ท่าอุเทน (XS),BFA09VF-212,1875,อากาศปกติ,อุปกรณ์-ชำรุด,ศจฟ,20:07,06:00,07:30,90,1. ปรินทร์ บุญเทียม,รถ : -,FUSE HOLDER 22 KV. 100 A. 12 KA.,1,,2026-06-11
3032,11 มิ.ย. 2569,20:12,20:51,38,กฟส.นาแก (S),THA03VF-202,713,อากาศปกติ,อุปกรณ์-ชำรุด,ศจฟ,20:12,20:13,20:53,40,1. วรพันธุ์ ตันสมรส,รถ : นก-03,FUSE LINK 22 KV. 25 A.EEI-NEMA TYPE K,3,,2026-06-11
3033,11 มิ.ย. 2569,20:14,20:54,40,กฟส.นาแก (S),THA03VF-202-2,120,อากาศปกติ,อุปกรณ์-ชำรุด,ศจฟ,20:14,20:15,20:56,41,1. วรพันธุ์ ตันสมรส,รถ : นก-03,FUSE LINK 22 KV. 20 A.EEI-NEMA TYPE K,2,,2026-06-11
3034,11 มิ.ย. 2569,21:35,22:16,40,กฟส.ปลาปาก (XS),NNA07F-37,383,อากาศปกติ,อุปกรณ์-ชำรุด,ศจฟ,21:35,21:41,22:20,39,1. บิณฑ์ นารินทร์รักษ์,รถ : รถแก้ไฟปลาปาก 01,FUSE LINK 22 KV. 20 A.EEI-NEMA TYPE K,1,,2026-06-11
3035,11 มิ.ย. 2569,21:56,18:30,0,กฟจ.นครพนม (L),38-002870,169,อากาศปกติ,อุปกรณ์-ชำรุด,ศจฟ,21:56,17:30,19:20,110,1. ถวิล เมษาคุณ  | 2. ศักดิ์อนันต์ แสนเมือง  | 3. หฤษฎ์ ถูระวัน,รถ : 3ฒภ 2576 กทม (นพ 01),"H.R.C. FUSE, BLADE CONTACT, 100 A",2,,2026-06-11
3036,11 มิ.ย. 2569,22:10,22:40,29,กฟจ.นครพนม (L),NNA04F-16,5720,อากาศปกติ,ต้นไม้-ต้นไม้เลื้อย/โตมาแตะสาย,ศจฟ,22:10,21:50,23:20,90,1. ถวิล เมษาคุณ  | 2. ศักดิ์อนันต์ แสนเมือง  | 3. หฤษฎ์ ถูระวัน,รถ : 3ฒภ 2576 กทม (นพ 01),FUSE LINK 22 KV. 25 A.EEI-NEMA TYPE K,2,,2026-06-11
3037,12 มิ.ย. 2569,00:47,01:15,27,กฟส.ปลาปาก (XS),NNA07F-36/1,1003,ฝนตก ลมแรง,ต้นไม้-ต้นไม้เลื้อย/โตมาแตะสาย,ศจฟ,00:47,00:25,01:35,70,1. บิณฑ์ นารินทร์รักษ์,รถ : รถแก้ไฟปลาปาก 01,FUSE LINK 22 KV. 25 A.EEI-NEMA TYPE K,1,,2026-06-12
3038,12 มิ.ย. 2569,05:54,07:10,76,กฟส.โพนสวรรค์ (XS),NNA01F-41,757,ฝนตก,ภัยธรรมชาติ-พายุฤดูร้อน/พายุดีเปรสชั่น,ศจฟ,05:54,05:30,07:05,95,1. ทรงกลด มาศศรี,รถ : โพนสวรรค์-03,FUSE LINK 22 KV. 30 A.EEI-NEMA TYPE K,2,,2026-06-12
3039,12 มิ.ย. 2569,06:26,07:02,36,กฟส.ศรีสงคราม (XS),SSK02VF-036,28,ฝนตก,ภัยธรรมชาติ-พายุฤดูร้อน/พายุดีเปรสชั่น,ศจฟ,06:26,06:27,07:27,60,1. ปัญจพงษ์ เศรษฐาไชย,รถ : ศรีสงคราม 02,FUSE LINK 22 KV. 5-6 A.EEI-NEMA TYPE K,2,,2026-06-12
3040,12 มิ.ย. 2569,06:32,06:31,0,กฟส.ท่าอุเทน (XS),SSK02VF-201,626,ฝนตก ฟ้าคะนอง,ภัยธรรมชาติ-พายุฤดูร้อน/พายุดีเปรสชั่น,ศจฟ,06:32,03:04,05:55,171,1. อภิรักษ์ สาตะรักษ์,รถ : รถแก้ไฟท่าอุเทน,FUSE LINK 22 KV. 30 A.EEI-NEMA TYPE K,3,,2026-06-12
3041,12 มิ.ย. 2569,06:32,09:34,182,กฟส.ท่าอุเทน (XS),NNA01VF-230,467,ฝนตก ฟ้าคะนอง,ภัยธรรมชาติ-พายุฤดูร้อน/พายุดีเปรสชั่น,ศจฟ,06:32,06:03,08:52,169,1. อภิรักษ์ สาตะรักษ์,รถ : รถแก้ไฟท่าอุเทน,FUSE LINK 22 KV. 30 A.EEI-NEMA TYPE K,2,,2026-06-12
3042,12 มิ.ย. 2569,06:33,03:26,0,กฟส.ท่าอุเทน (XS),BFA09VF-205,55,ฝนตก ฟ้าคะนอง,ภัยธรรมชาติ-พายุฤดูร้อน/พายุดีเปรสชั่น,ศจฟ,06:33,00:14,02:29,135,1. อภิรักษ์ สาตะรักษ์,รถ : รถแก้ไฟท่าอุเทน,FUSE LINK 22 KV. 15 A.EEI-NEMA TYPE K,2,,2026-06-12
3043,12 มิ.ย. 2569,06:39,06:46,7,กฟส.นาแก (S),THA04VF-221-4,2,อากาศชื้น / หมอก,อุปกรณ์-ชำรุด,ศจฟ,06:39,06:40,07:41,61,1. ธีระวัฒน์ สิงนวน  | 2. วรพันธุ์ ตันสมรส,รถ : นก-03,FUSE LINK 22 KV. 20 A.EEI-NEMA TYPE K,1,,2026-06-12
3044,12 มิ.ย. 2569,07:27,08:30,63,กฟส.โพนสวรรค์ (XS),35-010325,178,ฝนตก,ภัยธรรมชาติ-พายุฤดูร้อน/พายุดีเปรสชั่น,ศจฟ,07:27,07:28,08:25,58,1. ทรงกลด มาศศรี,รถ : โพนสวรรค์-03,"H.R.C. FUSE, BLADE CONTACT, 100 A",2,,2026-06-12
3045,12 มิ.ย. 2569,08:30,09:12,42,กฟส.นาหว้า (XS),37-007470,244,ฝนตก,ภัยธรรมชาติ-พายุฤดูร้อน/พายุดีเปรสชั่น,ศจฟ,08:30,08:41,09:14,33,1. อัมรินทร์ วะราวัง,รถ : นาหว้า 02,"CABLE,AL,750 V,50 SQ.MM. TIS.293",10,,2026-06-12
3046,12 มิ.ย. 2569,09:20,09:59,38,กฟส.ธาตุพนม (S),THA02VF-012,206,อากาศปกติ,ภัยธรรมชาติ-พายุฤดูร้อน/พายุดีเปรสชั่น,ศจฟ,09:20,09:30,10:01,31,1. ณวุฒิ กลางประพันธ์  | 2. นรากร แสนโสม,รถ : กระเช้าธาตุพนม,FUSE LINK 22 KV. 15 A.EEI-NEMA TYPE K,3,,2026-06-12
3047,12 มิ.ย. 2569,09:50,10:34,44,กฟส.เรณูนคร (XS),THA02F-70,489,ฝนตก ฟ้าคะนอง,ภัยธรรมชาติ-พายุฤดูร้อน/พายุดีเปรสชั่น,ศจฟ,09:50,05:03,06:00,57,1. ณวุฒิ กลางประพันธ์,รถ : 80-7964 นพ รณ.01,FUSE LINK 22 KV. 10 A.EEI-NEMA TYPE K,2,,2026-06-12
3048,12 มิ.ย. 2569,10:00,10:18,18,กฟส.นาแก (S),67-025835,29,อากาศชื้น / หมอก,ภัยธรรมชาติ-พายุฤดูร้อน/พายุดีเปรสชั่น,ศจฟ,10:00,10:10,10:19,9,1. อนาวิน อาจหาญ,รถ : นก-03,FUSE LINK 22 KV. 3 A.EEI-NEMA TYPE K,1,,2026-06-12
3049,12 มิ.ย. 2569,10:00,10:56,56,กฟส.เรณูนคร (XS),THA02F-65,514,ฝนตก ฟ้าคะนอง,ภัยธรรมชาติ-พายุฤดูร้อน/พายุดีเปรสชั่น,ศจฟ,10:00,07:07,08:23,76,1. ณวุฒิ กลางประพันธ์,รถ : 80-7964 นพ รณ.01,FUSE LINK 22 KV. 10 A.EEI-NEMA TYPE K,2,,2026-06-12
3050,12 มิ.ย. 2569,10:00,11:15,75,กฟส.ศรีสงคราม (XS),24-013260,214,ฝนตก ลมแรง,ต้นไม้-ต้นไม้ล้มทับสาย,ศจฟ,10:00,10:00,11:17,77,1. ศิลารักษ์ วิภา,รถ : ศรีสงคราม 01,"CABLE,AL,750 V,50 SQ.MM. TIS.293",15,,2026-06-12
3051,12 มิ.ย. 2569,10:01,10:50,49,กฟส.เรณูนคร (XS),THA06F-12,166,ฝนตก ลมแรง,สภาพสิ่งแวดล้อม-สภาพสิ่งแวดล้อมอื่นๆ,ศจฟ,10:00,06:01,07:00,59,1. ณวุฒิ กลางประพันธ์,รถ : 80-7964 นพ รณ.01,FUSE LINK 22 KV. 15 A.EEI-NEMA TYPE K,2,,2026-06-12
3052,12 มิ.ย. 2569,10:05,11:10,64,กฟส.ธาตุพนม (S),59-018426,220,อากาศปกติ,ต้นไม้-ต้นไม้ล้มทับสาย,ศจฟ,10:05,10:19,11:12,53,1. ณวุฒิ กลางประพันธ์  | 2. นรากร แสนโสม,รถ : กระเช้าธาตุพนม,FUSE LINK 22 KV. 5-6 A.EEI-NEMA TYPE K,2,,2026-06-12
3053,12 มิ.ย. 2569,11:27,13:00,93,กฟส.นาทม (XS),63-006132,272,อากาศปกติ,ต้นไม้-ต้นไม้ล้มทับสาย,ศจฟ,11:27,11:28,13:07,99,1. วราวุธ นาขมิ้น,รถ : นาทม 02,"CABLE,AL,750 V,50 SQ.MM. TIS.293",10,,2026-06-12
3054,12 มิ.ย. 2569,11:28,11:45,17,กฟส.นาหว้า (XS),SSK06F-20/1,36,อากาศปกติ,ต้นไม้-ต้นไม้ล้มทับสาย,ศจฟ,11:28,11:29,11:47,18,1. อัมรินทร์ วะราวัง,รถ : นาหว้า 02,"CABLE LUG,NEMA 2-HOLE,AL 95 SQ.MM.",6,,2026-06-12
3055,12 มิ.ย. 2569,11:29,11:46,17,กฟส.นาแก (S),THA03VF-233-1,191,อากาศปกติ,บุคคลภายนอก-คนตัดต้นไม้,ศจฟ,11:29,11:30,11:48,18,1. อนาวิน อาจหาญ,รถ : นก-03,FUSE LINK 22 KV. 15 A.EEI-NEMA TYPE K,2,,2026-06-12
3056,12 มิ.ย. 2569,11:51,12:16,24,กฟส.นาหว้า (XS),68-007636,1,อากาศปกติ,บุคคลภายนอก-คนตัดต้นไม้,ศจฟ,11:51,11:55,12:17,22,1. อัมรินทร์ วะราวัง,รถ : นาหว้า 02,"CONN.,PG,DOUBLE BOLT,AL 25-95 SQ.MM.",2,,2026-06-12
3057,12 มิ.ย. 2569,11:59,12:06,7,กฟส.เรณูนคร (XS),THA02F-58,50,อากาศชื้น / หมอก,สัตว์-งู,ศจฟ,11:59,10:59,11:57,58,1. ณวุฒิ กลางประพันธ์,รถ : 80-7964 นพ รณ.01,FUSE LINK 22 KV. 20 A.EEI-NEMA TYPE K,2,,2026-06-12
3058,12 มิ.ย. 2569,12:40,12:46,6,กฟส.บ้านแพง (S),55-002720,228,ฝนตก,อุปกรณ์-ชำรุด,ศจฟ,12:40,09:10,10:10,60,1. รชานนท์ โมธรรม,รถ : กระเช้าบ้านแพง,"CABLE,CU,PVC,INS.&JAC. 600V, 2X10 SQ.MM.",7,,2026-06-12
3059,12 มิ.ย. 2569,12:45,12:52,7,กฟส.บ้านแพง (S),32-009341,13,ฝนตก,อุปกรณ์-ชำรุด,ศจฟ,12:45,10:10,11:10,60,1. รชานนท์ โมธรรม,รถ : กระเช้าบ้านแพง,"DROPOUT,FUSE,22 KV.100 A.12 KA",1,,2026-06-12
3060,12 มิ.ย. 2569,13:00,13:28,27,กฟจ.นครพนม (L),NNA01VF-054,1,อากาศชื้น / หมอก,สัตว์-งู,ศจฟ,13:00,13:00,14:38,98,1. พงศ์อิสรา ภักดี,รถ : รถกระเช้า (04),"CABLE LUG,NEMA 2-HOLE,AL 50 SQ.MM.",3,,2026-06-12
3061,12 มิ.ย. 2569,13:10,13:26,15,กฟส.ธาตุพนม (S),THA01VF-018,15,ฝนตก,ต้นไม้-กิ่งไม้หักพาดสาย,ศจฟ,13:10,13:18,13:41,23,1. นรากร แสนโสม,รถ : กระเช้าธาตุพนม,FUSE LINK 22 KV. 5-6 A.EEI-NEMA TYPE K,3,,2026-06-12
3062,12 มิ.ย. 2569,13:40,15:16,96,กฟส.ท่าอุเทน (XS),SSK02VF-231,963,ฝนตก ลมแรง,ต้นไม้-กิ่งไม้หักพาดสาย,ศจฟ,13:40,13:50,15:18,88,1. ปรินทร์ บุญเทียม  | 2. อนุสรณ์ ทองประสม,รถ : รถแก้ไฟท่าอุเทน,FUSE LINK 22 KV. 20 A.EEI-NEMA TYPE K,1,,2026-06-12
3063,12 มิ.ย. 2569,13:45,14:05,20,กฟส.นาหว้า (XS),SSK06F-12,779,ฝนตก ลมแรง,ต้นไม้-กิ่งไม้หักพาดสาย,ศจฟ,13:45,13:51,14:06,15,1. อัมรินทร์ วะราวัง,รถ : นาหว้า 02,FUSE LINK 22 KV. 10 A.EEI-NEMA TYPE K,2,,2026-06-12
3064,12 มิ.ย. 2569,14:16,15:00,44,กฟจ.นครพนม (L),65-014382,105,ฝนตก ลมแรง,ต้นไม้-กิ่งไม้หักพาดสาย,ศจฟ,14:16,14:17,15:20,63,1. จันทะคาด บัวเคน  | 2. ชัยยา มาตขาว  | 3. นลธวัช ศรีหาเศษ  | 4. พงศ์อิสรา ภักดี,รถ : 3ฒภ 2576 กทม (นพ 01),FUSE LINK 22 KV. 5-6 A.EEI-NEMA TYPE K,2,,2026-06-12
3065,12 มิ.ย. 2569,14:24,14:29,5,กฟส.ศรีสงคราม (XS),51-012389,4,ฝนตก ลมแรง,อุปกรณ์-ชำรุด,ศจฟ,14:24,13:00,14:31,91,1. ศิลารักษ์ วิภา,รถ : ศรีสงคราม 01,"CABLE LUG,NEMA 2-HOLE,AL 50 SQ.MM.",2,,2026-06-12
3066,12 มิ.ย. 2569,15:45,15:46,1,กฟส.นาหว้า (XS),SSK06F-10/2,229,ฝนตก ลมแรง,อุปกรณ์-ชำรุด,ศจฟ,15:45,15:46,15:48,2,1. อัมรินทร์ วะราวัง,รถ : นาหว้า 02,"CABLE,AL,750 V,50 SQ.MM. TIS.293",6,,2026-06-12
3067,12 มิ.ย. 2569,15:46,16:25,38,กฟส.ศรีสงคราม (XS),SSK08VF-031,275,ฝนตก,สัตว์-นก/ค้างคาว,ศจฟ,15:46,15:47,16:51,64,1. ปัญจพงษ์ เศรษฐาไชย,รถ : ศรีสงคราม 03,"BOLT,MACHINE M.16X130 MM.",1,,2026-06-12
3068,12 มิ.ย. 2569,15:47,16:05,18,กฟส.นาทม (XS),SEK03F-82,25,ฝนตก,สัตว์-นก/ค้างคาว,ศจฟ,15:47,15:48,16:13,25,1. วราวุธ นาขมิ้น,รถ : นาทม 02,FUSE LINK 22 KV. 8 A.EEI-NEMA TYPE K,2,,2026-06-12
3069,12 มิ.ย. 2569,15:48,16:28,40,กฟส.นาทม (XS),59-027086,14,ฝนตก,สัตว์-นก/ค้างคาว,ศจฟ,15:48,15:50,16:33,43,1. วราวุธ นาขมิ้น,รถ : นาทม 02,FUSE LINK 22 KV. 3 A.EEI-NEMA TYPE K,2,,2026-06-12
3070,12 มิ.ย. 2569,15:50,15:30,0,กฟส.ศรีสงคราม (XS),52-008086,18,อากาศปกติ,สัตว์-กระรอก/กระแต/หนู,ศจฟ,15:50,14:30,15:30,60,1. ปัญจพงษ์ เศรษฐาไชย  | 2. ศิลารักษ์ วิภา,รถ : ศรีสงคราม 01,FUSE LINK 22 KV. 3 A.EEI-NEMA TYPE K,2,,2026-06-12
3071,12 มิ.ย. 2569,17:05,19:00,115,กฟส.ธาตุพนม (S),45-029094,66,อากาศปกติ,สัตว์-กระรอก/กระแต/หนู,ศจฟ,17:05,17:09,18:05,56,1. ณวุฒิ กลางประพันธ์  | 2. นรากร แสนโสม,รถ : กระเช้าธาตุพนม,"DROPOUT,FUSE,22 KV.100 A.12 KA",1,,2026-06-12
3072,12 มิ.ย. 2569,18:09,18:45,36,กฟส.ปลาปาก (XS),66-018705,261,อากาศปกติ,อุปกรณ์-ชำรุด,ศจฟ,18:09,18:12,18:47,35,1. นครินทร์ จำปาทิ,รถ : รถแก้ไฟปลาปาก 01,H.R.C. FUSE 200 A. DIN ORBS,1,,2026-06-12
3073,12 มิ.ย. 2569,18:40,18:56,15,กฟส.ท่าอุเทน (XS),34-007446,124,ฝนตก,อุปกรณ์-ชำรุด,ศจฟ,18:40,18:00,18:50,50,1. สุรธวัช วุฒิสาร,รถ : รถแก้ไฟท่าอุเทน,"H.R.C. FUSE, BLADE CONTACT, 100 A",1,,2026-06-12
3074,12 มิ.ย. 2569,18:49,21:00,131,กฟจ.นครพนม (L),NNB01VF-024,75,ฝนตก,อุปกรณ์-ชำรุด,ศจฟ,18:49,19:03,20:30,87,1. ชัยยา มาตขาว  | 2. ถวิล เมษาคุณ  | 3. ภานุวัฒน์ สิงห์ทองไชย  | 4. วสันต์ชัย ดวงสูงเนิน,รถ : 3ฒภ 2576 กทม (นพ 01),FUSE LINK 22 KV. 10 A.EEI-NEMA TYPE K,2,,2026-06-12
3075,12 มิ.ย. 2569,18:54,19:08,14,กฟจ.นครพนม (L),NNA01VF-069,436,ฝนตก,อุปกรณ์-ชำรุด,ศจฟ,18:54,19:07,19:10,3,1. ชัยยา มาตขาว  | 2. ถวิล เมษาคุณ  | 3. ภานุวัฒน์ สิงห์ทองไชย  | 4. วสันต์ชัย ดวงสูงเนิน,รถ : 81-1269 นพ (นพ 03),FUSE LINK 22 KV. 5-6 A.EEI-NEMA TYPE K,2,,2026-06-12
3076,12 มิ.ย. 2569,18:55,19:10,15,กฟจ.นครพนม (L),NNA01VF-074,1,ฝนตก,อุปกรณ์-ชำรุด,ศจฟ,18:55,19:04,19:13,9,1. ชัยยา มาตขาว  | 2. ถวิล เมษาคุณ  | 3. ภานุวัฒน์ สิงห์ทองไชย  | 4. วสันต์ชัย ดวงสูงเนิน,รถ : 81-1269 นพ (นพ 03),FUSE LINK 22 KV. 10 A.EEI-NEMA TYPE K,1,,2026-06-12
3077,12 มิ.ย. 2569,20:03,20:11,8,กฟส.ปลาปาก (XS),NNA07F-56,1189,อากาศปกติ,สัตว์-งู,ศจฟ,20:03,20:05,20:15,10,1. นครินทร์ จำปาทิ,รถ : รถแก้ไฟปลาปาก 01,FUSE LINK 22 KV. 40 A.EEI-NEMA TYPE K,2,,2026-06-12
3078,12 มิ.ย. 2569,20:06,20:09,3,กฟส.ศรีสงคราม (XS),SSK08VF-049,46,อากาศปกติ,สัตว์-งู,ศจฟ,20:06,19:00,20:00,60,1. ศิลารักษ์ วิภา,รถ : ศรีสงคราม 01,FUSE LINK 22 KV. 15 A.EEI-NEMA TYPE K,2,,2026-06-12
3079,12 มิ.ย. 2569,20:11,18:50,0,กฟส.บ้านแพง (S),64-019137,16,ฝนตก ฟ้าคะนอง,ภัยธรรมชาติ-พายุโซนร้อน/ใต้ฝุ่น,ศจฟ,20:11,18:10,18:50,40,1. ทศพร เจริญสว่าง,รถ : กระเช้าบ้านแพง,"CABLE,AL,750 V,50 SQ.MM. TIS.293",5,,2026-06-12
3080,13 มิ.ย. 2569,12:23,16:06,223,กฟจ.นครพนม (L),NNA07VB-01,15677,ฝนตก ฟ้าคะนอง,ภัยธรรมชาติ-พายุโซนร้อน/ใต้ฝุ่น,ศจฟ,12:22,13:03,16:08,185,1. วสันต์ชัย ดวงสูงเนิน  | 2. วิเชียร สุวอ  | 3. หิรัญ พลไกรสร,รถ : 3ฒภ 2576 กทม (นพ 01),"CONN.,PG,TRIPLE BOLT,AL70-18S SQ.MM.",3,,2026-06-13
3081,13 มิ.ย. 2569,12:53,13:04,11,กฟส.ปลาปาก (XS),65-011984,40,อากาศปกติ,สัตว์-งู,ศจฟ,12:53,12:55,13:13,18,1. สุธรรม จันทะผา,รถ : รถแก้ไฟปลาปาก 01,FUSE LINK 22 KV. 3 A.EEI-NEMA TYPE K,1,,2026-06-13
3082,13 มิ.ย. 2569,12:53,13:07,14,กฟส.นาแก (S),THA03VF-233-1,191,อากาศปกติ,สัตว์-งู,ศจฟ,12:53,13:02,13:08,6,1. วรพันธุ์ ตันสมรส,รถ : นก-03,FUSE LINK 22 KV. 20 A.EEI-NEMA TYPE K,3,,2026-06-13
3083,13 มิ.ย. 2569,13:24,14:18,54,กฟส.ปลาปาก (XS),65-023665,54,ลมแรง,ต้นไม้-ลมพัดต้นไม้มาแตะสาย,ศจฟ,13:24,13:29,14:24,55,1. สุธรรม จันทะผา,รถ : รถแก้ไฟปลาปาก 01,"CABLE,AL,750 V,50 SQ.MM. TIS.293",4,,2026-06-13
3084,13 มิ.ย. 2569,13:49,13:00,0,กฟส.ศรีสงคราม (XS),SSK08VF-049,46,ลมแรง,ต้นไม้-ลมพัดต้นไม้มาแตะสาย,ศจฟ,13:49,12:00,13:00,60,1. ศิลารักษ์ วิภา,รถ : ศรีสงคราม 02,FUSE LINK 22 KV. 20 A.EEI-NEMA TYPE K,2,,2026-06-13
3085,13 มิ.ย. 2569,13:51,14:00,9,กฟส.ศรีสงคราม (XS),SSK02VF-009,226,ลมแรง,ต้นไม้-ลมพัดต้นไม้มาแตะสาย,ศจฟ,13:51,13:00,14:00,60,1. ศิลารักษ์ วิภา,รถ : ศรีสงคราม 01,FUSE LINK 22 KV. 15 A.EEI-NEMA TYPE K,2,,2026-06-13
3086,13 มิ.ย. 2569,14:04,00:04,600,กฟส.ท่าอุเทน (XS),51-000781,27,ลมแรง,ต้นไม้-ลมพัดต้นไม้มาแตะสาย,ศจฟ,14:04,14:04,00:06,602,1. อภิรักษ์ สาตะรักษ์,รถ : รถแก้ไฟท่าอุเทน,"CABLE,AL,750 V,50 SQ.MM. TIS.293",50,,2026-06-13
3087,13 มิ.ย. 2569,17:20,17:44,24,กฟส.โพนสวรรค์ (XS),5900698082,1,อากาศปกติ,อุปกรณ์-ชำรุด,ศจฟ,17:20,16:40,17:40,60,1. รวิชญ์ พรมน้อย,รถ : โพนสวรรค์-03,"CONN.,PG,DOUBLE BOLT,AL 25-95 SQ.MM.",2,,2026-06-13
3088,13 มิ.ย. 2569,17:36,19:01,85,กฟจ.นครพนม (L),NNA03VF-001,113,ฝนตก ฟ้าคะนอง,ภัยธรรมชาติ-พายุฤดูร้อน/พายุดีเปรสชั่น,ศจฟ,17:36,17:38,19:09,92,1. จันทะคาด บัวเคน  | 2. นลธวัช ศรีหาเศษ  | 3. ศักดิ์อนันต์ แสนเมือง  | 4. สุรวุฒิ สุขแสงดาว  | 5. หฤษฎ์ ถูระวัน  | 6. เกรียงไกร ลาหมัน,รถ : รถกระเช้า (04),"DROPOUT,FUSE,22 KV.100 A.12 KA",2,,2026-06-13
3089,13 มิ.ย. 2569,18:04,19:20,76,กฟจ.นครพนม (L),65-031423,108,อากาศปกติ,อุปกรณ์-ชำรุด,ศจฟ,18:04,18:06,20:01,115,1. จันทะคาด บัวเคน  | 2. นลธวัช ศรีหาเศษ  | 3. ศักดิ์อนันต์ แสนเมือง  | 4. เกรียงไกร ลาหมัน,รถ : 81-1269 นพ (นพ 03),"H.R.C. FUSE, BLADE CONTACT, 80 A",2,,2026-06-13
3090,13 มิ.ย. 2569,20:49,21:00,11,กฟส.ศรีสงคราม (XS),SSK02VF-020,743,อากาศปกติ,อุปกรณ์-ชำรุด,ศจฟ,20:49,20:00,21:00,60,1. ศิลารักษ์ วิภา,รถ : ศรีสงคราม 01,FUSE LINK 22 KV. 10 A.EEI-NEMA TYPE K,2,,2026-06-13
3091,14 มิ.ย. 2569,06:03,07:14,70,กฟจ.นครพนม (L),NNA04F-03,281,อากาศปกติ,อุปกรณ์-ชำรุด,ศจฟ,06:03,06:04,08:05,121,1. ณัฏฐศรันย์ อันทระบุตร  | 2. พิพัฒน์ นะระทะ  | 3. เกรียงไกร ลาหมัน,รถ : 3ฒภ 2576 กทม (นพ 01),FUSE LINK 22 KV. 30 A.EEI-NEMA TYPE K,2,,2026-06-14
3092,14 มิ.ย. 2569,06:07,15:48,0,กฟส.ท่าอุเทน (XS),NNA01VF-207,262,ฝนตก ลมแรง,อุปกรณ์-ชำรุด,ศจฟ,06:07,14:07,15:30,83,1. อภิรักษ์ สาตะรักษ์,รถ : รถแก้ไฟท่าอุเทน,FUSE LINK 22 KV. 15 A.EEI-NEMA TYPE K,3,,2026-06-14
3093,14 มิ.ย. 2569,06:08,17:53,0,กฟส.ท่าอุเทน (XS),NNA01VF-217,67,ฝนตก ลมแรง,อุปกรณ์-ชำรุด,ศจฟ,06:08,15:08,17:10,122,1. อภิรักษ์ สาตะรักษ์,รถ : รถแก้ไฟท่าอุเทน,FUSE LINK 22 KV. 20 A.EEI-NEMA TYPE K,2,,2026-06-14
3094,14 มิ.ย. 2569,06:09,18:56,0,กฟส.ท่าอุเทน (XS),NNA08VF-210,94,ฝนตก ลมแรง,อุปกรณ์-ชำรุด,ศจฟ,06:09,17:09,18:26,77,1. อภิรักษ์ สาตะรักษ์,รถ : รถแก้ไฟท่าอุเทน,FUSE LINK 22 KV. 20 A.EEI-NEMA TYPE K,2,,2026-06-14
3095,14 มิ.ย. 2569,06:11,07:00,49,กฟส.ศรีสงคราม (XS),SSK02VF-020,743,ฝนตก ลมแรง,อุปกรณ์-ชำรุด,ศจฟ,06:11,06:00,07:00,60,1. ศิลารักษ์ วิภา,รถ : ศรีสงคราม 02,FUSE LINK 22 KV. 10 A.EEI-NEMA TYPE K,2,,2026-06-14
3096,14 มิ.ย. 2569,06:30,06:34,4,กฟส.โพนสวรรค์ (XS),38-000529,21,ลมแรง,ภัยธรรมชาติ-พายุฤดูร้อน/พายุดีเปรสชั่น,ศจฟ,06:30,04:00,06:00,120,1. รวิชญ์ พรมน้อย,รถ : โพนสวรรค์-03,"CABLE,AL,750 V,50 SQ.MM. TIS.293",10,,2026-06-14
3097,14 มิ.ย. 2569,07:20,08:25,64,กฟส.เรณูนคร (XS),THAO6F-03,140,ลมแรง,ภัยธรรมชาติ-พายุฤดูร้อน/พายุดีเปรสชั่น,ศจฟ,07:20,07:17,08:29,72,1. พงศวัชร์ ธัญภัทร์อนันต์,รถ : 80-7964 นพ รณ.01,FUSE LINK 22 KV. 20 A.EEI-NEMA TYPE K,1,,2026-06-14
3098,14 มิ.ย. 2569,07:51,08:00,9,กฟส.ท่าอุเทน (XS),NNA01VF-230,465,ลมแรง,ภัยธรรมชาติ-พายุฤดูร้อน/พายุดีเปรสชั่น,ศจฟ,07:51,04:25,06:06,101,1. อภิรักษ์ สาตะรักษ์,รถ : รถแก้ไฟท่าอุเทน,FUSE LINK 22 KV. 25 A.EEI-NEMA TYPE K,3,,2026-06-14
3099,14 มิ.ย. 2569,07:52,09:16,84,กฟส.ท่าอุเทน (XS),40-001402,184,ลมแรง,ภัยธรรมชาติ-พายุฤดูร้อน/พายุดีเปรสชั่น,ศจฟ,07:52,06:03,09:20,197,1. อภิรักษ์ สาตะรักษ์,รถ : รถแก้ไฟท่าอุเทน,"CABLE LUG,NEMA 2-HOLE,AL 95 SQ.MM.",2,,2026-06-14
3100,14 มิ.ย. 2569,08:03,08:08,5,กฟส.โพนสวรรค์ (XS),SSK02F-54612122,1,อากาศชื้น / หมอก,อุปกรณ์-ชำรุด,ศจฟ,08:03,06:00,08:00,120,1. รวิชญ์ พรมน้อย,รถ : โพนสวรรค์-03,FUSE LINK 22 KV. 8 A.EEI-NEMA TYPE K,1,,2026-06-14
3101,14 มิ.ย. 2569,08:20,08:24,4,กฟส.ศรีสงคราม (XS),SSK02VF-018,50,ลมแรง,ต้นไม้-ต้นไม้ล้มทับสาย,ศจฟ,08:20,07:00,08:00,60,1. ศิลารักษ์ วิภา,รถ : ศรีสงคราม 02,FUSE LINK 22 KV. 15 A.EEI-NEMA TYPE K,3,,2026-06-14
3102,14 มิ.ย. 2569,10:16,13:00,164,กฟจ.นครพนม (L),,3264,อากาศปกติ,สัตว์-งู,ศจฟ,10:16,13:00,14:00,60,1. ถวิล เมษาคุณ  | 2. นลธวัช ศรีหาเศษ  | 3. พิพัฒน์ พิมพ์ศรี,รถ : 3ฒภ 2576 กทม (นพ 01),FUSE LINK 22 KV. 40 A.EEI-NEMA TYPE K,1,,2026-06-14
3103,14 มิ.ย. 2569,10:54,10:58,4,กฟส.ท่าอุเทน (XS),NNA08VF-211,25,อากาศปกติ,สัตว์-งู,ศจฟ,10:54,09:54,10:45,51,1. สุรธวัช วุฒิสาร,รถ : รถแก้ไฟท่าอุเทน,FUSE LINK 22 KV. 15 A.EEI-NEMA TYPE K,1,,2026-06-14
3104,14 มิ.ย. 2569,11:00,10:00,0,กฟจ.นครพนม (L),NNB01VF-023,1240,อากาศปกติ,สัตว์-งู,ศจฟ,11:00,09:00,10:00,60,1. ถวิล เมษาคุณ  | 2. นลธวัช ศรีหาเศษ  | 3. พิพัฒน์ พิมพ์ศรี,รถ : 3ฒภ 2576 กทม (นพ 01),FUSE LINK 22 KV. 15 A.EEI-NEMA TYPE K,2,,2026-06-14
3105,14 มิ.ย. 2569,13:54,14:10,15,กฟส.ท่าอุเทน (XS),NNA01VF-207,262,อากาศปกติ,สัตว์-งู,ศจฟ,13:54,13:30,14:15,45,1. สุรธวัช วุฒิสาร,รถ : รถแก้ไฟท่าอุเทน,FUSE LINK 22 KV. 20 A.EEI-NEMA TYPE K,2,,2026-06-14
3106,14 มิ.ย. 2569,16:53,19:00,127,กฟจ.นครพนม (L),1040010000,1,อากาศปกติ,อุปกรณ์-ชำรุด,ศจฟ,16:53,16:55,20:30,215,1. ธราดล โทพล  | 2. ปิยะวัฒน์ พรพนม  | 3. พงศ์อิสรา ภักดี  | 4. พงษ์สนิจ ศรีวิชัย  | 5. วสันต์ชัย ดวงสูงเนิน  | 6. วิเชียร สุวอ  | 7. หิรัญ พลไกรสร,รถ : รถกระเช้า (04),"HOTLINE CLAMP,MAIN35-185,TAP50-185SQ.MM.",3,,2026-06-14
3107,14 มิ.ย. 2569,16:59,17:25,26,กฟจ.นครพนม (L),NNA06F-08,1,อากาศปกติ,อุปกรณ์-ชำรุด,ศจฟ,16:59,17:04,17:27,23,1. ธราดล โทพล  | 2. ปิยะวัฒน์ พรพนม  | 3. พงศ์อิสรา ภักดี  | 4. พงษ์สนิจ ศรีวิชัย  | 5. วสันต์ชัย ดวงสูงเนิน  | 6. วิเชียร สุวอ  | 7. หิรัญ พลไกรสร,รถ : 3ฒภ 2576 กทม (นพ 01),FUSE LINK 22 KV. 15 A.EEI-NEMA TYPE K,1,,2026-06-14
3108,14 มิ.ย. 2569,18:30,19:45,75,กฟจ.นครพนม (L),NNA04F-20/1,15,อากาศปกติ,สัตว์-งู,ศจฟ,18:30,18:56,19:51,55,1. พงษ์สนิจ ศรีวิชัย  | 2. วสันต์ชัย ดวงสูงเนิน  | 3. วิเชียร สุวอ  | 4. หิรัญ พลไกรสร,รถ : 81-1269 นพ (นพ 03),FUSE LINK 22 KV. 10 A.EEI-NEMA TYPE K,1,,2026-06-14
3109,14 มิ.ย. 2569,18:53,19:44,51,กฟส.บ้านแพง (S),SSK08F-51-1,18,ฝนตก ลมแรง,สัตว์-นก/ค้างคาว,ศจฟ,18:53,18:54,19:48,54,1. จตุรภุช สะท้านอิทธิฤทธิ์,รถ : กระเช้าบ้านแพง,FUSE LINK 22 KV. 30 A.EEI-NEMA TYPE K,1,,2026-06-14
3110,14 มิ.ย. 2569,18:57,19:30,33,กฟส.ศรีสงคราม (XS),SSK06VF-008,159,ลมแรง,ภัยธรรมชาติ-พายุฤดูร้อน/พายุดีเปรสชั่น,ศจฟ,18:57,18:58,19:40,42,1. เชาวลิต หัสรินทร์,รถ : ศรีสงคราม 02,FUSE LINK 22 KV. 20 A.EEI-NEMA TYPE K,2,,2026-06-14
3111,14 มิ.ย. 2569,19:39,20:32,53,กฟส.ธาตุพนม (S),THA02VF-012,206,ลมแรง,ต้นไม้-กิ่งไม้หักพาดสาย,ศจฟ,19:39,19:40,20:33,53,1. นรากร แสนโสม,รถ : กระเช้าธาตุพนม,FUSE LINK 22 KV. 20 A.EEI-NEMA TYPE K,2,,2026-06-14
3112,14 มิ.ย. 2569,20:17,21:09,51,กฟส.ท่าอุเทน (XS),SSK02VF-240,737,ลมแรง,ต้นไม้-กิ่งไม้หักพาดสาย,ศจฟ,20:17,20:00,21:00,60,1. สุรธวัช วุฒิสาร,รถ : รถแก้ไฟท่าอุเทน,FUSE LINK 22 KV. 30 A.EEI-NEMA TYPE K,3,,2026-06-14
3113,14 มิ.ย. 2569,20:35,21:36,61,กฟส.ธาตุพนม (S),38-021861,93,อากาศปกติ,สัตว์-งู,ศจฟ,20:35,20:36,21:37,61,1. นรากร แสนโสม,รถ : กระเช้าธาตุพนม,FUSE LINK 22 KV. 3 A.EEI-NEMA TYPE K,2,,2026-06-14
3114,15 มิ.ย. 2569,06:35,06:45,10,กฟส.โพนสวรรค์ (XS),NNA01F-41,757,ฝนตก ลมแรง,ภัยธรรมชาติ-พายุฤดูร้อน/พายุดีเปรสชั่น,ศจฟ,06:35,01:00,04:10,190,1. วรัญญู สังรวมใจ,รถ : โพนสวรรค์-03,FUSE LINK 22 KV. 25 A.EEI-NEMA TYPE K,2,,2026-06-15
3115,15 มิ.ย. 2569,06:36,06:52,15,กฟส.โพนสวรรค์ (XS),SSK07F-07,3445,ฝนตก,ภัยธรรมชาติ-พายุฤดูร้อน/พายุดีเปรสชั่น,ศจฟ,06:36,04:15,06:10,115,1. วรัญญู สังรวมใจ,รถ : โพนสวรรค์-03,FUSE LINK 22 KV. 40 A.EEI-NEMA TYPE K,1,,2026-06-15
3116,15 มิ.ย. 2569,06:37,06:59,22,กฟส.โพนสวรรค์ (XS),35-010325,178,ฝนตก,ภัยธรรมชาติ-พายุฤดูร้อน/พายุดีเปรสชั่น,ศจฟ,06:37,06:15,08:08,113,1. วรัญญู สังรวมใจ,รถ : โพนสวรรค์-03,"H.R.C. FUSE, BLADE CONTACT, 100 A",1,,2026-06-15
3117,15 มิ.ย. 2569,06:38,07:30,51,กฟส.ปลาปาก (XS),NNA07F-48/2,167,ฝนตก,อุปกรณ์-ชำรุด,ศจฟ,06:38,06:39,07:55,76,1. บิณฑ์ นารินทร์รักษ์,รถ : รถแก้ไฟปลาปาก 01,"DROPOUT,FUSE,22 KV.100 A.12 KA",1,,2026-06-15
3118,15 มิ.ย. 2569,07:44,08:11,27,กฟส.ท่าอุเทน (XS),NNA01VF-208,525,ฝนตก ลมแรง,อุปกรณ์-ชำรุด,ศจฟ,07:44,07:00,08:00,60,1. สุรธวัช วุฒิสาร,รถ : รถแก้ไฟท่าอุเทน,FUSE LINK 22 KV. 15 A.EEI-NEMA TYPE K,1,,2026-06-15
3119,15 มิ.ย. 2569,08:11,08:26,15,กฟส.ปลาปาก (XS),NNA07F-87,15669,ฝนตก,อุปกรณ์-ชำรุด,ศจฟ,08:11,08:00,08:30,30,1. บิณฑ์ นารินทร์รักษ์,รถ : รถแก้ไฟปลาปาก 01,FUSE LINK 22 KV. 20 A.EEI-NEMA TYPE K,1,,2026-06-15
3120,15 มิ.ย. 2569,12:19,12:37,18,กฟส.นาหว้า (XS),SSK06F-12,779,ฝนตก,อุปกรณ์-ชำรุด,ศจฟ,12:19,12:20,12:39,19,1. อัมรินทร์ วะราวัง,รถ : นาหว้า 02,"COND.,ACSR 50/8 SQ.MM.TIS.86",6,,2026-06-15
3121,15 มิ.ย. 2569,12:20,12:28,8,กฟส.ธาตุพนม (S),THA07VF-016,1,อากาศปกติ,อุปกรณ์-ชำรุด,ศจฟ,12:20,12:21,12:31,10,1. นรากร แสนโสม,รถ : กระเช้าธาตุพนม,FUSE LINK 22 KV. 15 A.EEI-NEMA TYPE K,3,,2026-06-15
3122,15 มิ.ย. 2569,12:21,11:00,0,กฟส.ศรีสงคราม (XS),SSK01VF-030,30,อากาศปกติ,อุปกรณ์-ชำรุด,ศจฟ,12:21,10:00,11:00,60,1. ศิลารักษ์ วิภา,รถ : ศรีสงคราม 02,FUSE LINK 22 KV. 15 A.EEI-NEMA TYPE K,2,,2026-06-15
3123,15 มิ.ย. 2569,12:22,12:44,22,กฟส.ปลาปาก (XS),29-011052,262,อากาศปกติ,สัตว์-งู,ศจฟ,12:22,12:23,12:56,33,1. สุธรรม จันทะผา,รถ : รถแก้ไฟปลาปาก 01,FUSE LINK 22 KV. 5-6 A.EEI-NEMA TYPE K,2,,2026-06-15
3124,15 มิ.ย. 2569,12:22,12:49,27,กฟส.ธาตุพนม (S),THA01VF-001,418,อากาศปกติ,สัตว์-งู,ศจฟ,12:22,12:24,12:52,28,1. นรากร แสนโสม,รถ : กระเช้าธาตุพนม,FUSE LINK 22 KV. 10 A.EEI-NEMA TYPE K,2,,2026-06-15
3125,15 มิ.ย. 2569,12:24,13:00,36,กฟส.ศรีสงคราม (XS),SSK04VF-001,656,อากาศปกติ,สัตว์-งู,ศจฟ,12:24,12:00,12:30,30,1. ศิลารักษ์ วิภา,รถ : ศรีสงคราม 02,FUSE LINK 22 KV. 25 A.EEI-NEMA TYPE K,2,,2026-06-15
3126,15 มิ.ย. 2569,12:25,13:00,35,กฟส.ศรีสงคราม (XS),SSK06VF-008,159,อากาศปกติ,ต้นไม้-กิ่งไม้หักพาดสาย,ศจฟ,12:25,12:30,13:00,30,1. ศิลารักษ์ วิภา,รถ : ศรีสงคราม 02,FUSE LINK 22 KV. 25 A.EEI-NEMA TYPE K,2,,2026-06-15
3127,15 มิ.ย. 2569,12:32,16:58,266,กฟส.ท่าอุเทน (XS),BFA09VF-226,24,อากาศปกติ,ต้นไม้-กิ่งไม้หักพาดสาย,ศจฟ,12:32,12:33,12:55,22,1. ปรินทร์ บุญเทียม,รถ : -,"CONN.,PG,DOUBLE BOLT,AL 16-70 SQ.MM.",2,,2026-06-15
3128,15 มิ.ย. 2569,12:40,13:09,29,กฟส.ธาตุพนม (S),THA05VF-030,1,อากาศปกติ,ต้นไม้-กิ่งไม้หักพาดสาย,ศจฟ,12:40,12:41,13:12,31,1. นรากร แสนโสม,รถ : กระเช้าธาตุพนม,FUSE LINK 22 KV. 10 A.EEI-NEMA TYPE K,3,,2026-06-15
3129,15 มิ.ย. 2569,13:04,13:19,15,กฟส.ปลาปาก (XS),45-014897,217,อากาศปกติ,สัตว์-งู,ศจฟ,13:04,13:07,13:26,19,1. สุธรรม จันทะผา,รถ : รถแก้ไฟปลาปาก 01,FUSE LINK 22 KV. 5-6 A.EEI-NEMA TYPE K,2,,2026-06-15
3130,15 มิ.ย. 2569,13:30,14:12,42,กฟส.ปลาปาก (XS),NNA07F-36/6-01,0,ลมแรง,ต้นไม้-กิ่งไม้หักพาดสาย,ศจฟ,13:30,13:41,14:37,56,1. สุธรรม จันทะผา,รถ : รถแก้ไฟปลาปาก 01,FUSE LINK 22 KV. 10 A.EEI-NEMA TYPE K,3,,2026-06-15
3131,15 มิ.ย. 2569,14:09,15:00,51,กฟส.ศรีสงคราม (XS),SSK08VF-040,1,อากาศปกติ,อุปกรณ์-ชำรุด,ศจฟ,14:09,14:13,15:18,65,1. ศิลารักษ์ วิภา  | 2. เชาวลิต หัสรินทร์,รถ : ศรีสงคราม 01,"DROPOUT,FUSE,22 KV.100 A.12 KA",1,,2026-06-15
3132,15 มิ.ย. 2569,14:35,14:39,4,กฟส.โพนสวรรค์ (XS),5800670001,1,อากาศปกติ,อุปกรณ์-ชำรุด,ศจฟ,14:35,14:00,15:08,68,1. รวิชญ์ พรมน้อย,รถ : โพนสวรรค์-03,"CONN.,PG,DOUBLE BOLT,AL 25-95 SQ.MM.",2,,2026-06-15
3133,15 มิ.ย. 2569,15:26,15:42,15,กฟจ.นครพนม (L),NNA05F-02,1,อากาศปกติ,สัตว์-งู,ศจฟ,15:26,15:00,16:43,103,1. ณัฏฐศรันย์ อันทระบุตร  | 2. พงศ์อิสรา ภักดี  | 3. พิพัฒน์ นะระทะ  | 4. เกรียงไกร ลาหมัน,รถ : รถกระเช้า (04),"CONN.,PG,DOUBLE BOLT,AL 25-95 SQ.MM.",3,,2026-06-15
3134,15 มิ.ย. 2569,15:48,16:17,29,กฟส.ศรีสงคราม (XS),SSK02VF-010,1,อากาศปกติ,ต้นไม้-กิ่งไม้หักพาดสาย,ศจฟ,15:48,15:48,16:33,45,1. ปัญจพงษ์ เศรษฐาไชย,รถ : ศรีสงคราม 03,FUSE LINK 22 KV. 8 A.EEI-NEMA TYPE K,3,,2026-06-15
3135,15 มิ.ย. 2569,16:47,17:01,14,กฟส.ปลาปาก (XS),NNA07F-56-04,439,ลมแรง,สัตว์-งู,ศจฟ,16:47,16:48,17:05,17,1. นครินทร์ จำปาทิ,รถ : รถแก้ไฟปลาปาก 01,FUSE LINK 22 KV. 15 A.EEI-NEMA TYPE K,2,,2026-06-15
3136,15 มิ.ย. 2569,16:47,17:11,24,กฟส.ปลาปาก (XS),THA06F-84,76,ลมแรง,ต้นไม้-ต้นไม้ล้มทับสาย,ศจฟ,16:47,16:48,17:15,27,1. นครินทร์ จำปาทิ,รถ : รถแก้ไฟปลาปาก 01,FUSE LINK 22 KV. 10 A.EEI-NEMA TYPE K,2,,2026-06-15
3137,15 มิ.ย. 2569,16:57,17:55,58,กฟส.นาทม (XS),59-027086,14,ลมแรง,ต้นไม้-ต้นไม้ล้มทับสาย,ศจฟ,16:57,16:58,18:01,63,1. วราวุธ นาขมิ้น,รถ : นาทม 02,FUSE LINK 22 KV. 3 A.EEI-NEMA TYPE K,2,,2026-06-15
3138,15 มิ.ย. 2569,16:58,17:21,22,กฟส.นาทม (XS),SEK03F-82,25,ลมแรง,ต้นไม้-ต้นไม้ล้มทับสาย,ศจฟ,16:58,17:00,17:26,26,1. วราวุธ นาขมิ้น,รถ : นาทม 02,FUSE LINK 22 KV. 8 A.EEI-NEMA TYPE K,2,,2026-06-15
3139,15 มิ.ย. 2569,18:32,19:17,45,กฟส.นาทม (XS),SEK03F-97/1,105,ลมแรง,ต้นไม้-ต้นไม้ล้มทับสาย,ศจฟ,18:32,18:36,19:26,50,1. วราวุธ นาขมิ้น,รถ : นาทม 02,FUSE LINK 22 KV. 20 A.EEI-NEMA TYPE K,3,,2026-06-15
3140,15 มิ.ย. 2569,18:37,01:10,3273,กฟจ.นครพนม (L),6300321758,1,อากาศปกติ,ต้นไม้-ต้นไม้เลื้อย/โตมาแตะสาย,ศจฟ,18:37,18:37,20:00,83,1. ถวิล เมษาคุณ  | 2. ทศวรรษ มังคละคีรี  | 3. ศักดิ์อนันต์ แสนเมือง,รถ : 3ฒภ 2576 กทม (นพ 01),"CONN.,PG,DOUBLE BOLT,AL 25-95 SQ.MM.",2,,2026-06-15
3141,15 มิ.ย. 2569,18:46,18:00,0,กฟจ.นครพนม (L),45-010421,269,อากาศปกติ,ต้นไม้-ต้นไม้เลื้อย/โตมาแตะสาย,ศจฟ,18:46,17:00,17:56,56,1. ถวิล เมษาคุณ  | 2. ทศวรรษ มังคละคีรี,รถ : 81-1269 นพ (นพ 03),"CABLE,AL,750 V,50 SQ.MM. TIS.293",5,,2026-06-15
3142,15 มิ.ย. 2569,18:47,19:04,17,กฟส.ธาตุพนม (S),29-000097,123,อากาศปกติ,ต้นไม้-ต้นไม้เลื้อย/โตมาแตะสาย,ศจฟ,18:47,18:48,19:05,17,1. นรากร แสนโสม,รถ : กระเช้าธาตุพนม,FUSE LINK 22 KV. 3 A.EEI-NEMA TYPE K,2,,2026-06-15
3143,15 มิ.ย. 2569,19:18,19:36,18,กฟส.ธาตุพนม (S),THA07VF-010,416,อากาศปกติ,ต้นไม้-ต้นไม้เลื้อย/โตมาแตะสาย,ศจฟ,19:18,19:19,19:39,20,1. นรากร แสนโสม,รถ : กระเช้าธาตุพนม,FUSE LINK 22 KV. 40 A.EEI-NEMA TYPE K,2,,2026-06-15
3144,15 มิ.ย. 2569,20:16,20:49,33,กฟส.ท่าอุเทน (XS),67-002043,42,อากาศปกติ,ต้นไม้-ต้นไม้เลื้อย/โตมาแตะสาย,ศจฟ,20:16,20:17,20:51,34,1. อนุสรณ์ ทองประสม,รถ : รถแก้ไฟท่าอุเทน,,,,2026-06-15
3145,15 มิ.ย. 2569,20:17,20:52,35,กฟส.ท่าอุเทน (XS),SSK02VF-252,55,อากาศปกติ,ต้นไม้-ต้นไม้เลื้อย/โตมาแตะสาย,ศจฟ,20:17,20:18,20:54,36,1. อนุสรณ์ ทองประสม,รถ : รถแก้ไฟท่าอุเทน,FUSE LINK 22 KV. 15 A.EEI-NEMA TYPE K,1,,2026-06-15
3146,15 มิ.ย. 2569,20:18,21:01,42,กฟส.ศรีสงคราม (XS),SSK01VF-022,18,อากาศปกติ,ต้นไม้-ต้นไม้เลื้อย/โตมาแตะสาย,ศจฟ,20:18,20:18,21:30,72,1. ปัญจพงษ์ เศรษฐาไชย,รถ : ศรีสงคราม 01,FUSE LINK 22 KV. 8 A.EEI-NEMA TYPE K,1,,2026-06-15
3147,16 มิ.ย. 2569,00:01,00:08,7,กฟส.บ้านแพง (S),SSK08F-66,590,อากาศชื้น / หมอก,อุปกรณ์-ชำรุด,ศจฟ,00:01,23:10,23:37,27,1. ปิยะณัฐ พลเหี้ยมหาญ,รถ : กระเช้าบ้านแพง,FUSE LINK 22 KV. 30 A.EEI-NEMA TYPE K,1,,2026-06-16
3148,16 มิ.ย. 2569,01:31,01:36,5,กฟส.บ้านแพง (S),32-009341,13,อากาศชื้น / หมอก,อุปกรณ์-ชำรุด,ศจฟ,01:31,23:40,00:20,40,1. ปิยะณัฐ พลเหี้ยมหาญ,รถ : กระเช้าบ้านแพง,"CONN.,PG,DOUBLE BOLT,AL 25-95 SQ.MM.",2,,2026-06-16
3149,16 มิ.ย. 2569,01:34,01:00,0,กฟส.บ้านแพง (S),SSK08F-66-1,25,ลมแรง,ต้นไม้-กิ่งไม้หักพาดสาย,ศจฟ,01:34,00:21,01:00,39,1. ปิยะณัฐ พลเหี้ยมหาญ,รถ : กระเช้าบ้านแพง,FUSE LINK 22 KV. 10 A.EEI-NEMA TYPE K,1,,2026-06-16
3150,16 มิ.ย. 2569,02:26,03:54,88,กฟจ.นครพนม (L),45-027878,115,ลมแรง,ต้นไม้-กิ่งไม้หักพาดสาย,ศจฟ,02:26,01:27,03:16,109,1. ทศวรรษ มังคละคีรี  | 2. วิเชียร สุวอ  | 3. หิรัญ พลไกรสร,รถ : 81-1269 นพ (นพ 03),"CABLE LUG,NEMA 2-HOLE,AL 95 SQ.MM.",6,,2026-06-16
3151,16 มิ.ย. 2569,02:28,04:24,116,กฟจ.นครพนม (L),NNA01VF-026,490,ลมแรง,ต้นไม้-กิ่งไม้หักพาดสาย,ศจฟ,02:28,03:40,04:26,46,1. ทศวรรษ มังคละคีรี  | 2. วิเชียร สุวอ  | 3. หิรัญ พลไกรสร,รถ : 81-1269 นพ (นพ 03),FUSE LINK 22 KV. 25 A.EEI-NEMA TYPE K,2,,2026-06-16
3152,16 มิ.ย. 2569,06:35,06:54,18,กฟส.ท่าอุเทน (XS),NNA01VF-230,465,ฝนตก ลมแรง,ต้นไม้-กิ่งไม้หักพาดสาย,ศจฟ,06:35,06:35,06:58,23,1. อนุสรณ์ ทองประสม,รถ : รถแก้ไฟท่าอุเทน,FUSE LINK 22 KV. 25 A.EEI-NEMA TYPE K,2,,2026-06-16
3153,16 มิ.ย. 2569,06:36,07:27,51,กฟส.ศรีสงคราม (XS),SSK07VF-004,1588,ฝนตก,อุปกรณ์-ชำรุด,ศจฟ,06:35,06:37,07:43,66,1. ปัญจพงษ์ เศรษฐาไชย,รถ : ศรีสงคราม 01,"DROPOUT,FUSE,22 KV.100 A.12 KA",1,,2026-06-16
3154,16 มิ.ย. 2569,07:15,06:58,0,กฟส.บ้านแพง (S),SEK01F-63-1,94,ฝนตก ลมแรง,ภัยธรรมชาติ-พายุโซนร้อน/ใต้ฝุ่น,ศจฟ,07:15,06:15,06:58,43,1. ปิยะณัฐ พลเหี้ยมหาญ,รถ : กระเช้าบ้านแพง,FUSE LINK 22 KV. 10 A.EEI-NEMA TYPE K,1,,2026-06-16
3155,16 มิ.ย. 2569,07:17,08:27,70,กฟจ.นครพนม (L),NNA01VF-059,101,ฝนตก ลมแรง,ภัยธรรมชาติ-พายุโซนร้อน/ใต้ฝุ่น,ศจฟ,07:17,07:00,07:55,55,1. ทศวรรษ มังคละคีรี  | 2. วิเชียร สุวอ  | 3. หิรัญ พลไกรสร,รถ : 81-1269 นพ (นพ 03),FUSE LINK 22 KV. 15 A.EEI-NEMA TYPE K,2,,2026-06-16
3156,16 มิ.ย. 2569,07:23,08:05,42,กฟส.โพนสวรรค์ (XS),55-008384,61,ฝนตก,ภัยธรรมชาติ-พายุฤดูร้อน/พายุดีเปรสชั่น,ศจฟ,07:23,07:20,08:30,70,1. ทรงกลด มาศศรี  | 2. วสุธา หล้าพรหม,รถ : โพนสวรรค์-03,"CABLE,AL,750 V,50 SQ.MM. TIS.293",10,,2026-06-16
3157,16 มิ.ย. 2569,07:59,08:20,20,กฟจ.นครพนม (L),NNA01VF-070,1,ฝนตก,ภัยธรรมชาติ-พายุฤดูร้อน/พายุดีเปรสชั่น,ศจฟ,07:59,07:55,08:31,36,1. ทศวรรษ มังคละคีรี  | 2. วิเชียร สุวอ  | 3. หิรัญ พลไกรสร,รถ : 81-1269 นพ (นพ 03),FUSE LINK 22 KV. 10 A.EEI-NEMA TYPE K,3,,2026-06-16
3158,16 มิ.ย. 2569,09:49,09:50,1,กฟส.บ้านแพง (S),SEK01F-63-1,94,อากาศปกติ,อุปกรณ์-ชำรุด,ศจฟ,09:49,08:30,09:05,35,1. รชานนท์ โมธรรม,รถ : กระเช้าบ้านแพง,FUSE LINK 22 KV. 10 A.EEI-NEMA TYPE K,2,,2026-06-16
3159,16 มิ.ย. 2569,10:44,11:56,72,กฟจ.นครพนม (L),NNA01VF-050,9,อากาศปกติ,อุปกรณ์-ชำรุด,ศจฟ,10:44,09:00,10:50,110,1. ธำรงรัตน์ สระแก้ว  | 2. สันติ อินทิสาร,รถ : 3ฒภ 2576 กทม (นพ 01),FUSE LINK 22 KV. 25 A.EEI-NEMA TYPE K,2,,2026-06-16
3160,16 มิ.ย. 2569,11:02,11:22,20,กฟส.ท่าอุเทน (XS),NNA01VF-211,11,ฝนตก ลมแรง,อุปกรณ์-ชำรุด,ศจฟ,11:02,11:04,11:25,21,1. อนุสรณ์ ทองประสม,รถ : รถแก้ไฟท่าอุเทน,FUSE LINK 22 KV. 5-6 A.EEI-NEMA TYPE K,1,,2026-06-16
3161,16 มิ.ย. 2569,11:03,11:28,24,กฟส.ท่าอุเทน (XS),NNA01VF-203,10,ฝนตก ลมแรง,ต้นไม้-กิ่งไม้หักพาดสาย,ศจฟ,11:03,11:04,11:41,37,1. อนุสรณ์ ทองประสม,รถ : รถแก้ไฟท่าอุเทน,FUSE LINK 22 KV. 5-6 A.EEI-NEMA TYPE K,1,,2026-06-16
3162,16 มิ.ย. 2569,11:07,11:12,5,กฟส.บ้านแพง (S),55-002719,149,อากาศปกติ,อุปกรณ์-ชำรุด,ศจฟ,11:07,09:15,11:05,110,1. รชานนท์ โมธรรม,รถ : กระเช้าบ้านแพง,"CONN.,PG,DOUBLE BOLT,AL 25-95 SQ.MM.",4,,2026-06-16
3163,16 มิ.ย. 2569,11:49,11:57,8,กฟส.นาหว้า (XS),SSK04VF-113,39,อากาศปกติ,อุปกรณ์-ชำรุด,ศจฟ,11:49,11:50,11:58,8,1. อัมรินทร์ วะราวัง,รถ : นาหว้า 02,FUSE LINK 22 KV. 10 A.EEI-NEMA TYPE K,2,,2026-06-16
3164,16 มิ.ย. 2569,13:47,13:51,4,กฟส.บ้านแพง (S),47-000445,49,อากาศปกติ,ต้นไม้-ต้นไม้ล้มทับสาย,ศจฟ,13:47,12:15,13:53,98,1. รชานนท์ โมธรรม,รถ : กระเช้าบ้านแพง,"BOLT,MACHINE M.16X350 MM.",6,,2026-06-16
3165,16 มิ.ย. 2569,15:18,16:00,42,กฟส.ธาตุพนม (S),THA06VF-033,1,อากาศปกติ,ต้นไม้-ต้นไม้ล้มทับสาย,ศจฟ,15:18,15:20,16:07,47,1. นรากร แสนโสม,รถ : กระเช้าธาตุพนม,FUSE LINK 22 KV. 10 A.EEI-NEMA TYPE K,3,,2026-06-16
3166,16 มิ.ย. 2569,17:18,17:27,9,กฟส.ปลาปาก (XS),NNA07F-23/1,365,ฝนตก ลมแรง,ต้นไม้-กิ่งไม้หักพาดสาย,ศจฟ,17:18,17:19,17:30,11,1. สุธรรม จันทะผา,รถ : รถแก้ไฟปลาปาก 01,FUSE LINK 22 KV. 30 A.EEI-NEMA TYPE K,3,,2026-06-16
3167,16 มิ.ย. 2569,18:33,18:42,9,กฟส.ปลาปาก (XS),NNA07F-57,148,ฝนตก ลมแรง,ต้นไม้-กิ่งไม้หักพาดสาย,ศจฟ,18:33,18:33,18:46,13,1. สุธรรม จันทะผา,รถ : รถแก้ไฟปลาปาก 01,FUSE LINK 22 KV. 15 A.EEI-NEMA TYPE K,2,,2026-06-16
3168,16 มิ.ย. 2569,18:40,17:05,0,กฟจ.นครพนม (L),NNA04F-04,1138,ฝนตก ลมแรง,ต้นไม้-กิ่งไม้หักพาดสาย,ศจฟ,18:40,18:41,19:10,29,1. ณัฏฐศรันย์ อันทระบุตร  | 2. ทศวรรษ มังคละคีรี  | 3. พิพัฒน์ นะระทะ  | 4. เกรียงไกร ลาหมัน,รถ : 80-8285 (นพ 02),FUSE LINK 22 KV. 15 A.EEI-NEMA TYPE K,2,,2026-06-16
3169,16 มิ.ย. 2569,19:22,19:50,27,กฟส.ปลาปาก (XS),NNA07F-36/6-01,1,ฝนตก ลมแรง,ต้นไม้-กิ่งไม้หักพาดสาย,ศจฟ,19:22,19:23,20:08,45,1. สุธรรม จันทะผา,รถ : รถแก้ไฟปลาปาก 01,FUSE LINK 22 KV. 10 A.EEI-NEMA TYPE K,3,,2026-06-16
3170,16 มิ.ย. 2569,19:30,20:00,29,กฟจ.นครพนม (L),NNA01VF-026,1846,ฝนตก ลมแรง,ต้นไม้-กิ่งไม้หักพาดสาย,ศจฟ,19:30,19:15,20:05,50,1. ทศวรรษ มังคละคีรี  | 2. พิพัฒน์ นะระทะ,รถ : 3ฒภ 2576 กทม (นพ 01),FUSE LINK 22 KV. 10 A.EEI-NEMA TYPE K,2,,2026-06-16
3171,16 มิ.ย. 2569,19:51,19:40,0,กฟจ.นครพนม (L),NNA04F-10,804,ฝนตก ลมแรง,ต้นไม้-กิ่งไม้หักพาดสาย,ศจฟ,19:51,19:52,20:35,43,1. ณัฏฐศรันย์ อันทระบุตร  | 2. ทศวรรษ มังคละคีรี  | 3. พิพัฒน์ นะระทะ  | 4. เกรียงไกร ลาหมัน,รถ : 80-8285 (นพ 02),FUSE LINK 22 KV. 25 A.EEI-NEMA TYPE K,2,,2026-06-16
3172,16 มิ.ย. 2569,19:53,20:45,51,กฟจ.นครพนม (L),45-000040,153,ฝนตก ลมแรง,ต้นไม้-กิ่งไม้หักพาดสาย,ศจฟ,19:53,20:05,20:58,53,1. ทศวรรษ มังคละคีรี  | 2. พิพัฒน์ นะระทะ,รถ : 3ฒภ 2576 กทม (นพ 01),"H.R.C. FUSE, BLADE CONTACT, 100 A",1,,2026-06-16
3173,16 มิ.ย. 2569,21:36,21:55,18,กฟจ.นครพนม (L),58-940676,154,ฝนตก ลมแรง,ต้นไม้-กิ่งไม้หักพาดสาย,ศจฟ,21:36,21:37,23:16,99,1. ณัฏฐศรันย์ อันทระบุตร  | 2. ทศวรรษ มังคละคีรี  | 3. พิพัฒน์ นะระทะ  | 4. เกรียงไกร ลาหมัน,รถ : 80-8285 (นพ 02),"CABLE,AL,750 V,50 SQ.MM. TIS.293",20,,2026-06-16
3174,16 มิ.ย. 2569,22:08,22:10,2,กฟส.ท่าอุเทน (XS),NNA01VF-208,525,ฝนตก ลมแรง,ต้นไม้-กิ่งไม้หักพาดสาย,ศจฟ,22:08,17:00,18:00,60,1. วีระพงษ์ วงตรี,รถ : รถแก้ไฟท่าอุเทน,FUSE HOLDER 22 KV. 100 A. 12 KA.,1,,2026-06-16
3175,16 มิ.ย. 2569,22:23,22:25,2,กฟส.ท่าอุเทน (XS),NNA08VF-209,1,ฝนตก ลมแรง,ต้นไม้-กิ่งไม้หักพาดสาย,ศจฟ,22:23,18:01,19:00,59,1. วีระพงษ์ วงตรี,รถ : รถแก้ไฟท่าอุเทน,FUSE HOLDER 22 KV. 100 A. 12 KA.,1,,2026-06-16
3176,16 มิ.ย. 2569,22:28,22:30,2,กฟส.ท่าอุเทน (XS),56-009849,84,ฝนตก ลมแรง,อุปกรณ์-ชำรุด,ศจฟ,22:28,19:30,21:00,90,1. วีระพงษ์ วงตรี,รถ : รถแก้ไฟท่าอุเทน,FUSE HOLDER 22 KV. 100 A. 12 KA.,2,,2026-06-16
3177,17 มิ.ย. 2569,00:06,18:00,0,กฟส.โพนสวรรค์ (XS),NNA01F-2555,106,ฝนตก ฟ้าคะนอง,ภัยธรรมชาติ-พายุฤดูร้อน/พายุดีเปรสชั่น,ศจฟ,00:06,17:25,18:30,65,1. วสุธา หล้าพรหม,รถ : โพนสวรรค์-03,FUSE HOLDER 22 KV. 100 A. 12 KA.,1,,2026-06-17
3178,17 มิ.ย. 2569,01:04,11:05,601,กฟจ.นครพนม (L),NNB01VB-01,0,ฝนตก ฟ้าคะนอง,ภัยธรรมชาติ-พายุฤดูร้อน/พายุดีเปรสชั่น,ศจฟ,01:04,09:10,11:00,110,1. ณัฏฐศรันย์ อันทระบุตร  | 2. ทศวรรษ มังคละคีรี  | 3. ประจล ศรีสุราช  | 4. พิพัฒน์ นะระทะ  | 5. วิเชียร สุวอ  | 6. ศักดิ์อนันต์ แสนเมือง  | 7. เกรียงไกร ลาหมัน,รถ : รถกระเช้า (04),"CONN.,PG,TRIPLE BOLT,AL70-18S SQ.MM.",15,,2026-06-17
3179,17 มิ.ย. 2569,06:08,07:00,51,กฟส.วังยาง (XS),54-002608,89,ฝนตก,สภาพสิ่งแวดล้อม-ความชื้น,ศจฟ,06:08,06:09,07:30,81,1. อนุรักษ์ วงค์จันดี,รถ : วย.01,FUSE LINK 22 KV. 5-6 A.EEI-NEMA TYPE K,1,,2026-06-17
3180,17 มิ.ย. 2569,08:28,08:35,7,กฟส.ปลาปาก (XS),THA06F-81,201,ฝนตก,สภาพสิ่งแวดล้อม-ความชื้น,ศจฟ,08:28,08:28,08:41,13,1. สุธรรม จันทะผา,รถ : รถแก้ไฟปลาปาก 01,FUSE LINK 22 KV. 20 A.EEI-NEMA TYPE K,2,,2026-06-17
3181,17 มิ.ย. 2569,08:43,09:06,22,กฟส.ปลาปาก (XS),64-005560,90,อากาศชื้น / หมอก,อุปกรณ์-ชำรุด,ศจฟ,08:43,08:45,09:08,23,1. สุธรรม จันทะผา,รถ : รถแก้ไฟปลาปาก 01,"H.R.C. FUSE, BLADE CONTACT, 160 A",2,,2026-06-17
3182,17 มิ.ย. 2569,09:17,10:15,58,กฟส.นาทม (XS),SSK08F-136,17,อากาศชื้น / หมอก,อุปกรณ์-ชำรุด,ศจฟ,09:17,09:18,10:22,64,1. วราวุธ นาขมิ้น,รถ : นาทม 02,FUSE LINK 22 KV. 8 A.EEI-NEMA TYPE K,2,,2026-06-17
3183,17 มิ.ย. 2569,09:20,09:35,15,กฟส.ปลาปาก (XS),SRC017F0012,26,ฝนตก,อุปกรณ์-ชำรุด,ศจฟ,09:20,09:21,09:38,17,1. สุธรรม จันทะผา,รถ : รถแก้ไฟปลาปาก 01,FUSE LINK 22 KV. 5-6 A.EEI-NEMA TYPE K,2,,2026-06-17
3184,17 มิ.ย. 2569,09:53,10:05,12,กฟส.ธาตุพนม (S),THA02VF-012,207,ลมแรง,อุปกรณ์-ชำรุด,ศจฟ,09:53,09:54,10:07,13,1. นรากร แสนโสม,รถ : กระเช้าธาตุพนม,FUSE LINK 22 KV. 15 A.EEI-NEMA TYPE K,3,,2026-06-17
3185,17 มิ.ย. 2569,09:58,10:16,18,กฟส.ปลาปาก (XS),27-007713,328,ฝนตก,อุปกรณ์-ชำรุด,ศจฟ,09:58,09:59,10:32,33,1. สุธรรม จันทะผา,รถ : รถแก้ไฟปลาปาก 01,"H.R.C. FUSE, BLADE CONTACT, 160 A",2,,2026-06-17
3186,17 มิ.ย. 2569,10:09,11:40,91,กฟจ.นครพนม (L),63-029957,65,ฝนตก ลมแรง,สภาพสิ่งแวดล้อม-ความชื้น,ศจฟ,10:09,10:10,11:42,92,1. จันทะคาด บัวเคน  | 2. ณัฏฐศรันย์ อันทระบุตร  | 3. ทศวรรษ มังคละคีรี  | 4. ธำรงรัตน์ สระแก้ว  | 5. ปรีชา เพ็งคำ  | 6. พิพัฒน์ พิมพ์ศรี  | 7. ภานุวัฒน์ สิงห์ทองไชย  | 8. หฤษฎ์ ถูระวัน  | 9. หิรัญ พลไกรสร,รถ : 3ฒภ 2576 กทม (นพ 01),"H.R.C. FUSE, BLADE CONTACT, 80 A",2,,2026-06-17
3187,17 มิ.ย. 2569,10:13,10:14,1,กฟส.ธาตุพนม (S),THA01VF-047,43,ฝนตก,สภาพสิ่งแวดล้อม-ความชื้น,ศจฟ,10:13,10:14,10:25,11,1. นรากร แสนโสม,รถ : กระเช้าธาตุพนม,FUSE LINK 22 KV. 10 A.EEI-NEMA TYPE K,1,,2026-06-17
3188,17 มิ.ย. 2569,10:17,11:19,61,กฟจ.นครพนม (L),NNA01F-38/1,645,ฝนตก ลมแรง,ต้นไม้-กิ่งไม้หักพาดสาย,ศจฟ,10:17,10:18,11:21,63,1. จันทะคาด บัวเคน  | 2. ณัฏฐศรันย์ อันทระบุตร  | 3. ทศวรรษ มังคละคีรี  | 4. ธำรงรัตน์ สระแก้ว  | 5. ปรีชา เพ็งคำ  | 6. พิพัฒน์ พิมพ์ศรี  | 7. ภานุวัฒน์ สิงห์ทองไชย  | 8. หฤษฎ์ ถูระวัน  | 9. หิรัญ พลไกรสร,รถ : 3ฒภ 2576 กทม (นพ 01),FUSE HOLDER 22 KV. 100 A. 12 KA.,2,,2026-06-17
3189,17 มิ.ย. 2569,10:28,11:09,40,กฟส.นาทม (XS),SEK03F-82,25,ฝนตก ลมแรง,ต้นไม้-กิ่งไม้หักพาดสาย,ศจฟ,10:28,10:29,11:13,44,1. วราวุธ นาขมิ้น,รถ : นาทม 02,FUSE LINK 22 KV. 5-6 A.EEI-NEMA TYPE K,2,,2026-06-17
3190,17 มิ.ย. 2569,10:29,13:32,183,กฟส.บ้านแพง (S),52-003576,340,อากาศปกติ,อุปกรณ์-ชำรุด,ศจฟ,10:29,10:37,12:05,88,1. รชานนท์ โมธรรม,รถ : กระเช้าบ้านแพง,"CABLE LUG,NEMA 2-HOLE,AL 50 SQ.MM.",6,,2026-06-17
3191,17 มิ.ย. 2569,11:16,11:21,5,กฟส.ท่าอุเทน (XS),NNA01VF-230,467,ฝนตก ลมแรง,อุปกรณ์-ชำรุด,ศจฟ,11:16,11:17,11:25,8,1. ปรินทร์ บุญเทียม  | 2. อนุสรณ์ ทองประสม,รถ : รถแก้ไฟท่าอุเทน,FUSE LINK 22 KV. 25 A.EEI-NEMA TYPE K,1,,2026-06-17
3192,17 มิ.ย. 2569,11:43,12:12,29,กฟจ.นครพนม (L),NNA01VF-026,1857,ฝนตก ลมแรง,ต้นไม้-กิ่งไม้หักพาดสาย,ศจฟ,11:43,11:44,12:14,30,1. จันทะคาด บัวเคน  | 2. ณัฏฐศรันย์ อันทระบุตร  | 3. ปรีชา เพ็งคำ  | 4. พิพัฒน์ พิมพ์ศรี  | 5. หฤษฎ์ ถูระวัน  | 6. หิรัญ พลไกรสร,รถ : 3ฒภ 2576 กทม (นพ 01),FUSE LINK 22 KV. 25 A.EEI-NEMA TYPE K,3,,2026-06-17
3193,17 มิ.ย. 2569,12:58,13:36,38,กฟจ.นครพนม (L),60-031502,54,ฝนตก ลมแรง,ต้นไม้-ต้นไม้ล้มทับสาย,ศจฟ,12:58,13:01,13:39,38,1. จันทะคาด บัวเคน  | 2. ณัฏฐศรันย์ อันทระบุตร  | 3. ปรีชา เพ็งคำ  | 4. พิพัฒน์ พิมพ์ศรี  | 5. หฤษฎ์ ถูระวัน  | 6. หิรัญ พลไกรสร,รถ : 3ฒภ 2576 กทม (นพ 01),"CABLE,AL,750 V,50 SQ.MM. TIS.293",17,,2026-06-17
3194,17 มิ.ย. 2569,13:21,13:00,0,กฟส.ศรีสงคราม (XS),SSK06VF-003,210,อากาศปกติ,สัตว์-งู,ศจฟ,13:21,12:00,13:00,60,1. ศิลารักษ์ วิภา,รถ : ศรีสงคราม 01,FUSE LINK 22 KV. 25 A.EEI-NEMA TYPE K,3,,2026-06-17
3195,17 มิ.ย. 2569,13:40,14:57,76,กฟจ.นครพนม (L),NNA04F-05/4,21,ฝนตก,อุปกรณ์-ชำรุด,ศจฟ,13:40,13:41,15:01,80,1. ธำรงรัตน์ สระแก้ว  | 2. ปรีชา เพ็งคำ  | 3. พิพัฒน์ พิมพ์ศรี  | 4. สุรวุฒิ สุขแสงดาว  | 5. หฤษฎ์ ถูระวัน  | 6. หิรัญ พลไกรสร  | 7. เกรียงไกร ลาหมัน,รถ : 3ฒภ 2576 กทม (นพ 01),"CONN.,PG,TRIPLE BOLT,AL70-18S SQ.MM.",3,,2026-06-17
3196,17 มิ.ย. 2569,13:43,13:44,1,กฟส.บ้านแพง (S),63-036664,120,อากาศปกติ,อุปกรณ์-ชำรุด,ศจฟ,13:43,13:05,13:45,40,1. รชานนท์ โมธรรม,รถ : กระเช้าบ้านแพง,"CONN.,PG,DOUBLE BOLT,AL 25-95 SQ.MM.",4,,2026-06-17
3197,17 มิ.ย. 2569,14:18,15:09,51,กฟส.ปลาปาก (XS),54-011710,20,อากาศปกติ,ต้นไม้-กิ่งไม้หักพาดสาย,ศจฟ,14:18,14:19,15:19,60,1. สุธรรม จันทะผา,รถ : รถแก้ไฟปลาปาก 01,"CABLE,AL,750 V,50 SQ.MM. TIS.293",4,,2026-06-17
3198,17 มิ.ย. 2569,14:32,14:00,0,กฟส.ศรีสงคราม (XS),SSK02VF-034,209,อากาศปกติ,ต้นไม้-กิ่งไม้หักพาดสาย,ศจฟ,14:32,13:00,14:00,60,1. ศิลารักษ์ วิภา,รถ : ศรีสงคราม 01,FUSE LINK 22 KV. 25 A.EEI-NEMA TYPE K,2,,2026-06-17
3199,17 มิ.ย. 2569,15:27,16:05,38,กฟจ.นครพนม (L),61-010098,82,ฝนตก ฟ้าคะนอง,ต้นไม้-ต้นไม้ล้มทับสาย,ศจฟ,15:27,15:28,16:11,43,1. ธำรงรัตน์ สระแก้ว  | 2. ปรีชา เพ็งคำ  | 3. พิพัฒน์ พิมพ์ศรี  | 4. สุรวุฒิ สุขแสงดาว  | 5. หฤษฎ์ ถูระวัน  | 6. หิรัญ พลไกรสร  | 7. เกรียงไกร ลาหมัน,รถ : 3ฒภ 2576 กทม (นพ 01),"CABLE,AL,750 V,50 SQ.MM. TIS.293",20,,2026-06-17
3200,17 มิ.ย. 2569,18:40,20:00,79,กฟส.ศรีสงคราม (XS),SSK08VF-060,63,อากาศปกติ,อุปกรณ์-ชำรุด,ศจฟ,18:40,19:00,20:00,60,1. ศิลารักษ์ วิภา,รถ : ศรีสงคราม 01,FUSE HOLDER 22 KV. 100 A. 12 KA.,1,,2026-06-17
3201,17 มิ.ย. 2569,19:30,21:00,90,กฟส.ปลาปาก (XS),NNA02VF-034,773,อากาศปกติ,ต้นไม้-ต้นไม้เลื้อย/โตมาแตะสาย,ศจฟ,19:30,20:04,21:20,76,1. ราชันย์ กุลสุทธิ์,รถ : รถแก้ไฟปลาปาก 01,FUSE LINK 22 KV. 30 A.EEI-NEMA TYPE K,2,,2026-06-17
3202,17 มิ.ย. 2569,20:50,07:36,646,กฟส.เรณูนคร (XS),THA02F-61,645,ฝนตก ฟ้าคะนอง,ภัยธรรมชาติ-พายุฤดูร้อน/พายุดีเปรสชั่น,ศจฟ,20:50,00:35,01:40,65,1. ณวุฒิ กลางประพันธ์,รถ : 80-7964 นพ รณ.01,FUSE LINK 22 KV. 25 A.EEI-NEMA TYPE K,3,,2026-06-17
3203,17 มิ.ย. 2569,20:50,07:44,654,กฟส.เรณูนคร (XS),THA02F-65,522,ฝนตก ฟ้าคะนอง,สภาพสิ่งแวดล้อม-สภาพสิ่งแวดล้อมอื่นๆ,ศจฟ,20:50,01:50,03:08,78,1. ณวุฒิ กลางประพันธ์,รถ : 80-7964 นพ รณ.01,FUSE LINK 22 KV. 15 A.EEI-NEMA TYPE K,2,,2026-06-17
3204,17 มิ.ย. 2569,20:51,21:36,45,กฟส.เรณูนคร (XS),THA06F-59/1,1849,ฝนตก ลมแรง,ภัยธรรมชาติ-พายุโซนร้อน/ใต้ฝุ่น,ศจฟ,20:50,19:58,21:14,76,1. ณวุฒิ กลางประพันธ์,รถ : 80-7964 นพ รณ.01,FUSE LINK 22 KV. 20 A.EEI-NEMA TYPE K,2,,2026-06-17
3205,18 มิ.ย. 2569,06:45,07:33,47,กฟส.โพนสวรรค์ (XS),SSK07F-08,2201,อากาศปกติ,ภัยธรรมชาติ-พายุโซนร้อน/ใต้ฝุ่น,ศจฟ,06:45,04:50,07:00,130,1. เพชราวุธ โพชราช,รถ : โพนสวรรค์-02,FUSE LINK 22 KV. 25 A.EEI-NEMA TYPE K,2,,2026-06-18
3206,18 มิ.ย. 2569,07:00,08:02,61,กฟส.ท่าอุเทน (XS),NNA08VF-214,1,อากาศปกติ,สัตว์-นก/ค้างคาว,ศจฟ,07:00,16:50,17:10,20,1. ปรินทร์ บุญเทียม,รถ : รถแก้ไฟท่าอุเทน,"DROPOUT,FUSE,22 KV.100 A.12 KA",1,,2026-06-18
3207,18 มิ.ย. 2569,07:00,08:04,64,กฟส.ท่าอุเทน (XS),SSK02VF-240,744,อากาศปกติ,สัตว์-นก/ค้างคาว,ศจฟ,07:00,00:30,02:30,120,1. ปรินทร์ บุญเทียม,รถ : รถแก้ไฟท่าอุเทน,FUSE LINK 22 KV. 15 A.EEI-NEMA TYPE K,2,,2026-06-18
3208,18 มิ.ย. 2569,07:00,08:06,66,กฟส.ท่าอุเทน (XS),BFA09VF-221,756,อากาศปกติ,สัตว์-นก/ค้างคาว,ศจฟ,07:00,03:00,05:00,120,1. ปรินทร์ บุญเทียม,รถ : รถแก้ไฟท่าอุเทน,FUSE LINK 22 KV. 30 A.EEI-NEMA TYPE K,2,,2026-06-18
3209,18 มิ.ย. 2569,07:00,08:09,69,กฟส.ท่าอุเทน (XS),SSK02VF-265,124,อากาศปกติ,ต้นไม้-ต้นไม้เลื้อย/โตมาแตะสาย,ศจฟ,07:00,06:30,08:10,100,1. ปรินทร์ บุญเทียม,รถ : รถแก้ไฟท่าอุเทน,FUSE LINK 22 KV. 15 A.EEI-NEMA TYPE K,1,,2026-06-18
3210,18 มิ.ย. 2569,07:30,08:00,29,กฟส.เรณูนคร (XS),49-004284,220,อากาศปกติ,สภาพสิ่งแวดล้อม-สภาพสิ่งแวดล้อมอื่นๆ,ศจฟ,07:30,06:01,07:32,91,1. ณวุฒิ กลางประพันธ์,รถ : 80-7964 นพ รณ.01,"H.R.C. FUSE, BLADE CONTACT, 160 A",1,,2026-06-18
3211,18 มิ.ย. 2569,07:40,07:30,0,กฟส.ศรีสงคราม (XS),64-013527,29,อากาศปกติ,สภาพสิ่งแวดล้อม-สภาพสิ่งแวดล้อมอื่นๆ,ศจฟ,07:40,06:40,07:30,50,1. ศิลารักษ์ วิภา,รถ : ศรีสงคราม 02,FUSE LINK 22 KV. 3 A.EEI-NEMA TYPE K,2,,2026-06-18
3212,18 มิ.ย. 2569,11:26,11:38,12,กฟส.บ้านแพง (S),BFA10VF-108,17,ฝนตก,ภัยธรรมชาติ-พายุฤดูร้อน/พายุดีเปรสชั่น,ศจฟ,11:26,08:30,09:15,45,1. รชานนท์ โมธรรม,รถ : กระเช้าบ้านแพง,FUSE LINK 22 KV. 15 A.EEI-NEMA TYPE K,2,,2026-06-18
3213,18 มิ.ย. 2569,11:37,11:57,20,กฟส.ธาตุพนม (S),THA01VF-025,86,อากาศปกติ,ภัยธรรมชาติ-พายุฤดูร้อน/พายุดีเปรสชั่น,ศจฟ,11:37,11:38,11:59,21,1. นรากร แสนโสม,รถ : กระเช้าธาตุพนม,FUSE LINK 22 KV. 10 A.EEI-NEMA TYPE K,2,,2026-06-18
3214,18 มิ.ย. 2569,11:38,14:00,142,กฟส.นาหว้า (XS),43-000235,261,อากาศปกติ,ภัยธรรมชาติ-พายุฤดูร้อน/พายุดีเปรสชั่น,ศจฟ,11:38,11:40,12:00,20,1. อัมรินทร์ วะราวัง,รถ : นาหว้า 02,FUSE LINK 22 KV. 10 A.EEI-NEMA TYPE K,3,,2026-06-18
3215,18 มิ.ย. 2569,11:43,22:11,628,กฟส.ท่าอุเทน (XS),SSK02VF-240,744,อากาศปกติ,ภัยธรรมชาติ-พายุฤดูร้อน/พายุดีเปรสชั่น,ศจฟ,11:43,11:44,12:00,16,1. ปรินทร์ บุญเทียม,รถ : รถแก้ไฟท่าอุเทน,FUSE LINK 22 KV. 25 A.EEI-NEMA TYPE K,1,,2026-06-18
3216,18 มิ.ย. 2569,11:45,22:12,627,กฟส.ท่าอุเทน (XS),60-027584,35,อากาศปกติ,อุปกรณ์-ติดตั้งไม่ได้มาตรฐาน,ศจฟ,11:45,12:05,12:20,15,1. ปรินทร์ บุญเทียม,รถ : รถแก้ไฟท่าอุเทน,"CABLE,AL,750 V,50 SQ.MM. TIS.293",5,,2026-06-18
3217,18 มิ.ย. 2569,11:55,10:00,0,กฟจ.นครพนม (L),NNB02VF-030,869,อากาศปกติ,ต้นไม้-ต้นไม้เลื้อย/โตมาแตะสาย,ศจฟ,11:55,09:00,10:50,110,1. ประจล ศรีสุราช  | 2. ปรีชา เพ็งคำ  | 3. ศักดิ์อนันต์ แสนเมือง,รถ : 3ฒภ 2576 กทม (นพ 01),FUSE LINK 22 KV. 25 A.EEI-NEMA TYPE K,1,,2026-06-18
3218,18 มิ.ย. 2569,11:58,11:20,0,กฟจ.นครพนม (L),DDE08F-62,31,อากาศปกติ,ต้นไม้-กิ่งไม้หักพาดสาย,ศจฟ,11:58,10:50,12:00,70,1. ประจล ศรีสุราช  | 2. ปรีชา เพ็งคำ  | 3. ศักดิ์อนันต์ แสนเมือง,รถ : 3ฒภ 2576 กทม (นพ 01),FUSE LINK 22 KV. 10 A.EEI-NEMA TYPE K,3,,2026-06-18
3219,18 มิ.ย. 2569,13:04,13:09,5,กฟส.บ้านแพง (S),52-003576,340,ฝนตก,ต้นไม้-ต้นไม้ล้มทับสาย,ศจฟ,13:04,09:30,11:15,105,1. รชานนท์ โมธรรม,รถ : กระเช้าบ้านแพง,"CABLE,AL,750 V,50 SQ.MM. TIS.293",10,,2026-06-18
3220,18 มิ.ย. 2569,13:37,13:20,0,กฟจ.นครพนม (L),25322463,1,อากาศปกติ,สภาพสิ่งแวดล้อม-การผุกร่อน/สนิม,ศจฟ,13:37,12:50,14:00,70,1. ประจล ศรีสุราช  | 2. ปรีชา เพ็งคำ  | 3. ศักดิ์อนันต์ แสนเมือง,รถ : 3ฒภ 2576 กทม (นพ 01),"CONN.,PG,DOUBLE BOLT,AL 25-95 SQ.MM.",4,,2026-06-18
3221,18 มิ.ย. 2569,14:09,14:10,1,กฟจ.นครพนม (L),59-024393,115,อากาศปกติ,อุปกรณ์-ชำรุด,ศจฟ,14:09,13:40,14:30,50,1. ประจล ศรีสุราช  | 2. ปรีชา เพ็งคำ  | 3. ศักดิ์อนันต์ แสนเมือง,รถ : 3ฒภ 2576 กทม (นพ 01),"H.R.C. FUSE, BLADE CONTACT, 100 A",2,,2026-06-18
3222,18 มิ.ย. 2569,15:24,15:00,0,กฟส.ศรีสงคราม (XS),45-016077,69,อากาศปกติ,อุปกรณ์-ชำรุด,ศจฟ,15:24,14:30,15:00,30,1. ศิลารักษ์ วิภา,รถ : ศรีสงคราม 01,"CABLE,AL,750 V,50 SQ.MM. TIS.293",5,,2026-06-18
3223,18 มิ.ย. 2569,16:01,20:16,255,กฟส.เรณูนคร (XS),THA02F-61,645,ฝนตก ลมแรง,ภัยธรรมชาติ-พายุฤดูร้อน/พายุดีเปรสชั่น,ศจฟ,16:01,16:35,17:58,83,1. ณวุฒิ กลางประพันธ์,รถ : 80-7964 นพ รณ.01,FUSE LINK 22 KV. 20 A.EEI-NEMA TYPE K,3,,2026-06-18
3224,18 มิ.ย. 2569,19:59,14:10,2531,กฟจ.นครพนม (L),NNA02VF-030,579,ฝนตก ลมแรง,ภัยธรรมชาติ-พายุฤดูร้อน/พายุดีเปรสชั่น,ศจฟ,19:59,13:30,14:30,60,1. ชัยยา มาตขาว  | 2. ณัฏฐศรันย์ อันทระบุตร  | 3. ศักดิ์อนันต์ แสนเมือง,รถ : 3ฒภ 2576 กทม (นพ 01),FUSE LINK 22 KV. 15 A.EEI-NEMA TYPE K,2,,2026-06-18
3225,18 มิ.ย. 2569,20:03,21:30,87,กฟจ.นครพนม (L),THA06VF-063,408,ฝนตก ลมแรง,ภัยธรรมชาติ-พายุฤดูร้อน/พายุดีเปรสชั่น,ศจฟ,20:03,20:04,21:30,86,1. ชัยยา มาตขาว  | 2. ณัฏฐศรันย์ อันทระบุตร  | 3. ศักดิ์อนันต์ แสนเมือง,รถ : 81-1269 นพ (นพ 03),FUSE LINK 22 KV. 25 A.EEI-NEMA TYPE K,3,,2026-06-18
3226,18 มิ.ย. 2569,22:04,22:10,6,กฟส.ท่าอุเทน (XS),SSK02VF-252,55,ฝนตก ลมแรง,ภัยธรรมชาติ-พายุฤดูร้อน/พายุดีเปรสชั่น,ศจฟ,22:04,20:05,21:42,97,1. อภิรักษ์ สาตะรักษ์,รถ : รถแก้ไฟท่าอุเทน,FUSE LINK 22 KV. 15 A.EEI-NEMA TYPE K,2,,2026-06-18
3227,18 มิ.ย. 2569,22:05,22:11,6,กฟส.ท่าอุเทน (XS),SSK02VF-242,1,ฝนตก ลมแรง,ภัยธรรมชาติ-พายุฤดูร้อน/พายุดีเปรสชั่น,ศจฟ,22:05,21:30,22:12,42,1. อภิรักษ์ สาตะรักษ์,รถ : รถแก้ไฟท่าอุเทน,FUSE LINK 22 KV. 5-6 A.EEI-NEMA TYPE K,2,,2026-06-18
3228,18 มิ.ย. 2569,22:06,22:27,20,กฟส.นาแก (S),SOA08VF-510,162,ฝนตก ลมแรง,ต้นไม้-กิ่งไม้หักพาดสาย,ศจฟ,22:06,22:07,22:28,21,1. ศักดินันต์ ศรีพุทโธ,รถ : นก-03,"DROPOUT,FUSE,22 KV.100 A.12 KA",1,,2026-06-18
3229,18 มิ.ย. 2569,22:07,22:42,35,กฟส.นาแก (S),SOA07VF-505,227,ฝนตก ลมแรง,ต้นไม้-ลมพัดต้นไม้มาแตะสาย,ศจฟ,22:07,22:09,22:44,35,1. ศักดินันต์ ศรีพุทโธ,รถ : นก-03,FUSE LINK 22 KV. 25 A.EEI-NEMA TYPE K,2,,2026-06-18
3230,18 มิ.ย. 2569,22:31,22:37,6,กฟส.ปลาปาก (XS),NNA07F-0994,13,ฝนตก ลมแรง,ต้นไม้-ลมพัดต้นไม้มาแตะสาย,ศจฟ,22:31,22:32,22:49,17,1. ศักดิพัฒน์ บุราณเดช,รถ : รถแก้ไฟปลาปาก 01,FUSE LINK 22 KV. 20 A.EEI-NEMA TYPE K,2,,2026-06-18
3231,18 มิ.ย. 2569,23:36,02:25,169,กฟส.ปลาปาก (XS),66-018983,196,ฝนตก ลมแรง,ต้นไม้-ลมพัดต้นไม้มาแตะสาย,ศจฟ,23:36,23:37,05:44,367,1. ศักดิพัฒน์ บุราณเดช,รถ : รถแก้ไฟปลาปาก 01,FUSE LINK 22 KV. 5-6 A.EEI-NEMA TYPE K,2,,2026-06-18
3232,19 มิ.ย. 2569,06:54,07:16,22,กฟส.ปลาปาก (XS),NNA07F-57,148,ฝนตก ลมแรง,ต้นไม้-ลมพัดต้นไม้มาแตะสาย,ศจฟ,06:54,06:55,07:25,30,1. ศักดิพัฒน์ บุราณเดช,รถ : รถแก้ไฟปลาปาก 01,FUSE LINK 22 KV. 10 A.EEI-NEMA TYPE K,2,,2026-06-19
3233,19 มิ.ย. 2569,07:33,08:59,85,กฟส.ศรีสงคราม (XS),SSK01VF-015,420,อากาศปกติ,ต้นไม้-ลมพัดต้นไม้มาแตะสาย,ศจฟ,07:33,07:34,09:10,96,1. วุฒิชัย เหมเมือง,รถ : ศรีสงคราม 02,FUSE LINK 22 KV. 20 A.EEI-NEMA TYPE K,2,,2026-06-19
3234,19 มิ.ย. 2569,07:34,07:38,4,กฟส.โพนสวรรค์ (XS),SSK07F-08,2201,อากาศชื้น / หมอก,ภัยธรรมชาติ-พายุฤดูร้อน/พายุดีเปรสชั่น,ศจฟ,07:34,05:00,07:00,120,1. รวิชญ์ พรมน้อย,รถ : โพนสวรรค์-03,FUSE LINK 22 KV. 25 A.EEI-NEMA TYPE K,2,,2026-06-19
3235,19 มิ.ย. 2569,07:44,08:24,40,กฟส.ท่าอุเทน (XS),NNA01VF-230,467,ลมแรง,ภัยธรรมชาติ-พายุฤดูร้อน/พายุดีเปรสชั่น,ศจฟ,07:44,04:55,07:02,127,1. อภิรักษ์ สาตะรักษ์,รถ : รถแก้ไฟท่าอุเทน,FUSE LINK 22 KV. 25 A.EEI-NEMA TYPE K,2,,2026-06-19
3236,19 มิ.ย. 2569,07:45,08:27,42,กฟส.ท่าอุเทน (XS),NNA01VF-223,467,ฝนตก,ภัยธรรมชาติ-พายุฤดูร้อน/พายุดีเปรสชั่น,ศจฟ,07:45,07:10,08:28,78,1. อภิรักษ์ สาตะรักษ์,รถ : รถแก้ไฟท่าอุเทน,FUSE LINK 22 KV. 30 A.EEI-NEMA TYPE K,2,,2026-06-19
3237,19 มิ.ย. 2569,08:08,08:11,3,กฟส.โพนสวรรค์ (XS),5701533348,1,อากาศชื้น / หมอก,ภัยธรรมชาติ-พายุฤดูร้อน/พายุดีเปรสชั่น,ศจฟ,08:08,07:00,08:30,90,1. รวิชญ์ พรมน้อย,รถ : โพนสวรรค์-03,"CABLE,AL,750 V,50 SQ.MM. TIS.293",4,,2026-06-19
3238,19 มิ.ย. 2569,09:26,10:45,79,กฟส.ธาตุพนม (S),THA06VF-002,512,อากาศปกติ,ภัยธรรมชาติ-พายุฤดูร้อน/พายุดีเปรสชั่น,ศจฟ,09:26,09:27,10:47,80,1. นรากร แสนโสม,รถ : กระเช้าธาตุพนม,FUSE HOLDER 22 KV. 100 A. 12 KA.,1,,2026-06-19
3239,19 มิ.ย. 2569,09:36,12:14,158,กฟส.นาหว้า (XS),SSK04VF-125,19,อากาศปกติ,อุปกรณ์-ชำรุด,ศจฟ,09:36,09:37,12:22,165,1. กิตติศักดิ์ คำชนะ,รถ : นาหว้า 02,FUSE LINK 22 KV. 10 A.EEI-NEMA TYPE K,2,,2026-06-19
3240,19 มิ.ย. 2569,09:39,10:25,45,กฟส.นาทม (XS),SEK03F-85,44,อากาศปกติ,อุปกรณ์-ชำรุด,ศจฟ,09:39,09:40,10:32,52,1. วราวุธ นาขมิ้น,รถ : นาทม 02,FUSE LINK 22 KV. 20 A.EEI-NEMA TYPE K,2,,2026-06-19
3241,19 มิ.ย. 2569,11:08,11:33,24,กฟส.ปลาปาก (XS),THA06F-84,77,อากาศปกติ,ต้นไม้-กิ่งไม้หักพาดสาย,ศจฟ,11:08,11:08,11:50,42,1. สุธรรม จันทะผา,รถ : รถแก้ไฟปลาปาก 01,FUSE LINK 22 KV. 10 A.EEI-NEMA TYPE K,2,,2026-06-19
3242,19 มิ.ย. 2569,12:20,11:00,0,กฟจ.นครพนม (L),NNB02VF-023,673,อากาศปกติ,ต้นไม้-กิ่งไม้หักพาดสาย,ศจฟ,12:20,11:00,12:00,60,1. จันทะคาด บัวเคน  | 2. ชัยยา มาตขาว  | 3. นลธวัช ศรีหาเศษ,รถ : 3ฒภ 2576 กทม (นพ 01),FUSE LINK 22 KV. 25 A.EEI-NEMA TYPE K,1,,2026-06-19
3243,19 มิ.ย. 2569,12:47,13:45,58,กฟส.ธาตุพนม (S),57-005647,36,อากาศปกติ,ต้นไม้-กิ่งไม้หักพาดสาย,ศจฟ,12:47,12:49,13:50,61,1. นรากร แสนโสม,รถ : กระเช้าธาตุพนม,"CABLE,AL,750 V,50 SQ.MM. TIS.293",10,,2026-06-19
3244,19 มิ.ย. 2569,12:49,13:08,18,กฟส.ธาตุพนม (S),THA06VF-028,340,อากาศปกติ,ต้นไม้-กิ่งไม้หักพาดสาย,ศจฟ,12:49,12:51,13:10,19,1. นรากร แสนโสม,รถ : กระเช้าธาตุพนม,FUSE LINK 22 KV. 15 A.EEI-NEMA TYPE K,2,,2026-06-19
3245,19 มิ.ย. 2569,15:52,16:02,10,กฟส.ศรีสงคราม (XS),48-000464,24,อากาศปกติ,สัตว์-งู,ศจฟ,15:52,15:55,16:08,13,1. วุฒิชัย เหมเมือง,รถ : ศรีสงคราม 01,FUSE LINK 22 KV. 8 A.EEI-NEMA TYPE K,1,,2026-06-19
3246,19 มิ.ย. 2569,16:33,17:00,27,กฟส.ศรีสงคราม (XS),SSK02VF-034,209,อากาศปกติ,สัตว์-กระรอก/กระแต/หนู,ศจฟ,16:33,16:37,17:10,33,1. เชาวลิต หัสรินทร์,รถ : ศรีสงคราม 01,FUSE LINK 22 KV. 15 A.EEI-NEMA TYPE K,2,,2026-06-19
3247,19 มิ.ย. 2569,17:03,17:25,22,กฟส.นาหว้า (XS),63-004471,97,อากาศปกติ,สัตว์-กระรอก/กระแต/หนู,ศจฟ,17:03,17:08,17:28,20,1. อัมรินทร์ วะราวัง,รถ : นาหว้า 02,"CABLE,AL,750 V,50 SQ.MM. TIS.293",2,,2026-06-19
3248,19 มิ.ย. 2569,18:21,18:33,12,กฟส.ท่าอุเทน (XS),NNA01VF-212,86,อากาศปกติ,สัตว์-กระรอก/กระแต/หนู,ศจฟ,18:21,17:30,18:10,40,1. สุรธวัช วุฒิสาร,รถ : รถแก้ไฟท่าอุเทน,FUSE LINK 22 KV. 15 A.EEI-NEMA TYPE K,2,,2026-06-19
3249,19 มิ.ย. 2569,18:42,18:53,11,กฟส.นาหว้า (XS),SSK06F-12,782,อากาศปกติ,สัตว์-กระรอก/กระแต/หนู,ศจฟ,18:42,18:48,18:55,7,1. อัมรินทร์ วะราวัง,รถ : นาหว้า 02,FUSE LINK 22 KV. 15 A.EEI-NEMA TYPE K,3,,2026-06-19
3250,19 มิ.ย. 2569,19:17,20:05,47,กฟส.เรณูนคร (XS),61-004025,69,ฝนตก,สัตว์-กระรอก/กระแต/หนู,ศจฟ,19:17,19:19,20:15,56,1. สันติ จันทโคตร,รถ : 80-7964 นพ รณ.01,"H.R.C. FUSE, BLADE CONTACT, 80 A",1,,2026-06-19
3251,19 มิ.ย. 2569,20:21,21:14,53,กฟส.ธาตุพนม (S),THA07VF-014,28,ฝนตก,สภาพสิ่งแวดล้อม-ฟ้าผ่า,ศจฟ,20:21,20:24,21:16,52,1. นฤสรธ์ น้อยนารถ  | 2. สันติ จันทโคตร,รถ : กระเช้าธาตุพนม,FUSE LINK 22 KV. 15 A.EEI-NEMA TYPE K,2,,2026-06-19
3252,19 มิ.ย. 2569,20:36,20:55,18,กฟจ.นครพนม (L),NNA01F-38-1,924,ฝนตก,สภาพสิ่งแวดล้อม-ฟ้าผ่า,ศจฟ,20:36,20:30,21:19,49,1. ทศวรรษ มังคละคีรี  | 2. ประจล ศรีสุราช,รถ : 3ฒภ 2576 กทม (นพ 01),FUSE LINK 22 KV. 30 A.EEI-NEMA TYPE K,2,,2026-06-19
3253,19 มิ.ย. 2569,21:18,21:46,27,กฟส.ธาตุพนม (S),THA02VF-012,207,อากาศปกติ,สัตว์-สัตว์อื่นๆ,ศจฟ,21:18,21:18,22:06,48,1. นฤสรธ์ น้อยนารถ  | 2. สันติ จันทโคตร,รถ : กระเช้าธาตุพนม,FUSE LINK 22 KV. 25 A.EEI-NEMA TYPE K,2,,2026-06-19
3254,19 มิ.ย. 2569,22:04,22:07,3,กฟส.นาหว้า (XS),40-003914,315,อากาศปกติ,สัตว์-สัตว์อื่นๆ,ศจฟ,22:04,22:05,22:09,4,1. อัมรินทร์ วะราวัง,รถ : นาหว้า 02,"CABLE,AL,750 V,50 SQ.MM. TIS.293",4,,2026-06-19
3255,19 มิ.ย. 2569,22:23,21:00,0,กฟส.โพนสวรรค์ (XS),28-018077,225,ฝนตก,ภัยธรรมชาติ-พายุฤดูร้อน/พายุดีเปรสชั่น,ศจฟ,22:23,19:00,20:35,95,1. สุทธิเกียรติ บุญรังษี,รถ : โพนสวรรค์-03,"CABLE LUG,NEMA 2-HOLE,AL 50 SQ.MM.",2,,2026-06-19
3256,20 มิ.ย. 2569,00:52,02:00,67,กฟส.ศรีสงคราม (XS),SSK01VF-024,74,ฝนตก,ภัยธรรมชาติ-พายุฤดูร้อน/พายุดีเปรสชั่น,ศจฟ,00:52,00:52,02:10,78,1. วุฒิชัย เหมเมือง  | 2. เชาวลิต หัสรินทร์,รถ : ศรีสงคราม 02,FUSE LINK 22 KV. 20 A.EEI-NEMA TYPE K,2,,2026-06-20
3257,20 มิ.ย. 2569,01:39,02:40,61,กฟส.วังยาง (XS),36-000194,48,ฝนตก,อุปกรณ์-ชำรุด,ศจฟ,01:39,01:39,02:40,61,1. อนุรักษ์ วงค์จันดี,รถ : วย.01,"H.R.C. FUSE, BLADE CONTACT, 160 A",1,,2026-06-20
3258,20 มิ.ย. 2569,06:07,06:46,38,กฟส.ท่าอุเทน (XS),NNA08VF-210,96,อากาศปกติ,อุปกรณ์-ชำรุด,ศจฟ,06:07,06:08,06:40,32,1. สุรธวัช วุฒิสาร,รถ : รถแก้ไฟท่าอุเทน,FUSE HOLDER 22 KV. 100 A. 12 KA.,1,,2026-06-20
3259,20 มิ.ย. 2569,06:42,08:00,78,กฟส.ศรีสงคราม (XS),51-930086,166,อากาศปกติ,สัตว์-งู,ศจฟ,06:42,06:49,08:30,101,1. วุฒิชัย เหมเมือง  | 2. เชาวลิต หัสรินทร์,รถ : ศรีสงคราม 02,FUSE LINK 22 KV. 8 A.EEI-NEMA TYPE K,1,,2026-06-20
3260,20 มิ.ย. 2569,08:10,08:22,12,กฟส.นาหว้า (XS),SSK06F-12,782,อากาศปกติ,สัตว์-งู,ศจฟ,08:10,08:18,08:23,5,1. อัมรินทร์ วะราวัง,รถ : นาหว้า 02,FUSE LINK 22 KV. 20 A.EEI-NEMA TYPE K,2,,2026-06-20
3261,20 มิ.ย. 2569,08:40,09:37,56,กฟส.นาทม (XS),60-032836,85,อากาศปกติ,สัตว์-งู,ศจฟ,08:40,08:49,09:39,50,1. นราธร อินทรายุทธ,รถ : นาทม 02,FUSE HOLDER 22 KV. 100 A. 12 KA.,1,,2026-06-20
3262,20 มิ.ย. 2569,14:00,13:20,0,กฟจ.นครพนม (L),NNB02VF-030,869,อากาศปกติ,ต้นไม้-ต้นไม้เลื้อย/โตมาแตะสาย,ศจฟ,14:00,12:40,13:40,60,1. ธำรงรัตน์ สระแก้ว  | 2. ศักดิ์อนันต์ แสนเมือง  | 3. สุรวุฒิ สุขแสงดาว,รถ : 3ฒภ 2576 กทม (นพ 01),FUSE LINK 22 KV. 15 A.EEI-NEMA TYPE K,2,,2026-06-20
3263,20 มิ.ย. 2569,14:30,14:56,26,กฟส.ปลาปาก (XS),NNA07F-87,367,อากาศปกติ,อุปกรณ์-ชำรุด,ศจฟ,14:30,14:53,14:58,5,1. นครินทร์ จำปาทิ,รถ : รถแก้ไฟปลาปาก 01,FUSE LINK 22 KV. 25 A.EEI-NEMA TYPE K,2,,2026-06-20
3264,20 มิ.ย. 2569,14:31,15:32,61,กฟส.ธาตุพนม (S),65-018158,115,ลมแรง,ต้นไม้-ต้นไม้ล้มทับสาย,ศจฟ,14:30,14:30,15:40,70,1. กฤตพงศ์ วงค์ขะวงค์,รถ : ธพ 03,"CABLE,AL,750 V,50 SQ.MM. TIS.293",15,,2026-06-20
3265,20 มิ.ย. 2569,14:50,15:08,18,กฟส.บ้านแพง (S),45-016139,45,อากาศปกติ,ต้นไม้-ต้นไม้ล้มทับสาย,ศจฟ,14:50,13:55,14:30,35,1. รชานนท์ โมธรรม,รถ : กระเช้าบ้านแพง,,,,2026-06-20
3266,20 มิ.ย. 2569,17:45,19:00,75,กฟจ.นครพนม (L),NNA07F-31-1,1,อากาศปกติ,สภาพสิ่งแวดล้อม-ฟ้าผ่า,ศจฟ,17:45,18:00,19:00,60,1. จันทะคาด บัวเคน  | 2. ชัยยา มาตขาว  | 3. ธำรงรัตน์ สระแก้ว  | 4. นลธวัช ศรีหาเศษ  | 5. พิพัฒน์ นะระทะ  | 6. ศักดิ์อนันต์ แสนเมือง  | 7. เกริกฤทธิ์ จันทรโพธิ์ศรี,รถ : รถกระเช้า (04),FUSE LINK 22 KV. 30 A.EEI-NEMA TYPE K,2,,2026-06-20
3267,20 มิ.ย. 2569,18:20,20:01,101,กฟส.ธาตุพนม (S),THA06VF-048,311,ฝนตก,สภาพสิ่งแวดล้อม-ฟ้าผ่า,ศจฟ,18:20,18:25,20:12,107,1. อุทัย สุมินทร์,รถ : กระเช้าธาตุพนม,FUSE LINK 22 KV. 30 A.EEI-NEMA TYPE K,3,,2026-06-20
3268,20 มิ.ย. 2569,20:24,22:00,96,กฟส.ธาตุพนม (S),THA06VF-017,269,ฝนตก,สภาพสิ่งแวดล้อม-ฟ้าผ่า,ศจฟ,20:24,20:27,22:12,105,1. อุทัย สุมินทร์,รถ : กระเช้าธาตุพนม,FUSE LINK 22 KV. 25 A.EEI-NEMA TYPE K,2,,2026-06-20
3269,20 มิ.ย. 2569,21:20,22:15,54,กฟส.โพนสวรรค์ (XS),NNA01F-38,1745,อากาศชื้น / หมอก,ภัยธรรมชาติ-พายุฤดูร้อน/พายุดีเปรสชั่น,ศจฟ,21:20,20:30,22:40,130,1. รวิชญ์ พรมน้อย,รถ : โพนสวรรค์-03,FUSE LINK 22 KV. 40 A.EEI-NEMA TYPE K,3,,2026-06-20
3270,21 มิ.ย. 2569,06:30,11:54,324,กฟส.ท่าอุเทน (XS),BFA09VF-207,1,ฝนตก ลมแรง,ภัยธรรมชาติ-พายุฤดูร้อน/พายุดีเปรสชั่น,ศจฟ,06:30,07:07,11:56,289,1. อนุสรณ์ ทองประสม,รถ : รถแก้ไฟท่าอุเทน,FUSE LINK 22 KV. 5-6 A.EEI-NEMA TYPE K,1,,2026-06-21
3271,21 มิ.ย. 2569,06:30,11:58,328,กฟส.ท่าอุเทน (XS),NNA01VF-230,467,ฝนตก ลมแรง,ต้นไม้-กิ่งไม้หักพาดสาย,ศจฟ,06:30,07:08,12:00,292,1. อนุสรณ์ ทองประสม,รถ : รถแก้ไฟท่าอุเทน,FUSE LINK 22 KV. 25 A.EEI-NEMA TYPE K,2,,2026-06-21
3272,21 มิ.ย. 2569,06:35,12:03,328,กฟส.ท่าอุเทน (XS),67-036326,18,ฝนตก,ต้นไม้-กิ่งไม้หักพาดสาย,ศจฟ,06:35,07:08,12:05,297,1. อนุสรณ์ ทองประสม,รถ : รถแก้ไฟท่าอุเทน,FUSE LINK 22 KV. 3 A.EEI-NEMA TYPE K,1,,2026-06-21
3273,21 มิ.ย. 2569,06:45,07:14,29,กฟส.โพนสวรรค์ (XS),SSK09F-38,1084,อากาศชื้น / หมอก,ภัยธรรมชาติ-พายุฤดูร้อน/พายุดีเปรสชั่น,ศจฟ,06:45,01:15,03:15,120,1. รวิชญ์ พรมน้อย,รถ : โพนสวรรค์-03,FUSE LINK 22 KV. 15 A.EEI-NEMA TYPE K,2,,2026-06-21
3274,21 มิ.ย. 2569,07:00,07:18,18,กฟส.โพนสวรรค์ (XS),NNA01F-41,757,อากาศชื้น / หมอก,ภัยธรรมชาติ-พายุฤดูร้อน/พายุดีเปรสชั่น,ศจฟ,07:00,04:00,06:00,120,1. รวิชญ์ พรมน้อย,รถ : โพนสวรรค์-03,FUSE LINK 22 KV. 25 A.EEI-NEMA TYPE K,2,,2026-06-21
3275,21 มิ.ย. 2569,07:00,12:06,306,กฟส.ท่าอุเทน (XS),NNA08VF-213,643,ฝนตก ลมแรง,ภัยธรรมชาติ-พายุฤดูร้อน/พายุดีเปรสชั่น,ศจฟ,07:00,07:08,12:08,300,1. อนุสรณ์ ทองประสม,รถ : รถแก้ไฟท่าอุเทน,FUSE LINK 22 KV. 30 A.EEI-NEMA TYPE K,2,,2026-06-21
3276,21 มิ.ย. 2569,07:00,12:09,309,กฟส.ท่าอุเทน (XS),NNA08VF-209,1,ฝนตก ฟ้าคะนอง,ภัยธรรมชาติ-พายุฤดูร้อน/พายุดีเปรสชั่น,ศจฟ,07:00,07:08,12:11,303,1. อนุสรณ์ ทองประสม,รถ : รถแก้ไฟท่าอุเทน,FUSE LINK 22 KV. 8 A.EEI-NEMA TYPE K,1,,2026-06-21
3277,21 มิ.ย. 2569,07:00,12:12,312,กฟส.ท่าอุเทน (XS),NNA08VF-210,96,ฝนตก ลมแรง,ภัยธรรมชาติ-พายุฤดูร้อน/พายุดีเปรสชั่น,ศจฟ,07:00,07:08,12:14,306,1. อนุสรณ์ ทองประสม,รถ : รถแก้ไฟท่าอุเทน,FUSE LINK 22 KV. 20 A.EEI-NEMA TYPE K,1,,2026-06-21
3278,21 มิ.ย. 2569,07:00,12:15,315,กฟส.ท่าอุเทน (XS),67-038467,23,ฝนตก ลมแรง,ภัยธรรมชาติ-พายุฤดูร้อน/พายุดีเปรสชั่น,ศจฟ,07:00,07:08,12:18,310,1. อนุสรณ์ ทองประสม,รถ : รถแก้ไฟท่าอุเทน,,,,2026-06-21
3279,21 มิ.ย. 2569,07:00,13:22,382,กฟส.ท่าอุเทน (XS),NNA08VF-226,1,ฝนตก ลมแรง,ภัยธรรมชาติ-พายุฤดูร้อน/พายุดีเปรสชั่น,ศจฟ,07:00,07:09,13:24,375,1. อนุสรณ์ ทองประสม,รถ : รถแก้ไฟท่าอุเทน,,,,2026-06-21
3280,21 มิ.ย. 2569,07:00,13:24,384,กฟส.ท่าอุเทน (XS),SSK02VF-240,744,ฝนตก ลมแรง,ภัยธรรมชาติ-พายุฤดูร้อน/พายุดีเปรสชั่น,ศจฟ,07:00,07:09,13:27,378,1. อนุสรณ์ ทองประสม,รถ : รถแก้ไฟท่าอุเทน,FUSE LINK 22 KV. 30 A.EEI-NEMA TYPE K,1,,2026-06-21
3281,21 มิ.ย. 2569,07:01,08:02,61,กฟส.นาทม (XS),SEK03F-82,25,อากาศชื้น / หมอก,ภัยธรรมชาติ-พายุฤดูร้อน/พายุดีเปรสชั่น,ศจฟ,07:00,07:10,08:04,54,1. นราธร อินทรายุทธ,รถ : นาทม 02,FUSE LINK 22 KV. 5-6 A.EEI-NEMA TYPE K,1,,2026-06-21
3282,21 มิ.ย. 2569,07:05,13:28,383,กฟส.ท่าอุเทน (XS),67-038468,27,ฝนตก ฟ้าคะนอง,ภัยธรรมชาติ-พายุฤดูร้อน/พายุดีเปรสชั่น,ศจฟ,07:05,07:09,13:30,381,1. อนุสรณ์ ทองประสม,รถ : รถแก้ไฟท่าอุเทน,"H.R.C. FUSE, BLADE CONTACT, 100 A",1,,2026-06-21
3283,21 มิ.ย. 2569,07:05,13:31,386,กฟส.ท่าอุเทน (XS),68-009993,16,ฝนตก ฟ้าคะนอง,ภัยธรรมชาติ-พายุฤดูร้อน/พายุดีเปรสชั่น,ศจฟ,07:05,07:09,13:33,384,1. อนุสรณ์ ทองประสม,รถ : รถแก้ไฟท่าอุเทน,FUSE LINK 22 KV. 3 A.EEI-NEMA TYPE K,1,,2026-06-21
3284,21 มิ.ย. 2569,07:05,13:34,389,กฟส.ท่าอุเทน (XS),NNA01VF-217,68,ฝนตก ฟ้าคะนอง,ภัยธรรมชาติ-พายุฤดูร้อน/พายุดีเปรสชั่น,ศจฟ,07:05,07:10,13:36,386,1. อนุสรณ์ ทองประสม,รถ : รถแก้ไฟท่าอุเทน,FUSE LINK 22 KV. 10 A.EEI-NEMA TYPE K,2,,2026-06-21
3285,21 มิ.ย. 2569,07:50,08:00,10,กฟส.โพนสวรรค์ (XS),5700404435,1,อากาศปกติ,อุปกรณ์-ชำรุด,ศจฟ,07:50,06:00,08:00,120,1. รวิชญ์ พรมน้อย,รถ : โพนสวรรค์-03,"CONN.,PG,DOUBLE BOLT,AL 25-95 SQ.MM.",2,,2026-06-21
3286,21 มิ.ย. 2569,11:31,11:30,0,กฟส.ศรีสงคราม (XS),63-018459,7,อากาศปกติ,อุปกรณ์-ชำรุด,ศจฟ,11:31,10:30,11:30,60,1. ศิลารักษ์ วิภา,รถ : ศรีสงคราม 01,FUSE LINK 22 KV. 3 A.EEI-NEMA TYPE K,2,,2026-06-21
3287,21 มิ.ย. 2569,12:48,12:30,0,กฟส.ศรีสงคราม (XS),BFA09VF-211,13,อากาศปกติ,สัตว์-งู,ศจฟ,12:48,11:40,12:40,60,1. ศิลารักษ์ วิภา,รถ : ศรีสงคราม 02,FUSE LINK 22 KV. 10 A.EEI-NEMA TYPE K,2,,2026-06-21
3288,21 มิ.ย. 2569,14:31,14:49,18,กฟส.ปลาปาก (XS),NNA07F-36/6-01,1,อากาศปกติ,ต้นไม้-ต้นไม้ล้มทับสาย,ศจฟ,14:31,14:43,14:55,12,1. ราชันย์ กุลสุทธิ์,รถ : รถแก้ไฟปลาปาก 01,FUSE LINK 22 KV. 15 A.EEI-NEMA TYPE K,2,,2026-06-21
3289,21 มิ.ย. 2569,14:37,14:59,22,กฟส.ปลาปาก (XS),49-003030,309,อากาศปกติ,อุปกรณ์-ชำรุด,ศจฟ,14:37,14:43,15:06,23,1. ราชันย์ กุลสุทธิ์,รถ : เลิกใช้,"CABLE,AL,750 V,50 SQ.MM. TIS.293",4,,2026-06-21
3290,21 มิ.ย. 2569,16:57,16:59,2,กฟส.ท่าอุเทน (XS),67-038467,23,ฝนตก ลมแรง,ต้นไม้-ต้นไม้ล้มทับสาย,ศจฟ,16:57,15:00,16:30,90,1. วีระพงษ์ วงตรี,รถ : รถแก้ไฟท่าอุเทน,"CABLE,AL,750 V,50 SQ.MM. TIS.293",30,,2026-06-21
3291,21 มิ.ย. 2569,17:14,17:17,3,กฟส.ท่าอุเทน (XS),NNA01VF-230,467,ฝนตก ลมแรง,ต้นไม้-กิ่งไม้หักพาดสาย,ศจฟ,17:14,16:32,17:07,35,1. วีระพงษ์ วงตรี,รถ : รถแก้ไฟท่าอุเทน,FUSE HOLDER 22 KV. 100 A. 12 KA.,1,,2026-06-21
3292,21 มิ.ย. 2569,20:27,20:49,22,กฟส.ธาตุพนม (S),59-008858,70,ฝนตก ลมแรง,ต้นไม้-กิ่งไม้หักพาดสาย,ศจฟ,20:27,20:28,21:01,33,1. อุทัย สุมินทร์,รถ : กระเช้าธาตุพนม,FUSE LINK 22 KV. 3 A.EEI-NEMA TYPE K,1,,2026-06-21
3293,21 มิ.ย. 2569,21:35,21:39,4,กฟส.ปลาปาก (XS),NNA07F-36/5,666,ฝนตก ลมแรง,ต้นไม้-กิ่งไม้หักพาดสาย,ศจฟ,21:35,21:36,22:40,64,1. ศักดิพัฒน์ บุราณเดช,รถ : รถแก้ไฟปลาปาก 01,FUSE LINK 22 KV. 25 A.EEI-NEMA TYPE K,3,,2026-06-21
3294,21 มิ.ย. 2569,21:36,23:00,84,กฟส.ธาตุพนม (S),THA05VF-029,14,ฝนตก ลมแรง,ต้นไม้-กิ่งไม้หักพาดสาย,ศจฟ,21:36,21:37,23:11,94,1. อุทัย สุมินทร์,รถ : กระเช้าธาตุพนม,"HOTLINE BAIL-CLAMP,MAIN 70-185 SQ.MM.",1,,2026-06-21
3295,21 มิ.ย. 2569,21:52,22:32,40,กฟจ.นครพนม (L),NNA07F-31,983,ฝนตก,ต้นไม้-กิ่งไม้หักพาดสาย,ศจฟ,21:52,21:53,22:34,41,1. ธำรงรัตน์ สระแก้ว  | 2. พิพัฒน์ พิมพ์ศรี  | 3. ภานุวัฒน์ สิงห์ทองไชย  | 4. หฤษฎ์ ถูระวัน,รถ : 3ฒภ 2576 กทม (นพ 01),FUSE LINK 22 KV. 15 A.EEI-NEMA TYPE K,2,,2026-06-21
3296,22 มิ.ย. 2569,07:05,08:11,66,กฟส.วังยาง (XS),54-002608,89,อากาศปกติ,อุปกรณ์-ชำรุด,ศจฟ,07:05,07:06,08:12,66,1. อนุรักษ์ วงค์จันดี,รถ : วย.01,FUSE LINK 22 KV. 5-6 A.EEI-NEMA TYPE K,1,,2026-06-22
3297,22 มิ.ย. 2569,07:06,11:33,267,กฟส.โพนสวรรค์ (XS),59-001678,41,ฝนตก ลมแรง,ภัยธรรมชาติ-พายุฤดูร้อน/พายุดีเปรสชั่น,ศจฟ,07:06,06:45,08:28,103,1. เพชราวุธ โพชราช,รถ : โพนสวรรค์-03,COVERED TIE WIRE.AL.4.0 MM.,1,,2026-06-22
3298,22 มิ.ย. 2569,07:25,07:39,14,กฟส.ปลาปาก (XS),NNA07F-56-04,440,ฝนตก,ภัยธรรมชาติ-พายุฤดูร้อน/พายุดีเปรสชั่น,ศจฟ,07:25,07:26,08:55,89,1. ศักดิพัฒน์ บุราณเดช,รถ : รถแก้ไฟปลาปาก 01,,,,2026-06-22
3299,22 มิ.ย. 2569,07:43,13:00,317,กฟส.ศรีสงคราม (XS),SSK02VF-015,1644,ฝนตก,ภัยธรรมชาติ-พายุฤดูร้อน/พายุดีเปรสชั่น,ศจฟ,07:43,11:30,13:00,90,1. ศิลารักษ์ วิภา,รถ : ศรีสงคราม 02,FUSE LINK 22 KV. 40 A.EEI-NEMA TYPE K,2,,2026-06-22
3300,22 มิ.ย. 2569,08:07,11:24,197,กฟส.โพนสวรรค์ (XS),63-018460,123,อากาศปกติ,อุปกรณ์-ชำรุด,ศจฟ,08:07,05:10,06:27,77,1. เพชราวุธ โพชราช,รถ : โพนสวรรค์-02,"H.R.C. FUSE, BLADE CONTACT, 80 A",1,,2026-06-22
3301,22 มิ.ย. 2569,10:44,11:09,24,กฟส.ปลาปาก (XS),NNA07F-36-2,322,อากาศปกติ,อุปกรณ์-ชำรุด,ศจฟ,10:44,10:45,11:17,32,1. สุธรรม จันทะผา,รถ : รถแก้ไฟปลาปาก 01,"DROPOUT,FUSE,22 KV.100 A.12 KA",1,,2026-06-22
3302,22 มิ.ย. 2569,11:20,12:21,61,กฟส.นาทม (XS),SSK08F-91,48,อากาศปกติ,อุปกรณ์-ชำรุด,ศจฟ,11:20,11:21,12:27,66,1. วราวุธ นาขมิ้น,รถ : นาทม 02,FUSE LINK 22 KV. 10 A.EEI-NEMA TYPE K,2,,2026-06-22
3303,22 มิ.ย. 2569,17:38,18:20,42,กฟจ.นครพนม (L),NNA01VF-031,1,อากาศปกติ,อุปกรณ์-ติดตั้งไม่ได้มาตรฐาน,ศจฟ,17:38,17:00,19:00,120,1. ทศวรรษ มังคละคีรี  | 2. ธนัช บัวศรี  | 3. ธราดล โทพล  | 4. สุรวุฒิ สุขแสงดาว  | 5. อนุสรณ์ พนมศักดิ์,รถ : รถกระเช้า (04),,,,2026-06-22
3304,22 มิ.ย. 2569,18:53,20:23,90,กฟส.ปลาปาก (XS),THA02F-38/1,258,ลมแรง,สภาพสิ่งแวดล้อม-สภาพสิ่งแวดล้อมอื่นๆ,ศจฟ,18:53,18:25,19:35,70,1. บิณฑ์ นารินทร์รักษ์,รถ : รถแก้ไฟปลาปาก 01,FUSE LINK 22 KV. 25 A.EEI-NEMA TYPE K,1,,2026-06-22
3305,22 มิ.ย. 2569,19:58,20:39,40,กฟส.นาแก (S),THA03VF-205,96,อากาศปกติ,อุปกรณ์-ชำรุด,ศจฟ,19:58,19:59,20:41,42,1. ธีระวัฒน์ สิงนวน,รถ : นก-03,FUSE LINK 22 KV. 10 A.EEI-NEMA TYPE K,1,,2026-06-22
3306,22 มิ.ย. 2569,20:19,19:50,0,กฟจ.นครพนม (L),NNA01VF-072,54,อากาศปกติ,อุปกรณ์-ชำรุด,ศจฟ,20:19,19:00,19:50,50,1. ทศวรรษ มังคละคีรี  | 2. สุรวุฒิ สุขแสงดาว,รถ : 81-1269 นพ (นพ 03),FUSE LINK 22 KV. 15 A.EEI-NEMA TYPE K,2,,2026-06-22
3307,22 มิ.ย. 2569,20:51,20:55,4,กฟส.โพนสวรรค์ (XS),NNA01F-42,38,อากาศปกติ,อุปกรณ์-ชำรุด,ศจฟ,20:51,19:00,20:50,110,1. รวิชญ์ พรมน้อย,รถ : โพนสวรรค์-03,FUSE LINK 22 KV. 15 A.EEI-NEMA TYPE K,1,,2026-06-22
3308,23 มิ.ย. 2569,06:40,06:45,5,กฟจ.นครพนม (L),NNB01VF-003,990,อากาศปกติ,อุปกรณ์-ชำรุด,ศจฟ,06:40,06:20,07:00,40,1. ทศวรรษ มังคละคีรี  | 2. ธำรงรัตน์ สระแก้ว  | 3. หิรัญ พลไกรสร,รถ : 81-1269 นพ (นพ 03),FUSE LINK 22 KV. 30 A.EEI-NEMA TYPE K,2,,2026-06-23
3309,23 มิ.ย. 2569,06:42,08:14,91,กฟส.เรณูนคร (XS),66-018364,64,อากาศปกติ,อุปกรณ์-ชำรุด,ศจฟ,06:42,06:32,08:22,110,1. พงศวัชร์ ธัญภัทร์อนันต์,รถ : 80-7964 นพ รณ.01,FUSE LINK 22 KV. 15 A.EEI-NEMA TYPE K,1,,2026-06-23
3310,23 มิ.ย. 2569,06:54,06:57,3,กฟส.ศรีสงคราม (XS),SSK06VF-002,7,อากาศปกติ,สัตว์-งู,ศจฟ,06:54,06:56,07:45,49,1. วุฒิชัย เหมเมือง,รถ : ศรีสงคราม 01,FUSE LINK 22 KV. 8 A.EEI-NEMA TYPE K,2,,2026-06-23
3311,23 มิ.ย. 2569,07:02,08:53,111,กฟส.ท่าอุเทน (XS),NNA01VF-230,467,ลมแรง,สัตว์-งู,ศจฟ,07:02,06:02,08:55,173,1. อภิรักษ์ สาตะรักษ์,รถ : รถแก้ไฟท่าอุเทน,FUSE LINK 22 KV. 30 A.EEI-NEMA TYPE K,2,,2026-06-23
3312,23 มิ.ย. 2569,07:24,07:31,7,กฟส.โพนสวรรค์ (XS),SSK07F-05,334,อากาศปกติ,อุปกรณ์-ชำรุด,ศจฟ,07:24,05:30,07:30,120,1. รวิชญ์ พรมน้อย,รถ : โพนสวรรค์-03,FUSE LINK 22 KV. 25 A.EEI-NEMA TYPE K,1,,2026-06-23
3313,23 มิ.ย. 2569,09:04,09:12,8,กฟส.โพนสวรรค์ (XS),25034714,1,อากาศปกติ,อุปกรณ์-ชำรุด,ศจฟ,09:04,07:30,08:30,60,1. รวิชญ์ พรมน้อย,รถ : โพนสวรรค์-02,"CONN.,PG,DOUBLE BOLT,AL 25-95 SQ.MM.",2,,2026-06-23
3314,23 มิ.ย. 2569,09:19,09:26,7,กฟส.ศรีสงคราม (XS),MNB01F-01,15,อากาศปกติ,อุปกรณ์-ชำรุด,ศจฟ,09:19,09:22,09:32,10,1. วุฒิชัย เหมเมือง,รถ : ศรีสงคราม 02,FUSE LINK 22 KV. 8 A.EEI-NEMA TYPE K,1,,2026-06-23
3315,23 มิ.ย. 2569,09:34,09:47,13,กฟส.ศรีสงคราม (XS),SSK01VF-022,18,อากาศปกติ,อุปกรณ์-ชำรุด,ศจฟ,09:34,09:35,10:00,25,1. วุฒิชัย เหมเมือง,รถ : ศรีสงคราม 02,FUSE LINK 22 KV. 15 A.EEI-NEMA TYPE K,1,,2026-06-23
3316,23 มิ.ย. 2569,10:00,10:40,40,กฟส.นาทม (XS),SEK03F-85,44,อากาศปกติ,อุปกรณ์-ชำรุด,ศจฟ,10:00,10:01,10:50,49,1. วราวุธ นาขมิ้น,รถ : นาทม 02,FUSE LINK 22 KV. 20 A.EEI-NEMA TYPE K,1,,2026-06-23
3317,23 มิ.ย. 2569,10:38,11:10,31,กฟจ.นครพนม (L),NNA07F-42,41,อากาศปกติ,สัตว์-งู,ศจฟ,10:38,10:43,11:14,31,1. จันทะคาด บัวเคน  | 2. นลธวัช ศรีหาเศษ  | 3. พงษ์สนิจ ศรีวิชัย,รถ : 81-1269 นพ (นพ 03),FUSE LINK 22 KV. 25 A.EEI-NEMA TYPE K,1,,2026-06-23
3318,23 มิ.ย. 2569,10:44,09:10,0,กฟส.บ้านแพง (S),BFA10VF-101,532,ฝนตก,อุปกรณ์-ชำรุด,ศจฟ,10:44,09:10,09:45,35,1. รชานนท์ โมธรรม,รถ : กระเช้าบ้านแพง,FUSE LINK 22 KV. 25 A.EEI-NEMA TYPE K,2,,2026-06-23
3319,23 มิ.ย. 2569,10:52,11:45,53,กฟส.ศรีสงคราม (XS),SSK02VF-022,4,อากาศปกติ,ต้นไม้-กิ่งไม้หักพาดสาย,ศจฟ,10:52,10:53,12:02,69,1. วุฒิชัย เหมเมือง,รถ : ศรีสงคราม 02,FUSE LINK 22 KV. 10 A.EEI-NEMA TYPE K,3,,2026-06-23
3320,23 มิ.ย. 2569,10:59,13:00,121,กฟส.ธาตุพนม (S),THA05VF-004,326,ลมแรง,ต้นไม้-กิ่งไม้หักพาดสาย,ศจฟ,10:59,11:00,13:08,128,1. นรากร แสนโสม,รถ : ธพ 03,FUSE LINK 22 KV. 30 A.EEI-NEMA TYPE K,3,,2026-06-23
3321,23 มิ.ย. 2569,11:26,14:30,184,กฟส.ธาตุพนม (S),66-016446,46,อากาศปกติ,ต้นไม้-กิ่งไม้หักพาดสาย,ศจฟ,11:26,11:27,14:40,193,1. นรากร แสนโสม,รถ : ธพ 03,"H.R.C. FUSE, BLADE CONTACT, 80 A",2,,2026-06-23
3322,23 มิ.ย. 2569,11:28,14:00,152,กฟส.ธาตุพนม (S),THA01VF-016,814,อากาศปกติ,ต้นไม้-กิ่งไม้หักพาดสาย,ศจฟ,11:28,11:29,14:08,159,1. นรากร แสนโสม,รถ : ธพ 03,FUSE LINK 22 KV. 30 A.EEI-NEMA TYPE K,2,,2026-06-23
3323,23 มิ.ย. 2569,13:43,13:53,10,กฟส.บ้านแพง (S),54-940111,20,ฝนตก,ภัยธรรมชาติ-พายุฤดูร้อน/พายุดีเปรสชั่น,ศจฟ,13:43,12:30,13:50,80,1. รชานนท์ โมธรรม,รถ : กระเช้าบ้านแพง,"CABLE,AL,750 V,50 SQ.MM. TIS.293",10,,2026-06-23
3324,23 มิ.ย. 2569,13:50,16:08,138,กฟส.ศรีสงคราม (XS),BFA01VF-205,632,อากาศปกติ,ภัยธรรมชาติ-พายุฤดูร้อน/พายุดีเปรสชั่น,ศจฟ,13:50,13:51,14:45,54,1. วุฒิชัย เหมเมือง,รถ : ศรีสงคราม 02,FUSE LINK 22 KV. 25 A.EEI-NEMA TYPE K,2,,2026-06-23
3325,23 มิ.ย. 2569,14:11,14:22,11,กฟจ.นครพนม (L),6602728338,1,อากาศปกติ,ภัยธรรมชาติ-พายุฤดูร้อน/พายุดีเปรสชั่น,ศจฟ,14:11,14:12,14:25,13,1. จันทะคาด บัวเคน  | 2. นลธวัช ศรีหาเศษ  | 3. พงษ์สนิจ ศรีวิชัย,รถ : 81-1269 นพ (นพ 03),"CONN.,PG,DOUBLE BOLT,AL 16-70 SQ.MM.",2,,2026-06-23
3326,23 มิ.ย. 2569,14:32,15:02,29,กฟจ.นครพนม (L),5800329271,1,อากาศปกติ,ภัยธรรมชาติ-พายุฤดูร้อน/พายุดีเปรสชั่น,ศจฟ,14:32,14:45,15:05,20,1. จันทะคาด บัวเคน  | 2. นลธวัช ศรีหาเศษ  | 3. พงษ์สนิจ ศรีวิชัย,รถ : 81-1269 นพ (นพ 03),"CONN.,PG,DOUBLE BOLT,AL 16-70 SQ.MM.",2,,2026-06-23
3327,23 มิ.ย. 2569,15:40,16:05,24,กฟจ.นครพนม (L),20473446,1,อากาศปกติ,ภัยธรรมชาติ-พายุฤดูร้อน/พายุดีเปรสชั่น,ศจฟ,15:40,15:41,16:09,28,1. จันทะคาด บัวเคน  | 2. นลธวัช ศรีหาเศษ  | 3. พงษ์สนิจ ศรีวิชัย,รถ : 81-1269 นพ (นพ 03),"CONN.,PG,DOUBLE BOLT,AL 25-95 SQ.MM.",2,,2026-06-23
3328,23 มิ.ย. 2569,17:35,17:44,9,กฟส.ธาตุพนม (S),THA01VF-048,19,อากาศปกติ,ภัยธรรมชาติ-พายุฤดูร้อน/พายุดีเปรสชั่น,ศจฟ,17:35,17:36,17:46,10,1. นรากร แสนโสม  | 2. พงศวัชร์ ธัญภัทร์อนันต์,รถ : ธพ 03,FUSE LINK 22 KV. 15 A.EEI-NEMA TYPE K,2,,2026-06-23
3329,23 มิ.ย. 2569,18:04,18:22,18,กฟส.ธาตุพนม (S),THA02VF-032,100,ลมแรง,ภัยธรรมชาติ-พายุฤดูร้อน/พายุดีเปรสชั่น,ศจฟ,18:04,18:05,18:23,18,1. นรากร แสนโสม  | 2. พงศวัชร์ ธัญภัทร์อนันต์,รถ : ธพ 03,FUSE LINK 22 KV. 20 A.EEI-NEMA TYPE K,3,,2026-06-23
3330,23 มิ.ย. 2569,21:18,21:00,0,กฟส.บ้านแพง (S),20922108,1,อากาศปกติ,อุปกรณ์-ชำรุด,ศจฟ,21:18,20:30,21:00,30,1. ทศพร เจริญสว่าง,รถ : กระเช้าบ้านแพง,"CONN.,PG,DOUBLE BOLT,AL 25-95 SQ.MM.",2,,2026-06-23
3331,24 มิ.ย. 2569,07:17,02:50,0,กฟจ.นครพนม (L),THA06VF-063,408,อากาศปกติ,ต้นไม้-ลมพัดต้นไม้มาแตะสาย,ศจฟ,07:17,02:00,03:40,1540,1. กิติศักดิ์ หาราช  | 2. ณัฏฐศรันย์ อันทระบุตร  | 3. ศักดิ์อนันต์ แสนเมือง,รถ : 3ฒภ 2576 กทม (นพ 01),FUSE LINK 22 KV. 30 A.EEI-NEMA TYPE K,2,,2026-06-24
3332,24 มิ.ย. 2569,07:18,01:30,0,กฟจ.นครพนม (L),NNA10VF-001-5,931,อากาศปกติ,ต้นไม้-ลมพัดต้นไม้มาแตะสาย,ศจฟ,07:18,01:00,01:50,1490,1. กิติศักดิ์ หาราช  | 2. ณัฏฐศรันย์ อันทระบุตร  | 3. ศักดิ์อนันต์ แสนเมือง,รถ : 3ฒภ 2576 กทม (นพ 01),FUSE LINK 22 KV. 40 A.EEI-NEMA TYPE K,2,,2026-06-24
3333,24 มิ.ย. 2569,08:36,07:51,0,กฟส.โพนสวรรค์ (XS),58-001388,19,ลมแรง,สัตว์-กระรอก/กระแต/หนู,ศจฟ,08:36,03:00,04:40,100,1. สุทธิเกียรติ บุญรังษี,รถ : โพนสวรรค์-03,FUSE LINK 22 KV. 5-6 A.EEI-NEMA TYPE K,2,,2026-06-24
3334,24 มิ.ย. 2569,08:44,09:08,24,กฟส.นาหว้า (XS),SSK06F-12,782,ลมแรง,สัตว์-กระรอก/กระแต/หนู,ศจฟ,08:44,08:46,09:10,24,1. อัมรินทร์ วะราวัง,รถ : นาหว้า 02,FUSE LINK 22 KV. 25 A.EEI-NEMA TYPE K,3,,2026-06-24
3335,24 มิ.ย. 2569,08:46,10:25,99,กฟส.เรณูนคร (XS),66-007272,30,อากาศปกติ,ต้นไม้-ต้นไม้เลื้อย/โตมาแตะสาย,ศจฟ,08:46,08:48,10:10,82,1. ณวุฒิ กลางประพันธ์,รถ : 80-7964 นพ รณ.01,"CABLE,AERIAL,AL 22 KV. 1X50 SQ.MM.",5,,2026-06-24
3336,24 มิ.ย. 2569,09:57,10:58,61,กฟส.ธาตุพนม (S),THA05VF-020,2,อากาศปกติ,ต้นไม้-ต้นไม้เลื้อย/โตมาแตะสาย,ศจฟ,09:57,09:58,11:00,62,1. ณวุฒิ กลางประพันธ์  | 2. นรากร แสนโสม,รถ : กระเช้าธาตุพนม,FUSE LINK 22 KV. 20 A.EEI-NEMA TYPE K,3,,2026-06-24
3337,24 มิ.ย. 2569,10:23,10:29,6,กฟส.นาหว้า (XS),SSK04VF-153,602,อากาศปกติ,ต้นไม้-ต้นไม้เลื้อย/โตมาแตะสาย,ศจฟ,10:23,10:25,10:31,6,1. อัมรินทร์ วะราวัง,รถ : นาหว้า 02,"CONN.,PG,TRIPLE BOLT,AL70-18S SQ.MM.",3,,2026-06-24
3338,24 มิ.ย. 2569,10:27,11:19,51,กฟส.เรณูนคร (XS),THA02F-65,521,อากาศปกติ,สัตว์-งู,ศจฟ,10:27,10:20,11:20,60,1. ณวุฒิ กลางประพันธ์,รถ : 80-7964 นพ รณ.01,FUSE LINK 22 KV. 20 A.EEI-NEMA TYPE K,2,,2026-06-24
3339,24 มิ.ย. 2569,11:02,11:45,42,กฟส.ศรีสงคราม (XS),SSK02VF-020,748,อากาศปกติ,บุคคลภายนอก-คนตัดต้นไม้,ศจฟ,11:02,11:03,12:05,62,1. ปัญจพงษ์ เศรษฐาไชย,รถ : ศรีสงคราม 03,FUSE LINK 22 KV. 15 A.EEI-NEMA TYPE K,3,,2026-06-24
3340,24 มิ.ย. 2569,11:28,11:58,29,กฟส.ธาตุพนม (S),THA05VF-029,14,อากาศปกติ,บุคคลภายนอก-คนตัดต้นไม้,ศจฟ,11:28,11:30,12:01,31,1. ณวุฒิ กลางประพันธ์  | 2. นรากร แสนโสม,รถ : กระเช้าธาตุพนม,FUSE LINK 22 KV. 15 A.EEI-NEMA TYPE K,2,,2026-06-24
3341,24 มิ.ย. 2569,19:01,19:39,38,กฟส.โพนสวรรค์ (XS),60-003699,169,อากาศปกติ,ภัยธรรมชาติ-พายุฤดูร้อน/พายุดีเปรสชั่น,ศจฟ,19:01,18:00,19:30,90,1. วรัญญู สังรวมใจ,รถ : โพนสวรรค์-03,FUSE LINK 22 KV. 3 A.EEI-NEMA TYPE K,1,,2026-06-24
3342,24 มิ.ย. 2569,21:00,21:04,4,กฟส.นาแก (S),THA03VF-216,19,อากาศปกติ,สัตว์-งู,ศจฟ,21:00,21:02,21:13,11,1. พิษณุ คำคนซื่อ,รถ : นก-03,FUSE LINK 22 KV. 10 A.EEI-NEMA TYPE K,1,,2026-06-24
3343,25 มิ.ย. 2569,04:37,05:59,82,กฟส.โพนสวรรค์ (XS),60-004817,102,อากาศปกติ,ภัยธรรมชาติ-พายุฤดูร้อน/พายุดีเปรสชั่น,ศจฟ,04:37,01:00,02:20,80,1. วรัญญู สังรวมใจ,รถ : โพนสวรรค์-03,"H.R.C. FUSE, BLADE CONTACT, 100 A",1,,2026-06-25
3344,25 มิ.ย. 2569,04:38,06:02,84,กฟส.โพนสวรรค์ (XS),46-007338,228,อากาศปกติ,ภัยธรรมชาติ-พายุฤดูร้อน/พายุดีเปรสชั่น,ศจฟ,04:38,02:25,03:50,85,1. วรัญญู สังรวมใจ,รถ : โพนสวรรค์-03,"H.R.C. FUSE, BLADE CONTACT, 160 A",1,,2026-06-25
3345,25 มิ.ย. 2569,06:18,06:20,2,กฟส.โพนสวรรค์ (XS),NNA01F-39,527,ลมแรง,ต้นไม้-กิ่งไม้หักพาดสาย,ศจฟ,06:18,04:00,06:05,125,1. วรัญญู สังรวมใจ,รถ : โพนสวรรค์-03,FUSE LINK 22 KV. 30 A.EEI-NEMA TYPE K,1,,2026-06-25
3346,25 มิ.ย. 2569,06:36,14:05,449,กฟจ.นครพนม (L),NNA04F-77-7,6,อากาศปกติ,สัตว์-นก/ค้างคาว,ศจฟ,06:36,06:37,14:07,450,1. พิพัฒน์ นะระทะ  | 2. หฤษฎ์ ถูระวัน  | 3. หิรัญ พลไกรสร,รถ : 3ฒภ 2576 กทม (นพ 01),FUSE LINK 22 KV. 20 A.EEI-NEMA TYPE K,3,,2026-06-25
3347,25 มิ.ย. 2569,07:34,14:08,394,กฟจ.นครพนม (L),NNA07F-41,268,อากาศปกติ,สัตว์-กระรอก/กระแต/หนู,ศจฟ,07:34,07:36,14:10,394,1. พิพัฒน์ นะระทะ  | 2. หฤษฎ์ ถูระวัน  | 3. หิรัญ พลไกรสร,รถ : 3ฒภ 2576 กทม (นพ 01),FUSE HOLDER 22 KV. 100 A. 12 KA.,1,,2026-06-25
3348,25 มิ.ย. 2569,09:46,09:10,0,กฟจ.นครพนม (L),NNA01VF-050,9,อากาศปกติ,โหลดเกินพิกัด-โหลดเกินพิกัด,ศจฟ,09:46,08:40,09:30,50,1. กิติศักดิ์ หาราช  | 2. ประจล ศรีสุราช  | 3. ศักดิ์อนันต์ แสนเมือง,รถ : 3ฒภ 2576 กทม (นพ 01),FUSE LINK 22 KV. 40 A.EEI-NEMA TYPE K,1,,2026-06-25
3349,25 มิ.ย. 2569,11:00,10:30,0,กฟจ.นครพนม (L),65-008693,2,อากาศปกติ,อุปกรณ์-ชำรุด,ศจฟ,11:00,09:50,13:00,190,1. กิติศักดิ์ หาราช  | 2. ประจล ศรีสุราช  | 3. ศักดิ์อนันต์ แสนเมือง,รถ : 3ฒภ 2576 กทม (นพ 01),"CABLE,AL,750 V,50 SQ.MM. TIS.293",5,,2026-06-25
3350,25 มิ.ย. 2569,12:36,11:40,0,กฟจ.นครพนม (L),5800329271,1,อากาศปกติ,อุปกรณ์-ชำรุด,ศจฟ,12:36,11:00,12:00,60,1. กิติศักดิ์ หาราช  | 2. ประจล ศรีสุราช  | 3. ศักดิ์อนันต์ แสนเมือง,รถ : 3ฒภ 2576 กทม (นพ 01),"CABLE,AL,750 V,50 SQ.MM. TIS.293",5,,2026-06-25
3351,25 มิ.ย. 2569,13:05,13:50,45,กฟจ.นครพนม (L),NNA01VF-059,103,อากาศปกติ,อุปกรณ์-ชำรุด,ศจฟ,13:05,13:00,14:20,80,1. กิติศักดิ์ หาราช  | 2. ประจล ศรีสุราช  | 3. ศักดิ์อนันต์ แสนเมือง,รถ : 3ฒภ 2576 กทม (นพ 01),FUSE LINK 22 KV. 15 A.EEI-NEMA TYPE K,2,,2026-06-25
3352,25 มิ.ย. 2569,13:17,13:40,22,กฟส.ศรีสงคราม (XS),SSK08VF-031,276,อากาศปกติ,สัตว์-งู,ศจฟ,13:17,13:18,13:50,32,1. เชาวลิต หัสรินทร์,รถ : ศรีสงคราม 01,FUSE LINK 22 KV. 20 A.EEI-NEMA TYPE K,2,,2026-06-25
3353,25 มิ.ย. 2569,15:40,16:20,40,กฟส.ธาตุพนม (S),THA02VF-032,100,ลมแรง,สัตว์-งู,ศจฟ,15:40,15:51,16:21,30,1. ณวุฒิ กลางประพันธ์  | 2. นรากร แสนโสม,รถ : กระเช้าธาตุพนม,FUSE LINK 22 KV. 20 A.EEI-NEMA TYPE K,2,,2026-06-25
3354,25 มิ.ย. 2569,16:25,18:50,145,กฟส.ธาตุพนม (S),THA06VF-035,49,ลมแรง,ต้นไม้-กิ่งไม้หักพาดสาย,ศจฟ,16:25,16:30,17:22,52,1. ณวุฒิ กลางประพันธ์  | 2. นรากร แสนโสม,รถ : กระเช้าธาตุพนม,FUSE LINK 22 KV. 20 A.EEI-NEMA TYPE K,2,,2026-06-25
3355,25 มิ.ย. 2569,20:00,20:38,38,กฟส.นาหว้า (XS),SSK06F-10/2,374,ลมแรง,ต้นไม้-กิ่งไม้หักพาดสาย,ศจฟ,20:00,20:35,20:39,4,1. อัมรินทร์ วะราวัง,รถ : นาหว้า 02,FUSE LINK 22 KV. 25 A.EEI-NEMA TYPE K,3,,2026-06-25
3356,25 มิ.ย. 2569,21:00,22:00,60,กฟส.ธาตุพนม (S),THA06VF-048,311,ลมแรง,ต้นไม้-กิ่งไม้หักพาดสาย,ศจฟ,21:00,21:48,22:03,15,1. นรากร แสนโสม,รถ : กระเช้าธาตุพนม,FUSE LINK 22 KV. 20 A.EEI-NEMA TYPE K,3,,2026-06-25
3357,25 มิ.ย. 2569,22:00,22:10,10,กฟจ.นครพนม (L),NNA04F-26/1,138,ลมแรง,ต้นไม้-กิ่งไม้หักพาดสาย,ศจฟ,22:00,21:46,22:31,45,1. ถวิล เมษาคุณ  | 2. ทศวรรษ มังคละคีรี,รถ : 3ฒภ 2576 กทม (นพ 01),FUSE LINK 22 KV. 10 A.EEI-NEMA TYPE K,2,,2026-06-25
3358,26 มิ.ย. 2569,06:30,07:00,29,กฟส.ศรีสงคราม (XS),BFA01VF-205,632,ลมแรง,ต้นไม้-ลมพัดต้นไม้มาแตะสาย,ศจฟ,06:30,06:00,07:00,60,1. ศิลารักษ์ วิภา,รถ : ศรีสงคราม 01,FUSE LINK 22 KV. 30 A.EEI-NEMA TYPE K,2,,2026-06-26
3359,26 มิ.ย. 2569,07:00,07:15,15,กฟส.ปลาปาก (XS),NNA07F-56,1187,ฝนตก ลมแรง,ต้นไม้-กิ่งไม้หักพาดสาย,ศจฟ,07:00,07:01,07:17,16,1. ราชันย์ กุลสุทธิ์,รถ : รถแก้ไฟปลาปาก 01,FUSE LINK 22 KV. 30 A.EEI-NEMA TYPE K,2,,2026-06-26
3360,26 มิ.ย. 2569,07:00,08:22,82,กฟส.โพนสวรรค์ (XS),NNA01F-46,13065,อากาศปกติ,ต้นไม้-กิ่งไม้หักพาดสาย,ศจฟ,07:00,07:10,08:24,74,1. ทรงกลด มาศศรี,รถ : โพนสวรรค์-03,FUSE LINK 22 KV. 25 A.EEI-NEMA TYPE K,2,,2026-06-26
3361,26 มิ.ย. 2569,07:10,08:10,60,กฟส.ท่าอุเทน (XS),56-008553,144,ฝนตก ฟ้าคะนอง,ต้นไม้-กิ่งไม้หักพาดสาย,ศจฟ,07:10,07:21,08:43,82,1. สุรธวัช วุฒิสาร  | 2. อนุสรณ์ ทองประสม,รถ : รถแก้ไฟท่าอุเทน,FUSE LINK 22 KV. 5-6 A.EEI-NEMA TYPE K,1,,2026-06-26
3362,26 มิ.ย. 2569,07:40,08:44,64,กฟส.ท่าอุเทน (XS),SSK02VF-237,11,ฝนตก ฟ้าคะนอง,ต้นไม้-กิ่งไม้หักพาดสาย,ศจฟ,07:40,07:55,08:46,51,1. สุรธวัช วุฒิสาร  | 2. อนุสรณ์ ทองประสม,รถ : รถแก้ไฟท่าอุเทน,FUSE LINK 22 KV. 5-6 A.EEI-NEMA TYPE K,1,,2026-06-26
3363,26 มิ.ย. 2569,08:14,09:57,103,กฟส.ท่าอุเทน (XS),SSK02VF-215,400,ฝนตก,สัตว์-นก/ค้างคาว,ศจฟ,08:14,08:15,09:59,104,1. สุรธวัช วุฒิสาร  | 2. อนุสรณ์ ทองประสม,รถ : รถแก้ไฟท่าอุเทน,FUSE LINK 22 KV. 20 A.EEI-NEMA TYPE K,1,,2026-06-26
3364,26 มิ.ย. 2569,08:24,09:00,36,กฟส.ศรีสงคราม (XS),SSK01VF-028,231,ลมแรง,สัตว์-นก/ค้างคาว,ศจฟ,08:24,08:00,09:06,66,1. ศิลารักษ์ วิภา,รถ : ศรีสงคราม 02,FUSE LINK 22 KV. 20 A.EEI-NEMA TYPE K,2,,2026-06-26
